,Train R²,Test R²
Linear Regression,0.9387387428605112,0.9294350750284052
Ridge Regression,0.9387269123142659,0.9293448299377634
Lasso Regression,0.9387332169394362,0.9293867403651466
Random Forest,0.9984663274923083,0.9904768159508542
XGBoost,0.9999963100509275,0.9889079954139597
