,Train R²,Test R²
Linear Regression,0.9315663523681874,0.9388312480326263
Ridge Regression,0.9315356160028343,0.9385045656227033
Lasso Regression,0.9315520576675224,0.9386968376478048
Random Forest,0.9982552844625278,0.997744504283262
XGBoost,0.9999973875012216,0.9990448376036484
