,Train R²,Test R²
Linear Regression,0.9389583538972318,0.9658606450081764
Ridge Regression,0.9389197860567114,0.9657158955799175
Lasso Regression,0.9389404517344853,0.9658719584686625
Random Forest,0.9969652631940402,0.9988825014179529
XGBoost,0.9999990803096549,0.9990385346817523
