,Train R²,Test R²
Linear Regression,0.9494404689271436,0.8692348954727951
Ridge Regression,0.9494042014011951,0.870490512442798
Lasso Regression,0.9494176584521995,0.8706722896475393
Random Forest,0.9997177128934809,0.9392040078809507
XGBoost,0.9999984848888306,0.9392709668376382
