,Train R²,Test R²
Linear Regression,0.9280270874728591,0.9507498140940714
Ridge Regression,0.9279800647488285,0.950340799529768
Lasso Regression,0.9280095962205271,0.9505725206833707
Random Forest,0.9984243135484061,0.999433855664989
XGBoost,0.9999978940557389,0.9999252483553808
