,Train R²,Test R²
Linear Regression,0.9450945579075755,0.8900161824671327
Ridge Regression,0.9450527343204352,0.8916374351100346
Lasso Regression,0.9450734601193795,0.8915274457199648
Random Forest,0.9997500981565463,0.9431329134744961
XGBoost,0.999998729909683,0.9434721407496827
