,Train R²,Test R²
Linear Regression,0.9303970195797558,0.9484355276697806
Ridge Regression,0.9303607447331291,0.9481478859826423
Lasso Regression,0.9303813758969788,0.9482793441511098
Random Forest,0.9983503555290896,0.9963804867994042
XGBoost,0.9999967530492526,0.9978610180476881
