,Train R²,Test R²
Linear Regression,0.9487465177144231,0.9559794442636512
Ridge Regression,0.948732991909309,0.9558991253072832
Lasso Regression,0.948742411399367,0.9560048477422435
Random Forest,0.9983593933702347,0.9902767707491972
XGBoost,0.9999958155851301,0.9925507680324024
