,Train R²,Test R²
Linear Regression,0.927093712493372,0.9588274117366844
Ridge Regression,0.9270589880108466,0.9586490120070137
Lasso Regression,0.927077405584211,0.9584891244241
Random Forest,0.9982965663182671,0.9982394940227607
XGBoost,0.9999974110838831,0.9981564603843142
