,Train R²,Test R²
Linear Regression,0.9318664864083324,0.9527792205333185
Ridge Regression,0.9318450618004163,0.9525568133992944
Lasso Regression,0.9318497330927571,0.9526765886145391
Random Forest,0.9983711181824357,0.9986485128154119
XGBoost,0.999998455625241,0.9987398359657279
