,Train R²,Test R²
Linear Regression,0.9330942334629417,-1.5696545791439743e+19
Ridge Regression,0.9269472993248794,0.9453064976189894
Lasso Regression,0.9269711007338043,0.9455090402777966
Random Forest,0.9972360171286552,0.9999072749554926
XGBoost,0.9999984101292614,0.9999341686750666
