,Train R²,Test R²
Linear Regression,0.9335441589718364,0.956298206408813
Ridge Regression,0.9334505456781259,0.9571452673086479
Lasso Regression,0.9335277341487677,0.956878127804884
Random Forest,0.9920663033524014,0.9996464461380858
XGBoost,0.9999992649836418,0.9997894643491779
