,Train R²,Test R²
Linear Regression,0.9462612223395926,-1.526208934671081e+19
Ridge Regression,0.9395620047032045,0.8884343908828991
Lasso Regression,0.9396057341447778,0.8877235558621502
Random Forest,0.9997530687963977,0.9418442796204249
XGBoost,0.9999984524964278,0.9495009793600426
