,Train R²,Test R²
Linear Regression,0.9353196933183617,-1.0956774414247492e+19
Ridge Regression,0.9302065392822183,0.945147933810659
Lasso Regression,0.9302272654469412,0.9453099974415051
Random Forest,0.9978417859455114,0.993280966778832
XGBoost,0.999997071942738,0.990740085089368
