,Train R²,Test R²
Linear Regression,0.9427994647890383,0.880584747611873
Ridge Regression,0.9427502384243888,0.8817453999759227
Lasso Regression,0.9427777794887345,0.8816826292970448
Random Forest,0.9996861746985756,0.9457003103641145
XGBoost,0.999998252514883,0.9467028715167998
