,Train R²,Test R²
Linear Regression,0.9335486021893376,0.9431400911409651
Ridge Regression,0.9334592766904647,0.9433173212918783
Lasso Regression,0.9335307956636448,0.9436477426405484
Random Forest,0.9955140644979218,0.999634007338372
XGBoost,0.9999991643142246,0.9997862849389709
