,Train R²,Test R²
Linear Regression,0.9393821215026747,0.916440347929462
Ridge Regression,0.9390240183161683,0.9323031164727962
Lasso Regression,0.939354416101164,0.9212693744808191
Random Forest,0.9928489938784995,0.9971583274897482
XGBoost,0.9999994517679989,0.9947740807683831
