,MSE,R²,Correlation
Linear Regression,59.03155505228833,0.9621774763086856,0.9821599873005729
Ridge Regression,56.18835046073965,0.963999165961412,0.9828111971131043
Lasso Regression,58.66417542356563,0.9624128626998921,0.9822462787299779
Random Forest,0.6783723798182016,0.9995653552513655,0.9997934813799915
XGBoost,0.49354642388317116,0.9996837763922439,0.9999116681996075
