,Train R²,Test R²
Linear Regression,0.94171240773651,0.8869741911397498
Ridge Regression,0.9416660087859388,0.8882407294327623
Lasso Regression,0.9416914593292885,0.8882398814136461
Random Forest,0.9996768753783375,0.9434814849255441
XGBoost,0.999998656828159,0.9437199929612436
