,Train R²,Test R²
Linear Regression,0.9445920680397182,0.9442351420047381
Ridge Regression,0.9445789795599691,0.9442946311939319
Lasso Regression,0.9445867060070363,0.9442665780141191
Random Forest,0.9985296470800263,0.9906668912322756
XGBoost,0.9999962486988574,0.9898504078507765
