,Train R²,Test R²
Linear Regression,0.9332130959074451,0.9445056755456563
Ridge Regression,0.9331595927774791,0.9447983211379736
Lasso Regression,0.9331960780007225,0.9447197687521861
Random Forest,0.9985954718911552,0.9953022765220931
XGBoost,0.9999979046800903,0.9943088472475541
