,Train R²,Test R²
Linear Regression,0.9360158518386729,-1.1532766494421588e+19
Ridge Regression,0.9309070283006051,0.945495624395681
Lasso Regression,0.9309259039796066,0.9457549813936982
Random Forest,0.998279295229746,0.9978965802427433
XGBoost,0.9999971398036862,0.9980800672019279
