,Train R²,Test R²
Linear Regression,0.9407047868371193,0.9258615757045611
Ridge Regression,0.9405204756078743,0.9314805444801993
Lasso Regression,0.9406857327893775,0.9277256830875867
Random Forest,0.9929233735215354,0.9880007784102659
XGBoost,0.9999995082454837,0.993540965906024
