,Train R²,Test R²
Linear Regression,0.9370341396578374,0.9524132135634326
Ridge Regression,0.9370230895321269,0.9521022375550175
Lasso Regression,0.93702901247926,0.9522415601523402
Random Forest,0.9978598483946071,0.9981053615917828
XGBoost,0.9999958417943936,0.9972607166849382
