,Train R²,Test R²
Linear Regression,0.934697919797486,0.9466082565070468
Ridge Regression,0.9346597836195047,0.9463639992914289
Lasso Regression,0.934682796406633,0.9464363528175059
Random Forest,0.9987601750563172,0.9986302289777335
XGBoost,0.999998046510835,0.9992542175777707
