,MSE,R²,Correlation
Linear Regression,82.6885355658069,0.936624922154329,0.9712489486884249
Ridge Regression,84.21641029096934,0.9354539112157142,0.9706743228062841
Lasso Regression,82.52003279469268,0.9367540679441716,0.9713007053061894
Random Forest,10.281234991131985,0.9921201401929041,0.9962312148691214
XGBoost,34.89134610021929,0.9732581819219444,0.9883265952151339
