,MSE,R²,Correlation
Linear Regression,196.9474165648574,0.8613165041109243,0.9308949373964162
Ridge Regression,195.6147162351291,0.8622549451624645,0.9315954217519755
Lasso Regression,195.7151150817461,0.8621842477993057,0.9314109902692899
Random Forest,41.54864133380014,0.9707428971137826,0.9865147248491477
XGBoost,41.27848880904051,0.9709331290914871,0.9866676223470925
