,MSE,R²,Correlation
Linear Regression,60.978485676112044,0.9520602774971945,0.9768770068780148
Ridge Regression,59.057988980912185,0.9535701227748299,0.9773690003453698
Lasso Regression,60.55786163914316,0.9523909613340711,0.9770014553927627
Random Forest,1.885086258000069,0.9985179935004883,0.999261634799651
XGBoost,1.2841306948115245,0.9989904493612127,0.9996896927447053
