,Train R²,Test R²
Linear Regression,0.9406900411291644,0.9491127344121757
Ridge Regression,0.9406389799337667,0.9497691104971829
Lasso Regression,0.9406707627931523,0.9498825336132566
Random Forest,0.9959143515229661,0.9945340873329833
XGBoost,0.9999988448681334,0.9997920256319615
