,Train R²,Test R²
Linear Regression,0.9324983071591482,0.967162015929265
Ridge Regression,0.9323915121620806,0.9679770291865065
Lasso Regression,0.9324816188871414,0.9676072226518807
Random Forest,0.9953394032857751,0.9996369914762478
XGBoost,0.9999994183471461,0.9996501138233773
