,Train R²,Test R²
Linear Regression,0.9447138243927953,0.8768474702128595
Ridge Regression,0.9446727141363613,0.8782188627925035
Lasso Regression,0.9446927762954929,0.8782299706934201
Random Forest,0.9997294112733153,0.9381869769985556
XGBoost,0.9999986528805554,0.9400108301890455
