,Train R²,Test R²
Linear Regression,0.9297040261724748,0.9371972524370678
Ridge Regression,0.9296864115060763,0.9375449812101015
Lasso Regression,0.9296974662008003,0.937222772506596
Random Forest,0.9978599857251774,0.9928804309371558
XGBoost,0.999995557631018,0.9967066428566618
