,Train R²,Test R²
Linear Regression,0.9391322336421145,0.9596583695376358
Ridge Regression,0.9391083032059021,0.9600152130400258
Lasso Regression,0.9391153418822344,0.959897763196209
Random Forest,0.997407772953833,0.998388795715346
XGBoost,0.9999986061060134,0.9994223484010588
