,Train R²,Test R²
Linear Regression,0.9299376693674017,0.9370588664718064
Ridge Regression,0.9299200089909245,0.9374325694701209
Lasso Regression,0.9299308461438526,0.9371189887755598
Random Forest,0.9970708180714917,0.9957021109216619
XGBoost,0.9999946763530394,0.9936639764912728
