,Train R²,Test R²
Linear Regression,0.9444042716752692,0.9000046348688103
Ridge Regression,0.9442547395118767,0.9023637617374668
Lasso Regression,0.9443867908654974,0.9014972693771302
Random Forest,0.9947936137311264,0.9774342961403111
XGBoost,0.9999991641980069,0.9813260699110721
