,Train R²,Test R²
Linear Regression,0.9305632674993777,0.9450485384417705
Ridge Regression,0.9305286208129238,0.9450266766779618
Lasso Regression,0.9305484929914244,0.9448228117054915
Random Forest,0.9976627966170993,0.9972114280458715
XGBoost,0.9999965775438276,0.9959212443212425
