{
    "mse": 354.9421190709577,
    "r2": 0.6908413342716515,
    "corr_coef": 0.8317816478036446,
    "pearson": 0.8317816478036443
}