,Train R²,Test R²
Linear Regression,0.932555891720569,0.9447977238258294
Ridge Regression,0.9325163705005568,0.9445160164392087
Lasso Regression,0.9325397424556325,0.944141824644075
Random Forest,0.9986189119621947,0.9991285944133805
XGBoost,0.9999977160088258,0.9995803373425934
