,Train R²,Test R²
Linear Regression,0.9348254241922642,0.9363041684945181
Ridge Regression,0.9347666770194891,0.935456225874311
Lasso Regression,0.9348085347293908,0.9366775776094225
Random Forest,0.9969861753333787,0.9908169593643946
XGBoost,0.9999991492946628,0.9987994533309164
