,Train R²,Test R²
Linear Regression,0.9469078304769407,0.874917010294222
Ridge Regression,0.9468677075324096,0.876370570673251
Lasso Regression,0.946886887297588,0.8763969291307561
Random Forest,0.99966015510221,0.9398640861903075
XGBoost,0.9999980804942581,0.9399050498800142
