,Train R²,Test R²
Linear Regression,0.9336427670059614,0.9578897045321288
Ridge Regression,0.9335538721926571,0.959361099244876
Lasso Regression,0.9336255071784714,0.9584587215792983
Random Forest,0.9943060455725145,0.9996085589973104
XGBoost,0.9999995460455418,0.9992762632352562
