,Train R²,Test R²
Linear Regression,0.9302798352921591,0.9475907005071453
Ridge Regression,0.9302417284926832,0.9476342450170115
Lasso Regression,0.930264220029375,0.9475755671349255
Random Forest,0.9978138985537329,0.9955383400782101
XGBoost,0.9999977605096255,0.9951821010862573
