,Train R²,Test R²
Linear Regression,0.9328471176165114,0.9530817661482973
Ridge Regression,0.9327586409887106,0.953625318604514
Lasso Regression,0.9328293679687992,0.9535541140085289
Random Forest,0.9943685902269154,0.9998912713649745
XGBoost,0.9999993336892484,0.9997012089394659
