,Train R²,Test R²
Linear Regression,0.9368473004354845,0.9474086117498517
Ridge Regression,0.9368127391654257,0.9469214840710664
Lasso Regression,0.9368409570315582,0.9472692335739625
Random Forest,0.997964377524164,0.9984384851224686
XGBoost,0.9999969116115839,0.9988361058280972
