,Train R²,Test R²
Linear Regression,0.9410439312483,0.9526201434528133
Ridge Regression,0.9409955268200777,0.9533449162593093
Lasso Regression,0.9410244350520076,0.9531995874992938
Random Forest,0.99761956559005,0.9987383035576571
XGBoost,0.9999989713486798,0.9999135372761243
