,Train R²,Test R²
Linear Regression,0.9348411131666446,0.9628016409059238
Ridge Regression,0.9347844572405783,0.9626972950683103
Lasso Regression,0.934823386705049,0.962978311578958
Random Forest,0.9965405140838497,0.9988150745897199
XGBoost,0.9999989933494365,0.999754109178694
