,MSE,R²,Correlation
Linear Regression,34.746134267075306,0.9735630185491169,0.992678703211772
Ridge Regression,34.959278649023936,0.973400845283204,0.9929564089134906
Lasso Regression,34.78920703987182,0.9735302461524321,0.9927044968173138
Random Forest,1.9731498047059182,0.9984987070968567,0.9993006052682486
XGBoost,1.540803818805307,0.9988276623331935,0.9996122920332001
