,Train R²,Test R²
Linear Regression,0.9402406948986667,0.95170326035018
Ridge Regression,0.9402266731978153,0.9518873611656083
Lasso Regression,0.9402350813983757,0.9517684663649219
Random Forest,0.9981603963940443,0.9952596165281149
XGBoost,0.9999969683634475,0.9963226595145662
