,Train R²,Test R²
Linear Regression,0.9360944562114282,0.9405829192423494
Ridge Regression,0.9360166170078253,0.9411686252551017
Lasso Regression,0.9360752401632257,0.9410138349461913
Random Forest,0.9938654454902708,0.9994589318441159
XGBoost,0.99999932996403,0.9997716149385867
