,Train R²,Test R²
Linear Regression,0.9451695401017141,0.8876703305332643
Ridge Regression,0.945124588347757,0.88958845021471
Lasso Regression,0.9451488763927578,0.8893607394184124
Random Forest,0.9997787663253742,0.9438421007489008
XGBoost,0.9999983947041045,0.9446081771606203
