,Train R²,Test R²
Linear Regression,0.9469234182027162,0.8826980057367623
Ridge Regression,0.9468819861155259,0.8845829417495912
Lasso Regression,0.9468997288197096,0.8843094996438499
Random Forest,0.9995148514913803,0.9407920834421903
XGBoost,0.9999983135794482,0.9426873844238314
