,Train R²,Test R²
Linear Regression,0.9402925237421659,0.9512220859968041
Ridge Regression,0.9402424970261196,0.951657450203049
Lasso Regression,0.9402728213002872,0.9518545188894579
Random Forest,0.9961199945391941,0.996384678458607
XGBoost,0.9999991682031575,0.9998359008642705
