,Train R²,Test R²
Linear Regression,0.9242814900678895,0.957404455014034
Ridge Regression,0.9242369068342684,0.9571409284266051
Lasso Regression,0.9242644156723554,0.9572369781398569
Random Forest,0.9986312562402432,0.9998799267011401
XGBoost,0.9999984568689633,0.9999680970848807
