,Train R²,Test R²
Linear Regression,0.9380383714775956,0.9387115506831042
Ridge Regression,0.9379658074940632,0.9390723727163989
Lasso Regression,0.9380191659851123,0.9392830255737007
Random Forest,0.9941632584632792,0.9949164031422995
XGBoost,0.9999987623387471,0.999864693370614
