,Train R²,Test R²
Linear Regression,0.9269326338619062,0.9507210898222876
Ridge Regression,0.9268877284631518,0.9506311423378714
Lasso Regression,0.926915197255557,0.9503159658479652
Random Forest,0.998406689944186,0.9999494336028952
XGBoost,0.9999977804827059,0.9999697660681918
