,Train R²,Test R²
Linear Regression,0.9346989022556925,0.9540720040687906
Ridge Regression,0.9346331792045043,0.9544771448399756
Lasso Regression,0.9346815218186301,0.9543836873267922
Random Forest,0.9968426404767438,0.9990848948324227
XGBoost,0.9999993066993604,0.9998722675732845
