,Train R²,Test R²
Linear Regression,0.9366451249053159,0.9452449592551098
Ridge Regression,0.9365692681054095,0.9459497864653894
Lasso Regression,0.9366267334233578,0.9460140897193534
Random Forest,0.9945133176250267,0.9926003685708934
XGBoost,0.9999990756639587,0.9997304956875782
