,Train R²,Test R²
Linear Regression,0.9377946050774163,0.9391146448717237
Ridge Regression,0.9377194741969038,0.9393536657549881
Lasso Regression,0.9377769149636621,0.9396711985361446
Random Forest,0.995450106261632,0.9996676663331439
XGBoost,0.9999990210999631,0.9998031558510904
