,Train R²,Test R²
Linear Regression,0.931668757300554,0.950830966841994
Ridge Regression,0.9316267635876473,0.9504031149430706
Lasso Regression,0.931653105440664,0.9506092830289773
Random Forest,0.9985377428284898,0.999710339214635
XGBoost,0.9999975809606907,0.999693603427568
