,MSE,R²,Correlation
Linear Regression,333.29756102440945,0.7432745096201772,0.8847539901498394
Ridge Regression,318.0448068158412,0.7550230828524631,0.8885458675149418
Lasso Regression,329.4924996993786,0.7462053928573404,0.8858702152966039
Random Forest,210.26354973500028,0.8380425804833089,0.9202785312741691
XGBoost,196.92464076799862,0.8483169969391633,0.9239532375109243
