,Train R²,Test R²
Linear Regression,0.9269938071996994,0.9536182941962399
Ridge Regression,0.9269471860854246,0.9534764880068172
Lasso Regression,0.9269768750533028,0.9534519084267031
Random Forest,0.9984380637692284,0.999965859441961
XGBoost,0.9999979810077084,0.9999670741623308
