,MSE,R²,Correlation
Linear Regression,175.14483037334807,0.8852448876998605,0.9419619414048007
Ridge Regression,173.64114161301018,0.8862301064596104,0.9426128499995647
Lasso Regression,174.02947831104603,0.885975667768509,0.9423696981225441
Random Forest,38.04328098018878,0.9750739946372311,0.9884503124558802
XGBoost,36.59852553593083,0.9760206002144477,0.9886437084001631
