,Train R²,Test R²
Linear Regression,0.9311222378597137,0.9564176420203169
Ridge Regression,0.9310426610501044,0.9562707193064908
Lasso Regression,0.9311066085423748,0.9565474742760951
Random Forest,0.9947959615022666,0.9983603828124417
XGBoost,0.999999169122637,0.9976183069127854
