{
    "mse": 479.6456122968852,
    "r2": 0.5995541334606984,
    "corr_coef": 0.7906375986060193,
    "pearson": 0.7906375986060186
}