,Train R²,Test R²
Linear Regression,0.9459109977544342,0.9631127042569835
Ridge Regression,0.9458818450972243,0.9630602413559323
Lasso Regression,0.945892761116848,0.9632226050289959
Random Forest,0.9963333899956262,0.9964241331283265
XGBoost,0.9999989455320394,0.9999510699397658
