,Train R²,Test R²
Linear Regression,0.9405440268868231,-2.281973011762464e+18
Ridge Regression,0.9393736679238799,0.950182488956748
Lasso Regression,0.9393814909333396,0.9501858568717809
Random Forest,0.9981021637475673,0.9960992538706044
XGBoost,0.999996727141478,0.9958458860065419
