,Train R²,Test R²
Linear Regression,0.9294852003167922,0.9340623106695536
Ridge Regression,0.9294745047482085,0.9338932026583969
Lasso Regression,0.929479405282043,0.933940832105973
Random Forest,0.9978987781025439,0.9881917772114981
XGBoost,0.9999976567137528,0.9889630444244794
