,Train R²,Test R²
Linear Regression,0.9332065697326163,0.9563748755935844
Ridge Regression,0.9331264239743362,0.956497072443139
Lasso Regression,0.9331899832968718,0.9565246263782331
Random Forest,0.9938832730963796,0.9997454402657294
XGBoost,0.9999993568880846,0.9998788082680726
