,Train R²,Test R²
Linear Regression,0.9331830383025316,0.959712835520607
Ridge Regression,0.9330938015362094,0.9602555841594062
Lasso Regression,0.933164871283709,0.9601030785383708
Random Forest,0.9936648009626552,0.9991959338749257
XGBoost,0.999999472715193,0.9989565047240033
