,Train R²,Test R²
Linear Regression,0.9353662040579404,0.9518152378384687
Ridge Regression,0.935325864764996,0.9517515996198482
Lasso Regression,0.9353510394729457,0.9519389196462837
Random Forest,0.9979315649686027,0.9983455482087676
XGBoost,0.9999970747008704,0.997942893141944
