,Train R²,Test R²
Linear Regression,0.9373925345003846,0.9489102592894175
Ridge Regression,0.9373812106542502,0.9485213289274201
Lasso Regression,0.9373870275562326,0.9486491037782829
Random Forest,0.9985147665015852,0.9895024654961772
XGBoost,0.9999942453578609,0.990991113059055
