,MSE,R²,Correlation
Linear Regression,224.99313767563459,0.8550576562196239,0.9258972452914109
Ridge Regression,225.40080749040933,0.8547950321278299,0.9259298172036958
Lasso Regression,223.97323495013887,0.8557146855538895,0.9262936655214296
Random Forest,38.35018215358504,0.9752945118985871,0.9884722488145558
XGBoost,35.24366292819909,0.977295755946196,0.9893187950761265
