,Train R²,Test R²
Linear Regression,0.9387033257063816,0.9193293703032597
Ridge Regression,0.9383601044676425,0.934730138888665
Lasso Regression,0.9386766357926324,0.9240173467062172
Random Forest,0.9936342838316032,0.9963002267587302
XGBoost,0.9999991927075662,0.9936219719825947
