,Train R²,Test R²
Linear Regression,0.9306692746644178,0.946167335643231
Ridge Regression,0.9306369746584628,0.9457363937375213
Lasso Regression,0.9306543218256047,0.9458707946948528
Random Forest,0.9978164019308183,0.9983437903956354
XGBoost,0.9999977046681261,0.9984289786831877
