,Train R²,Test R²
Linear Regression,0.9400389658105941,0.9534685316472411
Ridge Regression,0.9399910573862944,0.953646079243097
Lasso Regression,0.9400189934354833,0.9539441745980243
Random Forest,0.9962498006478916,0.9972480649764973
XGBoost,0.9999988608308291,0.9995004628499765
