,Train R²,Test R²
Linear Regression,0.9373827822225653,0.929184670657936
Ridge Regression,0.9373700985663632,0.929270134183741
Lasso Regression,0.937377374294055,0.9292823610848782
Random Forest,0.9979499503368975,0.9969298398081735
XGBoost,0.9999952568957681,0.9985392358052769
