,Train R²,Test R²
Linear Regression,0.9298794032809016,0.9474159139059225
Ridge Regression,0.929846583753182,0.9470789422072396
Lasso Regression,0.9298650178171428,0.9472496559557845
Random Forest,0.9980084579087298,0.9954046397137165
XGBoost,0.9999970812938372,0.9984161635187061
