,Train R²,Test R²
Linear Regression,0.9481651112840493,0.8741889863147194
Ridge Regression,0.9481212706008547,0.8763623438469886
Lasso Regression,0.9481433257871115,0.875867587123032
Random Forest,0.9996339766381529,0.9380911822255869
XGBoost,0.9999985363562612,0.939672533965942
