,Train R²,Test R²
Linear Regression,0.9324353908594458,-6.767085334760851e+18
Ridge Regression,0.9294411547828718,0.9469406653276078
Lasso Regression,0.929449263570512,0.9472456923369096
Random Forest,0.9980474349848182,0.99888715241536
XGBoost,0.9999984296312557,0.9993801790085165
