,Train R²,Test R²
Linear Regression,0.927389621433546,0.9437464575703184
Ridge Regression,0.9273782498370493,0.9436771008591223
Lasso Regression,0.9273838074760513,0.9437088391854187
Random Forest,0.9976511838947623,0.9952278973054176
XGBoost,0.9999966651179764,0.9935981738866174
