,Train R²,Test R²
Linear Regression,0.9349029979865521,0.9561651457636108
Ridge Regression,0.9348665109274047,0.9560652524223928
Lasso Regression,0.9348966191610208,0.956124171244715
Random Forest,0.99852921984774,0.9989071222839407
XGBoost,0.9999976134817503,0.9982662325227181
