,Train R²,Test R²
Linear Regression,0.9307982169815061,0.946501565513703
Ridge Regression,0.9307768878312735,0.9461164440309673
Lasso Regression,0.9307839928650884,0.946485842354696
Random Forest,0.9978441084591378,0.9985007805593226
XGBoost,0.9999987088963732,0.999465547169897
