,Train R²,Test R²
Linear Regression,0.9404059595159275,0.9551076322509497
Ridge Regression,0.9403937096203955,0.9550063606399994
Lasso Regression,0.9404005995711084,0.9551273601205091
Random Forest,0.9984876332859727,0.9957862584423801
XGBoost,0.999996601213104,0.9953804762191785
