,Train R²,Test R²
Linear Regression,0.9347180582428863,0.9430633758773029
Ridge Regression,0.9346153541656637,0.9458961833752639
Lasso Regression,0.9347005169243795,0.9440976760446584
Random Forest,0.9953982880318616,0.9997335541287606
XGBoost,0.9999992195891654,0.9993827619344179
