,Train R²,Test R²
Linear Regression,0.936341834265253,0.9536894604936473
Ridge Regression,0.9362730859456819,0.9547022393096659
Lasso Regression,0.9363228150765355,0.9544846579351982
Random Forest,0.9964060367808338,0.9971066084719693
XGBoost,0.9999991573938867,0.9997817085978752
