,Train R²,Test R²
Linear Regression,0.9288350696093608,0.9428824711609411
Ridge Regression,0.9287993272416641,0.9429385606748072
Lasso Regression,0.9288199482363482,0.9428566407953465
Random Forest,0.9976712593586431,0.997968675288967
XGBoost,0.9999970299857839,0.9997154720188277
