,Train R²,Test R²
Linear Regression,0.9304138395656021,0.9412502024711863
Ridge Regression,0.9303848300602726,0.9408754691832265
Lasso Regression,0.9304004861291875,0.9410978517637842
Random Forest,0.9985501300797792,0.9987910767244195
XGBoost,0.9999976063803692,0.9989719644426341
