,Train R²,Test R²
Linear Regression,0.9443042619388273,0.9468057277528168
Ridge Regression,0.9442919888125179,0.946633513294228
Lasso Regression,0.9442988340743256,0.9467660356951375
Random Forest,0.9983088386122132,0.9987730541073122
XGBoost,0.9999970501486556,0.9983484434021496
