,Train R²,Test R²
Linear Regression,0.9463306691224403,0.8809223478797684
Ridge Regression,0.946284422227678,0.8830237586578662
Lasso Regression,0.9463097099176204,0.8827943450012466
Random Forest,0.999582724397567,0.9414622066249958
XGBoost,0.9999982309676644,0.9419655466440807
