,Train R²,Test R²
Linear Regression,0.9295034967977318,0.9527976202940676
Ridge Regression,0.9294805856420547,0.9525909141698079
Lasso Regression,0.9294883158428952,0.9528912999729775
Random Forest,0.9979521917605619,0.999062383443588
XGBoost,0.9999989691824172,0.9998699097657152
