,Train R²,Test R²
Linear Regression,0.9340473222642302,0.9543770187389591
Ridge Regression,0.9339777533595884,0.9546733335728266
Lasso Regression,0.9340299004400305,0.9547394840555777
Random Forest,0.9980385861082685,0.99894821647987
XGBoost,0.9999992374131885,0.9992298716204528
