,Train R²,Test R²
Linear Regression,0.9419125223692452,0.8773798904988692
Ridge Regression,0.9418524052851422,0.8799422984099801
Lasso Regression,0.9418909786083864,0.8792331606915664
Random Forest,0.9996119201392707,0.9453782447308803
XGBoost,0.9999980223351892,0.9456330488670137
