,Train R²,Test R²
Linear Regression,0.9358478271883363,0.9529097847674285
Ridge Regression,0.9357135639137406,0.955934553296514
Lasso Regression,0.9358316038579084,0.9537994425672619
Random Forest,0.993064984153586,0.9989336804830042
XGBoost,0.9999994732567541,0.9991860721654686
