,Train R²,Test R²
Linear Regression,0.9363414971379507,0.9596907671825382
Ridge Regression,0.936318252096777,0.9598363801178118
Lasso Regression,0.9363261940252614,0.9598206105590223
Random Forest,0.996370499784671,0.9967800879643468
XGBoost,0.9999983992185221,0.9991381046621122
