,Train R²,Test R²
Linear Regression,0.9460731111657495,0.8710777370785947
Ridge Regression,0.9460330760669381,0.8722042664558074
Lasso Regression,0.9460513432856037,0.8722407535967847
Random Forest,0.9996940278049952,0.9393704941679096
XGBoost,0.9999985508462345,0.9417354643255952
