,Train R²,Test R²
Linear Regression,0.9304127830968546,0.9466403594554803
Ridge Regression,0.9303735022628832,0.9466859246916276
Lasso Regression,0.9303967661331853,0.9465551304323593
Random Forest,0.9984353654057944,0.9952951725678699
XGBoost,0.9999977031981269,0.9942713772903333
