,Train R²,Test R²
Linear Regression,0.9465230140593786,0.8797857534522321
Ridge Regression,0.9464772812296456,0.8817958014557463
Lasso Regression,0.946500824314367,0.8816385159929242
Random Forest,0.9997518190013192,0.9413530421000347
XGBoost,0.9999985881638311,0.9430081649895736
