,Train R²,Test R²
Linear Regression,0.9421990465700519,0.9430929657522491
Ridge Regression,0.942187131356982,0.9430145412349161
Lasso Regression,0.9421937885906135,0.9431070781643801
Random Forest,0.9982694855530629,0.9983110560904723
XGBoost,0.9999970100462506,0.9989484314720529
