,Train R²,Test R²
Linear Regression,0.9319382780007359,0.964051565635943
Ridge Regression,0.9318619042342952,0.9645164708551548
Lasso Regression,0.9319200777476198,0.9643584446708415
Random Forest,0.9963366227468078,0.9997948526015444
XGBoost,0.9999990694156647,0.9998988854604894
