,Train R²,Test R²
Linear Regression,0.9445666620887699,0.9632623442622854
Ridge Regression,0.9445327282238437,0.9636775454388263
Lasso Regression,0.9445462128313749,0.9637073379340814
Random Forest,0.9964854688344724,0.9991683631474522
XGBoost,0.9999985928476052,0.9999269986892702
