,Train R²,Test R²
Linear Regression,0.9350344725243722,0.9509062372196444
Ridge Regression,0.9349605570804747,0.951476172277481
Lasso Regression,0.9350164584185754,0.9515017014105341
Random Forest,0.9959632838244745,0.9995155124175995
XGBoost,0.9999991766294428,0.9998332994042802
