,Train R²,Test R²
Linear Regression,0.9367419213396493,-4.761790258487467e+18
Ridge Regression,0.9347483515105919,0.9518707542178814
Lasso Regression,0.9347539826053763,0.951962661581515
Random Forest,0.9964770696281697,0.9979201591507743
XGBoost,0.9999988836260966,0.9994494932493456
