,MSE,R²,Correlation
Linear Regression,73.53221314263521,0.9403248675236063,0.9726218842517198
Ridge Regression,70.28814296611289,0.9429575955386216,0.9738268662923666
Lasso Regression,73.0065952157899,0.9407514332160548,0.9728299499347162
Random Forest,0.44495614541669665,0.999638895447463,0.9998250279731187
XGBoost,1.0522223274161446,0.9991460680414803,0.9997797288265184
