,Train R²,Test R²
Linear Regression,0.9290709799406979,0.9378024339762964
Ridge Regression,0.9290603845917702,0.9376338535764438
Lasso Regression,0.9290653237362593,0.9377061105889596
Random Forest,0.9980652792124459,0.990003311301601
XGBoost,0.999995447703766,0.9896874031477326
