,Train R²,Test R²
Linear Regression,0.9352848424083042,0.9659431407216946
Ridge Regression,0.9352342495225745,0.9658803823765474
Lasso Regression,0.9352676817719948,0.9661878459370309
Random Forest,0.9952336043319219,0.9979776088402769
XGBoost,0.9999988670657705,0.9997980731263851
