,MSE,R²,Correlation
Linear Regression,60.88740770547827,0.9572092384674987,0.9796274808822751
Ridge Regression,58.951747672203055,0.9585695914536617,0.9801166332332721
Lasso Regression,60.6495729663718,0.9573763851730126,0.9796966996147336
Random Forest,0.8845104606249979,0.9993783792475336,0.9996922843629698
XGBoost,2.4933932645134753,0.9982476804217937,0.9993688308091241
