,Train R²,Test R²
Linear Regression,0.9331229037462134,0.9360873993158738
Ridge Regression,0.9331117020739741,0.9359095259665521
Lasso Regression,0.9331174509817224,0.9360414655230399
Random Forest,0.9981377621283296,0.9906553509150083
XGBoost,0.9999961408093223,0.9957531350640253
