,Train R²,Test R²
Linear Regression,0.9312035350607075,0.9339064048982738
Ridge Regression,0.9311896228871542,0.9337337549913051
Lasso Regression,0.9311968328822243,0.933876953881447
Random Forest,0.9977085464953328,0.9789742668850708
XGBoost,0.9999950400800515,0.9820197575764881
