,Train R²,Test R²
Linear Regression,0.9252124035638956,0.9542351862058439
Ridge Regression,0.9251698409155911,0.9536311836379049
Lasso Regression,0.9251942290151087,0.9537967575603408
Random Forest,0.9976132960737947,0.9999591674433683
XGBoost,0.9999984967001917,0.9999681889924672
