,Train R²,Test R²
Linear Regression,0.9421856108044139,0.8760832898412969
Ridge Regression,0.942124080235217,0.877913625305175
Lasso Regression,0.94216543516628,0.8774363081616012
Random Forest,0.999734277869755,0.9467043659716383
XGBoost,0.9999983444139142,0.9471315895813703
