,Train R²,Test R²
Linear Regression,0.9438552774879211,0.9163001452033728
Ridge Regression,0.9437408281994198,0.9183849541844301
Lasso Regression,0.9438371106492011,0.9176876419692606
Random Forest,0.9972921444025424,0.9827240215396821
XGBoost,0.9999992052003539,0.9854742619760589
