,Train R²,Test R²
Linear Regression,0.9405863552782493,0.8888864636099063
Ridge Regression,0.9405318536927577,0.8906152590135233
Lasso Regression,0.9405650465368981,0.8904139590043636
Random Forest,0.9996556932734885,0.9439858225452634
XGBoost,0.9999987119000519,0.9446520008695886
