,MSE,R²,Correlation
Linear Regression,64.76427224736219,0.95383885481779,0.9815662985509556
Ridge Regression,60.454729677392294,0.956910508575922,0.9822831248788383
Lasso Regression,64.02569810779606,0.9543652782129934,0.981745686197932
Random Forest,1.7269531608771784,0.9987691031981699,0.9994070726507492
XGBoost,0.5626912063114641,0.9995989382793018,0.9998931950930995
