,Train R²,Test R²
Linear Regression,0.9273101124565563,0.9473108072490991
Ridge Regression,0.9272803724588747,0.9468811872374359
Lasso Regression,0.9272954318618123,0.9472427781584072
Random Forest,0.9974262623255246,0.9987430408585569
XGBoost,0.9999978046733696,0.999791879406588
