,Train R²,Test R²
Linear Regression,0.9416361868222927,0.9455168306126326
Ridge Regression,0.9416251369929884,0.9451306346088583
Lasso Regression,0.9416308867564686,0.9452847607673738
Random Forest,0.9986934473794221,0.9971560751609131
XGBoost,0.9999968898135568,0.996216425802478
