,Train R²,Test R²
Linear Regression,0.9341897004703291,0.952289305570823
Ridge Regression,0.9340870537417734,0.9533311941756144
Lasso Regression,0.9341731220968527,0.9529546748178175
Random Forest,0.9918329843937052,0.9997010842519753
XGBoost,0.9999992992395419,0.9997808439072261
