,MSE,R²,Correlation
Linear Regression,318.95965262979666,0.7914535098354504,0.8934101245527443
Ridge Regression,313.74458844807,0.7948632932425833,0.8946837077258852
Lasso Regression,319.7384660309405,0.7909442955822916,0.8931298819406971
Random Forest,246.37543224200036,0.8389115010841873,0.9195723667624696
XGBoost,224.88097025936088,0.8529652993232316,0.9254275370488485
