,Train R²,Test R²
Linear Regression,0.9445890289732743,0.8841764886004613
Ridge Regression,0.9445486163578307,0.8858253814841072
Lasso Regression,0.9445679623531233,0.8856146647579027
Random Forest,0.9996987479892286,0.9412841066895569
XGBoost,0.9999987542916603,0.9418779018305006
