,Train R²,Test R²
Linear Regression,0.9352330287823708,0.9444517647446833
Ridge Regression,0.9351326589797907,0.946433113312722
Lasso Regression,0.9352129303806637,0.945693166112582
Random Forest,0.9946444664634078,0.9993605353242597
XGBoost,0.9999988035849426,0.9996656156272629
