,Train R²,Test R²
Linear Regression,0.9296751001370729,0.952726643059566
Ridge Regression,0.9296518874790176,0.9526735174615719
Lasso Regression,0.9296595727398951,0.9528022226325603
Random Forest,0.9967785961034717,0.9992852685876955
XGBoost,0.999998526330186,0.9999296738672312
