,Train R²,Test R²
Linear Regression,0.9336579588473926,0.9585052304898278
Ridge Regression,0.9335621822253275,0.9599248315869585
Lasso Regression,0.933641384583525,0.9591614700343897
Random Forest,0.9957487531494236,0.9996904471179403
XGBoost,0.9999993445319948,0.9999256919755856
