,Train R²,Test R²
Linear Regression,0.9358656896849619,0.9526252157712984
Ridge Regression,0.9357965923950387,0.9533344357683063
Lasso Regression,0.9358461708107191,0.9532051493086281
Random Forest,0.9961863621626408,0.9995819350438495
XGBoost,0.9999986380356306,0.9998501036791575
