,Train R²,Test R²
Linear Regression,0.9752675382793802,0.7184697402315228
Ridge Regression,0.9750782166757272,0.7299227991207304
Lasso Regression,0.9752426030937383,0.7224340820922523
Random Forest,0.9989372094774935,0.8108162543778913
XGBoost,0.9999995536469038,0.821462016856356
