,Train R²,Test R²
Linear Regression,0.9355850297634719,0.9478890917157168
Ridge Regression,0.9354803899338289,0.9498551855878001
Lasso Regression,0.9355675173944806,0.9488933841748087
Random Forest,0.9935219149399885,0.9989785328138445
XGBoost,0.9999992615674244,0.9997667425122678
