,Train R²,Test R²
Linear Regression,0.9307183138803679,0.948714958404647
Ridge Regression,0.9306828716014928,0.9483431870871598
Lasso Regression,0.9307034652703845,0.9484429247733824
Random Forest,0.9981909751024008,0.9977759240249626
XGBoost,0.9999978307310236,0.9983666018500947
