,Train R²,Test R²
Linear Regression,0.9318507747296593,0.9466579351000513
Ridge Regression,0.9318285942458231,0.9465374799595226
Lasso Regression,0.931835504792122,0.9468407035872516
Random Forest,0.9972690350294263,0.9993814703755346
XGBoost,0.9999986914417739,0.9996349848195559
