{
    "mse": 626.5269609578163,
    "r2": 0.5150481461578272,
    "corr_coef": 0.7422530561786523,
    "pearson": 0.7422530561786526
}