,Train R²,Test R²
Linear Regression,0.9404886923694453,-4.773076197575642e+18
Ridge Regression,0.9385349633666723,0.9558665861484814
Lasso Regression,0.9385430863282713,0.9556551063917593
Random Forest,0.99778023043369,0.996651797989412
XGBoost,0.9999979212832701,0.9995179456809045
