,Train R²,Test R²
Linear Regression,0.9476135482651743,0.8778709526611015
Ridge Regression,0.9475688529477299,0.8796787546614298
Lasso Regression,0.9475914275407264,0.8794714514808739
Random Forest,0.9996488293794259,0.942251224343994
XGBoost,0.9999983867089849,0.9427427260622403
