,Train R²,Test R²
Linear Regression,0.9293245929821774,0.9500205607471037
Ridge Regression,0.9292861600935312,0.9499286767081927
Lasso Regression,0.929308994552557,0.9500361735534356
Random Forest,0.9979284990177849,0.9976139558131236
XGBoost,0.9999963999372099,0.9981447426129071
