,Train R²,Test R²
Linear Regression,0.9355955572433985,0.9472582319199531
Ridge Regression,0.9355329838866093,0.9468159454220657
Lasso Regression,0.9355773518424417,0.9478479963879963
Random Forest,0.9954904505965853,0.9945594961081626
XGBoost,0.9999989823124275,0.9995451800318461
