,Train R²,Test R²
Linear Regression,0.9302603852550635,0.9522221133341731
Ridge Regression,0.9302244508638914,0.9516126809985056
Lasso Regression,0.9302453180917994,0.9517938741104593
Random Forest,0.9981523756390017,0.9978855059980212
XGBoost,0.9999973978031168,0.9979616487880534
