,Train R²,Test R²
Linear Regression,0.9402981881198337,0.9400153911260296
Ridge Regression,0.9402324921202219,0.9416139440836877
Lasso Regression,0.9402790993935385,0.9409749564989243
Random Forest,0.9973362898393894,0.9992339002522056
XGBoost,0.999998705708676,0.9996711596748709
