,Train R²,Test R²
Linear Regression,0.9366593388416228,0.938190316758111
Ridge Regression,0.9365693844502381,0.939228061725999
Lasso Regression,0.936640068212693,0.9393414768632639
Random Forest,0.995187654723383,0.9905590964974631
XGBoost,0.999998892248527,0.9987562573477624
