,Train R²,Test R²
Linear Regression,0.9352637129861173,0.9551100996983023
Ridge Regression,0.9352281034585107,0.9548968403785066
Lasso Regression,0.9352573801319606,0.9550894259360693
Random Forest,0.998463451693144,0.9989363272287205
XGBoost,0.9999978999724476,0.997998587539015
