,MSE,R²,Correlation
Linear Regression,64.29186288931548,0.9499813754324903,0.9787593012711823
Ridge Regression,63.16730710027834,0.9508562720568718,0.9795844542207692
Lasso Regression,64.1431345857832,0.9500970850237608,0.9788617180426383
Random Forest,2.1069814520833785,0.9983607830060252,0.9992475612797062
XGBoost,0.715327505474361,0.9994434801492572,0.9998374403478547
