,Train R²,Test R²
Linear Regression,0.9397172232203808,0.963873095992498
Ridge Regression,0.9396789606621516,0.9639711645196063
Lasso Regression,0.9396987138967121,0.9639169235697329
Random Forest,0.9963250241546905,0.998419809992002
XGBoost,0.9999986453690396,0.9999478232675872
