,Train R²,Test R²
Linear Regression,0.943444687473883,0.9173490010772875
Ridge Regression,0.9432620990322538,0.9201724149298788
Lasso Regression,0.9434247423312456,0.918832695588019
Random Forest,0.9927905032479708,0.9778091050177199
XGBoost,0.9999993201077871,0.9808727794969211
