,Train R²,Test R²
Linear Regression,0.9346255278321263,0.9576587237582471
Ridge Regression,0.9345023221469737,0.9597213496193452
Lasso Regression,0.9346103825620701,0.958290799616338
Random Forest,0.9932225411890593,0.9996382574720453
XGBoost,0.999999228421957,0.9997862673776041
