,Train R²,Test R²
Linear Regression,0.9356237798889335,0.9535603205105685
Ridge Regression,0.9355541347737042,0.9544904769076805
Lasso Regression,0.9356041444089078,0.9540251876217423
Random Forest,0.996190574377572,0.9977942319738943
XGBoost,0.9999991941461178,0.9998524611672523
