,Train R²,Test R²
Linear Regression,0.9466264768551544,0.8815684127394147
Ridge Regression,0.9465887240014562,0.8828355763837692
Lasso Regression,0.9466046008140008,0.8830677229958526
Random Forest,0.9996466059629434,0.9371466996288664
XGBoost,0.9999984867233798,0.9385815460136107
