,Train R²,Test R²
Linear Regression,0.9377897257636738,0.9501731270967099
Ridge Regression,0.9377253816753204,0.9510898061677745
Lasso Regression,0.9377707957501531,0.9510059044240392
Random Forest,0.9969356294040226,0.9977544280099712
XGBoost,0.999999134766426,0.99725316134156
