,Train R²,Test R²
Linear Regression,0.9354577256255543,0.9509286524365641
Ridge Regression,0.9354332760260643,0.9511972730802696
Lasso Regression,0.9354407119845446,0.951196069389106
Random Forest,0.9966022414854037,0.9978378214941355
XGBoost,0.9999987716160743,0.999481681495999
