,Train R²,Test R²
Linear Regression,0.9427589405023995,0.8813672559723158
Ridge Regression,0.9427091656311457,0.8832905836027519
Lasso Regression,0.9427367989456364,0.8830057370091005
Random Forest,0.9997607616582621,0.9419644835770952
XGBoost,0.9999980320349118,0.9420869698499241
