,Train R²,Test R²
Linear Regression,0.9473512823302335,-1.3673962133896606e+19
Ridge Regression,0.9413016341698831,0.8827399392128142
Lasso Regression,0.9413389572842469,0.8821945808366931
Random Forest,0.9997788002604049,0.9425072519139477
XGBoost,0.9999985747007712,0.9473544325492405
