,Train R²,Test R²
Linear Regression,0.9363066429098966,0.9499083736482873
Ridge Regression,0.9362675822092273,0.9493732526854086
Lasso Regression,0.9362912686134286,0.9496348073969731
Random Forest,0.9983621107539136,0.9974373593545983
XGBoost,0.9999978374904157,0.9969940875346707
