,Train R²,Test R²
Linear Regression,0.9748916855507699,0.7390145918512403
Ridge Regression,0.9746737300817262,0.7504775492248595
Lasso Regression,0.9748713356186723,0.7419571291678912
Random Forest,0.9987329499807789,0.8224671386223462
XGBoost,0.9999995399041028,0.8339736581904189
