{
    "mse": 641.601621594199,
    "r2": 0.48535318675626254,
    "corr_coef": 0.7073174493839539,
    "pearson": 0.7073174493839538
}