,Train R²,Test R²
Linear Regression,0.9366380501692685,0.9391819548466646
Ridge Regression,0.936601091003941,0.9387686722351148
Lasso Regression,0.9366229542737556,0.9388976646581566
Random Forest,0.998846846133122,0.9980129502198084
XGBoost,0.9999976020661485,0.9980419829195862
