,Train R²,Test R²
Linear Regression,0.9368557046830965,0.936990722343545
Ridge Regression,0.9367276202536249,0.9393380146690584
Lasso Regression,0.9368365040529052,0.9383146662247843
Random Forest,0.9958404412351762,0.9985586242765135
XGBoost,0.9999994607517072,0.999105451747366
