,Train R²,Test R²
Linear Regression,0.9408511623710187,0.886013709073238
Ridge Regression,0.940795547870703,0.8877146294468004
Lasso Regression,0.9408307388879987,0.8873505546908215
Random Forest,0.9998209210550614,0.9442847190917869
XGBoost,0.99999850391157,0.9443189093410422
