,Train R²,Test R²
Linear Regression,0.9408487639572931,0.9592832910565424
Ridge Regression,0.9408152378911906,0.9588212046600884
Lasso Regression,0.9408294849706956,0.9590112433510556
Random Forest,0.9975799060645013,0.9985383279307452
XGBoost,0.9999987505211011,0.9992044400104734
