,Train R²,Test R²
Linear Regression,0.941230396568988,0.8754009348252423
Ridge Regression,0.9411618029236793,0.8775376742360577
Lasso Regression,0.9412106165939818,0.8767558607114326
Random Forest,0.9997442803284978,0.9469231818271142
XGBoost,0.9999981077043141,0.946761320850402
