,Train R²,Test R²
Linear Regression,0.9279873236430548,0.9460530309309463
Ridge Regression,0.9279355910939381,0.9474220844993803
Lasso Regression,0.9279702337158825,0.9467818519026444
Random Forest,0.9984356656996863,0.9933983970893964
XGBoost,0.9999981564758863,0.9878645566329832
