,Train R²,Test R²
Linear Regression,0.9367024926698055,0.9522652190210185
Ridge Regression,0.9366362057458596,0.9534778655124848
Lasso Regression,0.9366834376027128,0.9533822431075367
Random Forest,0.9969168914965651,0.9992026721186034
XGBoost,0.999998999214658,0.9998119362565973
