,Train R²,Test R²
Linear Regression,0.9387235595322413,0.9293215077809179
Ridge Regression,0.9386417037155391,0.9290056850474464
Lasso Regression,0.9387053572208476,0.9296465400256333
Random Forest,0.9965127793334453,0.985754063452037
XGBoost,0.9999989905913209,0.9874882919443468
