,Train R²,Test R²
Linear Regression,0.9306985996742352,0.9424972353849224
Ridge Regression,0.9306680310883494,0.94207227868571
Lasso Regression,0.930684489361856,0.9422805632904958
Random Forest,0.9973080979747807,0.9990280856909567
XGBoost,0.9999977998011905,0.9992745767851565
