,Train R²,Test R²
Linear Regression,0.9410119648451092,-1.1425450647144856e+19
Ridge Regression,0.9359362096463416,0.9428054887325316
Lasso Regression,0.9359656580897318,0.9429088299959364
Random Forest,0.9986200245917682,0.9979209336863715
XGBoost,0.9999980146638711,0.9993344797869514
