,Train R²,Test R²
Linear Regression,0.9409453167008865,0.9284161993057145
Ridge Regression,0.940758292147629,0.9337791608786026
Lasso Regression,0.9409234920599358,0.9306045740694664
Random Forest,0.992910807520081,0.9972665866629973
XGBoost,0.999999222735219,0.99900030051471
