,Train R²,Test R²
Linear Regression,0.9341461729579387,0.9390314607527925
Ridge Regression,0.9340771051035455,0.9385479371425463
Lasso Regression,0.9341277612011224,0.9393122357248834
Random Forest,0.9955818212718873,0.9907251100255877
XGBoost,0.9999993036346321,0.9982069450949014
