,Train R²,Test R²
Linear Regression,0.9255624657489517,0.9533570433597857
Ridge Regression,0.9255159044457241,0.9527413897602078
Lasso Regression,0.9255445158541933,0.953018495378889
Random Forest,0.9981585361775128,0.9994543259019165
XGBoost,0.9999983671621708,0.999683521940846
