,MSE,R²,Correlation
Linear Regression,181.5532548748493,0.8849692102868565,0.9423926673824843
Ridge Regression,178.19179638527035,0.8870990053429174,0.9437125121460104
Lasso Regression,180.03143350932706,0.8859334249664503,0.9429360962434258
Random Forest,38.00612281264161,0.9759196037323233,0.988887328990121
XGBoost,33.749860099606884,0.9786163400780555,0.9900050929672621
