,Train R²,Test R²
Linear Regression,0.9384563897232912,0.9519995196515004
Ridge Regression,0.9384068065545398,0.9521861634907922
Lasso Regression,0.938438055889113,0.9522738402510604
Random Forest,0.99642114619182,0.9990500394934061
XGBoost,0.9999991712401267,0.9997828407326564
