,Train R²,Test R²
Linear Regression,0.9363861992608378,0.9525829403379796
Ridge Regression,0.9363739642324147,0.9525596583523448
Lasso Regression,0.9363809733801118,0.9526053179171754
Random Forest,0.9983134762638785,0.9958750358735491
XGBoost,0.9999957569994757,0.9964985409915252
