,Train R²,Test R²
Linear Regression,0.9285065304001423,0.9434809398432719
Ridge Regression,0.9284774486910414,0.9432076757882795
Lasso Regression,0.9284924462391977,0.9434231799636807
Random Forest,0.9973471302164262,0.99915405745279
XGBoost,0.9999980641116604,0.9998511416392214
