,Train R²,Test R²
Linear Regression,0.9310237390282231,0.9486231785493155
Ridge Regression,0.9310000517432273,0.9486718805720734
Lasso Regression,0.931007675725707,0.9487989527691257
Random Forest,0.9956584488885766,0.999102027762783
XGBoost,0.9999986870449175,0.9996710314069718
