,Train R²,Test R²
Linear Regression,0.9343501214015154,0.944864756221506
Ridge Regression,0.9343094049031966,0.9450107561432708
Lasso Regression,0.9343344769567856,0.9449790975709078
Random Forest,0.9982533781632306,0.9981092442916291
XGBoost,0.9999968082063398,0.9993491442400825
