,Train R²,Test R²
Linear Regression,0.9410674530942817,0.9625451545785623
Ridge Regression,0.941030483949143,0.9627635078888723
Lasso Regression,0.9410486534183833,0.9626530279768931
Random Forest,0.9971990636047551,0.9979218517218603
XGBoost,0.9999987147599612,0.9992769373987961
