,Train R²,Test R²
Linear Regression,0.9283462526118578,0.9477295748544716
Ridge Regression,0.928293545448431,0.9475716361184261
Lasso Regression,0.9283289906992395,0.9476559601584531
Random Forest,0.9986760338219376,0.9997638076382981
XGBoost,0.9999976325891081,0.9997614217656855
