,Train R²,Test R²
Linear Regression,0.9313898383023957,0.9491554289231801
Ridge Regression,0.9313553328903156,0.9487103559882064
Lasso Regression,0.9313753351665763,0.9487705662976162
Random Forest,0.9988286309446478,0.9996325487958887
XGBoost,0.999998039541237,0.9994846377534905
