,Train R²,Test R²
Linear Regression,0.9403536314215063,0.9552576409960987
Ridge Regression,0.9403020670464988,0.955927756055099
Lasso Regression,0.9403334776103642,0.9559969098796127
Random Forest,0.9960942479919228,0.9983030152345325
XGBoost,0.9999984532790734,0.9999500675455183
