,Train R²,Test R²
Linear Regression,0.948942672008895,0.8814794444009442
Ridge Regression,0.9489059964019415,0.8826795323766021
Lasso Regression,0.948919283180406,0.8825168862708044
Random Forest,0.9997314067588965,0.9374998519374227
XGBoost,0.9999984285542094,0.9437781665337185
