,Train R²,Test R²
Linear Regression,0.9448623948477529,0.8926106413720529
Ridge Regression,0.9448213909587772,0.8942152342864376
Lasso Regression,0.9448402626096135,0.8940052835417275
Random Forest,0.9996275961577582,0.9425161077333437
XGBoost,0.99999820608765,0.9429305213097045
