,Train R²,Test R²
Linear Regression,0.9358555097403392,0.9476505448314478
Ridge Regression,0.9357901155667367,0.9483047159122523
Lasso Regression,0.9358403663417507,0.9480365860348572
Random Forest,0.9950260536221104,0.9997415214593193
XGBoost,0.999999125585633,0.9997853340921281
