,Train R²,Test R²
Linear Regression,0.9453793444305589,0.964465544195099
Ridge Regression,0.9453480276897401,0.9646706965417723
Lasso Regression,0.9453609237985838,0.9645276626341321
Random Forest,0.9970044885793174,0.998050113139687
XGBoost,0.9999986788500095,0.9986259776868187
