,Train R²,Test R²
Linear Regression,0.9741167915740898,0.7456392244895678
Ridge Regression,0.973799930559771,0.760081514440689
Lasso Regression,0.9740668451695624,0.7522298391223279
Random Forest,0.9984775860344803,0.8340635069298223
XGBoost,0.9999992105957474,0.8376485744354667
