,Train R²,Test R²
Linear Regression,0.947230857571329,0.9614468874035845
Ridge Regression,0.9472165036839744,0.9614499913169092
Lasso Regression,0.9472265859823022,0.9614622024393468
Random Forest,0.9982319523837606,0.9925240083653757
XGBoost,0.999993963376436,0.9947684136559648
