,Train R²,Test R²
Linear Regression,0.9416658133417706,0.9596514321315837
Ridge Regression,0.9416314097659066,0.959658937312429
Lasso Regression,0.9416463440100679,0.959646618123868
Random Forest,0.9950023354101347,0.9961895585573797
XGBoost,0.9999983709619912,0.9992288844354544
