,Train R²,Test R²
Linear Regression,0.9403699561908626,0.8801183902181335
Ridge Regression,0.9403063828581193,0.8828832501340511
Lasso Regression,0.9403497396805925,0.8819223989091958
Random Forest,0.9997232166090826,0.943534074567221
XGBoost,0.9999986272501172,0.9437757380502179
