,Train R²,Test R²
Linear Regression,0.9453316011383589,0.8930155402198919
Ridge Regression,0.9451393215714752,0.8967158986294815
Lasso Regression,0.9453157433760274,0.8947052198234106
Random Forest,0.9907333824833066,0.9772648677746911
XGBoost,0.9999993739091841,0.980945748135516
