,Train R²,Test R²
Linear Regression,0.9412827829373109,0.9515657065715897
Ridge Regression,0.9412349531792942,0.9522988879841512
Lasso Regression,0.9412631581109334,0.9521557760508973
Random Forest,0.9977171508700786,0.9991656105718173
XGBoost,0.9999988940155754,0.9999272937148376
