,Train R²,Test R²
Linear Regression,0.9318995714131525,0.9457887710468399
Ridge Regression,0.9318647454668991,0.9451016587679264
Lasso Regression,0.9318841374567691,0.9453238622651191
Random Forest,0.9981383203683575,0.9996652279295496
XGBoost,0.9999977747908917,0.9998527279098617
