,Train R²,Test R²
Linear Regression,0.9369715983627849,0.943406844161063
Ridge Regression,0.9368955174961404,0.9439395986791388
Lasso Regression,0.9369524810815428,0.9440023475061864
Random Forest,0.9963327592130699,0.9950043188518645
XGBoost,0.9999990759108536,0.9998122872138403
