,Train R²,Test R²
Linear Regression,0.9389177639474432,0.9698947076033808
Ridge Regression,0.9388828334386738,0.969628881767538
Lasso Regression,0.9389002261756285,0.9699026476257995
Random Forest,0.9970038619709348,0.9974734781153394
XGBoost,0.9999985945324726,0.9997118343536002
