,Train R²,Test R²
Linear Regression,0.9527450721779019,0.9592068193782094
Ridge Regression,0.9527291753460839,0.9591284241362911
Lasso Regression,0.9527410531794197,0.959201234927274
Random Forest,0.9983584164050656,0.9888976957855272
XGBoost,0.9999974291394268,0.9952133963998233
