,Train R²,Test R²
Linear Regression,0.9340458998699148,0.9476625035895997
Ridge Regression,0.9340237529514851,0.9476044755115592
Lasso Regression,0.9340293863845133,0.9477107521051091
Random Forest,0.9984590625064333,0.9974340168757475
XGBoost,0.999998434734969,0.9998624282682342
