,Train R²,Test R²
Linear Regression,0.9402466380043828,-3.2406028560992707e+18
Ridge Regression,0.9386218796942127,0.9582423374061426
Lasso Regression,0.9386292012152446,0.9582915599269569
Random Forest,0.9984008653212276,0.989706846982403
XGBoost,0.9999959979714105,0.9923528522724805
