,Train R²,Test R²
Linear Regression,0.9503723806190134,0.9548121405444521
Ridge Regression,0.9503570084003572,0.9550061344769938
Lasso Regression,0.9503682293617087,0.954933664592798
Random Forest,0.9987328510634746,0.9886930053820708
XGBoost,0.9999979762400293,0.9918010462712887
