,Train R²,Test R²
Linear Regression,0.9348592243644605,-1.1284631850514412e+19
Ridge Regression,0.930086902937569,0.9380769983344258
Lasso Regression,0.9301097595602483,0.9381973698659736
Random Forest,0.9985305529309422,0.9967602029735897
XGBoost,0.9999973544776967,0.9950592180267767
