,Train R²,Test R²
Linear Regression,0.9424170016808294,0.9670350301853398
Ridge Regression,0.942385101599269,0.9668184202596874
Lasso Regression,0.9423977300518908,0.9670117578456933
Random Forest,0.9965155459021363,0.9940996604428617
XGBoost,0.999998689005544,0.9981886135407545
