,Train MSE,Train RMSE,Train MAE,Train R²,Test MSE,Test RMSE,Test MAE,Test R²
Linear Regression,33.833376774756964,5.816646523105643,3.8511753843485668,0.9709720030164245,331.31755527632737,18.202130514759183,6.518360565144433,0.7224815725307767
Ridge Regression,34.10625631693576,5.840056191248142,3.8650206276234487,0.970737880759578,305.9646757631391,17.49184597928815,6.197878039469026,0.7437176680598789
Lasso Regression,33.848280096294054,5.8179274743068135,3.8319069891183624,0.9709592164247844,325.22496751150305,18.033994774078845,6.431529890297553,0.7275848498814202
Random Forest,1.6813981834959477,1.2966873885003847,0.31064634146342734,0.9985574120572226,206.83543426080664,14.381774378038568,2.2478758064516353,0.8267503681985721
XGBoost,0.00017155621991283494,0.013097947164072504,0.0075138915457377345,0.9999998528100382,189.57350356384174,13.768569408760001,2.118774382068264,0.8412093178854034
