,Train R²,Test R²
Linear Regression,0.9443946345529867,0.9009199087074824
Ridge Regression,0.9442326306065585,0.9037117296825999
Lasso Regression,0.9443781904228055,0.902211093169361
Random Forest,0.9948639996881113,0.9789708977898091
XGBoost,0.99999913160414,0.9825643499935459
