,Train R²,Test R²
Linear Regression,0.9397598360857775,0.9522874916479699
Ridge Regression,0.939711323952562,0.9530124540423879
Lasso Regression,0.939741133089745,0.9528331925854828
Random Forest,0.9974367258728347,0.9984728856654067
XGBoost,0.9999989724652433,0.9999221978531055
