,Train R²,Test R²
Linear Regression,0.9392793348622683,0.9203767359648488
Ridge Regression,0.9391959537596768,0.920579497429445
Lasso Regression,0.9392648693172427,0.9213686813306728
Random Forest,0.9950185088520418,0.979431050620879
XGBoost,0.9999993240725169,0.9825751375290636
