,Train R²,Test R²
Linear Regression,0.9526905399881376,-1.2466387091647863e+19
Ridge Regression,0.9477148779203001,0.872739475058842
Lasso Regression,0.9477338868000825,0.8727599558761832
Random Forest,0.9996670393744165,0.9374239388136194
XGBoost,0.9999985335017468,0.9376338781545499
