,Train R²,Test R²
Linear Regression,0.9436804552952004,-1.022570626197778e+19
Ridge Regression,0.9391536474233928,0.9373578206922106
Lasso Regression,0.9391787893192994,0.9379693412519482
Random Forest,0.9983087544843463,0.9948605976823629
XGBoost,0.9999967171165334,0.9980548974550042
