,Train R²,Test R²
Linear Regression,0.9295121652468274,0.9490630794047477
Ridge Regression,0.9294821482420488,0.9484593171331844
Lasso Regression,0.9294976805531032,0.9486255413643873
Random Forest,0.9980962079767458,0.9953289820713225
XGBoost,0.9999979633788172,0.9984062761968561
