,Train R²,Test R²
Linear Regression,0.9386132619695889,0.9664409815333233
Ridge Regression,0.9385746284056418,0.966325615068063
Lasso Regression,0.9385954707955023,0.9664968945432404
Random Forest,0.9967852418221921,0.9985509482652063
XGBoost,0.9999989380517084,0.9991371204417975
