,Train R²,Test R²
Linear Regression,0.9374834406077094,0.944704810821273
Ridge Regression,0.9374442973110042,0.9446470240926973
Lasso Regression,0.9374770379400401,0.944730912848732
Random Forest,0.9978940515566883,0.9955330968650157
XGBoost,0.9999958030835394,0.9984627331735612
