,Train R²,Test R²
Linear Regression,0.9768690004171723,0.693933644514633
Ridge Regression,0.9764058316447456,0.7232713736155845
Lasso Regression,0.9768124001511124,0.7045758715120302
Random Forest,0.9991753395097225,0.8194796212614137
XGBoost,0.9999995234415456,0.8344214386412974
