,MSE,R²,Correlation
Linear Regression,61.6790868701974,0.9468515723364813,0.9746704315230824
Ridge Regression,59.9024595866336,0.9483824793498137,0.9753580958628887
Lasso Regression,61.106897898698556,0.9473446234775523,0.9748864432367147
Random Forest,12.940409658448035,0.9888493416234305,0.9947890914199822
XGBoost,29.84216080007479,0.9742852236456789,0.9888410825290418
