,Train R²,Test R²
Linear Regression,0.9364155955866271,0.9331308993722738
Ridge Regression,0.9363316215940054,0.9339407909291099
Lasso Regression,0.9364000946309996,0.9333522757886987
Random Forest,0.9954859128883581,0.9997670345327618
XGBoost,0.9999993028077587,0.9997055269945783
