,Train R²,Test R²
Linear Regression,0.9471204196411342,0.9510494110903595
Ridge Regression,0.947106407098446,0.9510586404030156
Lasso Regression,0.9471161832531082,0.9510746393101033
Random Forest,0.998667773491223,0.990136867023693
XGBoost,0.9999971857601072,0.9903873843683826
