,Train R²,Test R²
Linear Regression,0.9415451688504961,0.953297945896054
Ridge Regression,0.9415331859515954,0.9530776491191243
Lasso Regression,0.9415396767933588,0.9532340479978313
Random Forest,0.9984553160028794,0.9990477055899565
XGBoost,0.9999971316700133,0.9986258859404884
