,Train R²,Test R²
Linear Regression,0.9342691780205752,0.9451012504849693
Ridge Regression,0.9341573388233995,0.9474070562707877
Lasso Regression,0.9342510646369206,0.9459941718816058
Random Forest,0.9948626956558345,0.9987236460330468
XGBoost,0.9999994289238225,0.9991374398192072
