,Train R²,Test R²
Linear Regression,0.938554035513836,0.9335446863922412
Ridge Regression,0.9384695532758728,0.9346508264160799
Lasso Regression,0.9385352351231621,0.9342916972340356
Random Forest,0.9938879237750561,0.9996825068435056
XGBoost,0.9999987185097065,0.9997827793227004
