,Train R²,Test R²
Linear Regression,0.9419964218111534,0.9630616174969591
Ridge Regression,0.9419628337903446,0.9632154109781661
Lasso Regression,0.9419782257515119,0.963210758106853
Random Forest,0.9955848469741669,0.9997889917836459
XGBoost,0.9999985692784332,0.999917479961448
