,Train R²,Test R²
Linear Regression,0.9351427867471636,0.9472429083255838
Ridge Regression,0.9350573846959589,0.948635213488701
Lasso Regression,0.9351265842355476,0.947616563438554
Random Forest,0.9958727736063273,0.9953235306931757
XGBoost,0.9999992767863657,0.9958629754986313
