,Train MSE,Train RMSE,Train MAE,Train R²,Test MSE,Test RMSE,Test MAE,Test R²
Linear Regression,28.601229233131097,5.348011708395102,3.4773756276068903,0.9751907358203526,333.29756102440945,18.256438892193884,7.730564235798359,0.7432745096201772
Ridge Regression,28.789203844634148,5.365557179327618,3.4751644916164945,0.9750276829753916,318.0448068158412,17.833810776607482,7.5262749715897,0.7550230828524631
Lasso Regression,28.61249987936982,5.349065327640878,3.4579574657812335,0.9751809594419413,329.4924996993786,18.151928263944264,7.70017278555912,0.7462053928573404
Random Forest,2.212217839125006,1.4873526276996338,0.3430212499999907,0.998081079091167,210.26354973500028,14.500467224713839,2.3740966666666976,0.8380425804833089
XGBoost,0.0001214481545972617,0.011020351836364468,0.005614413102467934,0.9999998946535016,197.1120444743493,14.039659699378376,2.2665908610026033,0.848172647522792
