,Train R²,Test R²
Linear Regression,0.9359172804701403,0.9446516106194548
Ridge Regression,0.9358175991573191,0.9461592931512024
Lasso Regression,0.9358983101603565,0.945723386606826
Random Forest,0.9955550387192387,0.9996588000695739
XGBoost,0.999999134564571,0.9994167344933361
