,MSE,R²,Correlation
Linear Regression,163.7096155461834,0.8781323992148371,0.9410731887741928
Ridge Regression,165.87528728837762,0.8765202445565484,0.9403541960528072
Lasso Regression,163.13618801627285,0.8785592662443712,0.9413425081229754
Random Forest,45.25331164880022,0.9663128369105066,0.9849232894561667
XGBoost,43.80663226276597,0.9673897641593621,0.9852781706320567
