,Train R²,Test R²
Linear Regression,0.9303663839660793,0.946701897804091
Ridge Regression,0.9303442408521866,0.9466006347881042
Lasso Regression,0.9303506324867384,0.9468726882185368
Random Forest,0.9980886440041279,0.9993377628373162
XGBoost,0.9999987762123843,0.9999291814191452
