,Train R²,Test R²
Linear Regression,0.9363662276376583,0.9357496665522742
Ridge Regression,0.9362901435404095,0.9363246618181681
Lasso Regression,0.936347789713177,0.9362397091647575
Random Forest,0.9948356514099594,0.998887878997789
XGBoost,0.999998565088021,0.9990767798741127
