,Train MSE,Train RMSE,Train MAE,Train R²,Test MSE,Test RMSE,Test MAE,Test R²
Linear Regression,32.749663564698906,5.72273217656557,3.780262788222431,0.9726215636239122,313.82036401024203,17.71497569883295,6.881403458379092,0.7313577934977161
Ridge Regression,32.92356706827411,5.73790615715124,3.7641585116887852,0.9724761817943002,300.9732105701487,17.34857949718503,6.785722130392896,0.7423554470703423
Lasso Regression,32.76270350989531,5.723871374331826,3.759559648957706,0.972610662342157,309.6344383473507,17.596432546040425,6.8372018535116315,0.7349411055937309
Random Forest,1.69569573795835,1.30218882576927,0.2999629166666703,0.9985824129831692,199.71962732524622,14.132219476262255,2.4111377049180405,0.8290323780112723
XGBoost,0.0001345573620187511,0.011599886293354391,0.007226011315981503,0.9999998875112055,195.18768946503087,13.9709587883234,2.490179210725377,0.8329118897514975
