,Train R²,Test R²
Linear Regression,0.9426413287910523,0.8742706985866245
Ridge Regression,0.9425783203170813,0.8765598381851026
Lasso Regression,0.9426211056036402,0.8757719193361544
Random Forest,0.9997635769929638,0.9464921892880259
XGBoost,0.999998079878445,0.9471262849557467
