,Train R²,Test R²
Linear Regression,0.9376576617190565,0.952202505498355
Ridge Regression,0.9375950909585946,0.9531069304118078
Lasso Regression,0.9376398451096996,0.9524876314351276
Random Forest,0.9972827995964922,0.9991662494927573
XGBoost,0.9999987695412574,0.9999066167060131
