,Train R²,Test R²
Linear Regression,0.9439686929254847,0.8653430941551907
Ridge Regression,0.94390973599514,0.8675861973545212
Lasso Regression,0.9439480608479422,0.8669539503255805
Random Forest,0.9998469340163001,0.9398504269958293
XGBoost,0.9999982974054091,0.9413721712240821
