,Train R²,Test R²
Linear Regression,0.9324976671330701,0.9605778658768559
Ridge Regression,0.9324225165102111,0.9603862539831903
Lasso Regression,0.9324809557433038,0.9606420894547508
Random Forest,0.9948251732459014,0.9996429951289008
XGBoost,0.999999438397917,0.9998983793196351
