,Train R²,Test R²
Linear Regression,0.9287551897828917,0.941393271960669
Ridge Regression,0.9287285193091293,0.9409364496452288
Lasso Regression,0.9287407454481159,0.9411125218466139
Random Forest,0.9975334116086688,0.9988577870348345
XGBoost,0.9999973889382212,0.9997175196085615
