,Train R²,Test R²
Linear Regression,0.9263305384458104,0.9464722557552008
Ridge Regression,0.9262861978876029,0.9460466210949944
Lasso Regression,0.9263126009314143,0.9462242016293338
Random Forest,0.9973523233794207,0.9998158733934264
XGBoost,0.9999984873154405,0.9998947701645594
