,Train R²,Test R²
Linear Regression,0.9316573139732818,0.9430715374262223
Ridge Regression,0.9316213201202046,0.9425662465314205
Lasso Regression,0.9316419691251742,0.9428154225501426
Random Forest,0.9982092921160677,0.9957327940508439
XGBoost,0.9999975447186904,0.9974781746650323
