,Train R²,Test R²
Linear Regression,0.9303901677436536,0.9486223695952792
Ridge Regression,0.9303579581301367,0.9479575612692042
Lasso Regression,0.9303755960550776,0.9482676383904802
Random Forest,0.9982393574357714,0.9985844901174987
XGBoost,0.9999977477899025,0.999378076817924
