,Train R²,Test R²
Linear Regression,0.9376420601941894,0.948753875341459
Ridge Regression,0.9375763198690786,0.949878310161641
Lasso Regression,0.9376230952976031,0.9498135594724189
Random Forest,0.995867531486714,0.9988169227335622
XGBoost,0.99999905148893,0.9998664007887755
