,Train R²,Test R²
Linear Regression,0.9354828801050515,0.9509347702089288
Ridge Regression,0.9353164521226457,0.9542664950779728
Lasso Regression,0.9354629986850158,0.9523912847723194
Random Forest,0.996489686677767,0.9973615080710285
XGBoost,0.9999994238740147,0.9964675936254581
