,Train R²,Test R²
Linear Regression,0.9387854829314817,0.9446589131655295
Ridge Regression,0.9387545002386324,0.9439816860552562
Lasso Regression,0.9387817287394749,0.9444699982696076
Random Forest,0.9985915729943133,0.9965301444496195
XGBoost,0.9999976363571624,0.9977917695410835
