,Train R²,Test R²
Linear Regression,0.9415424596750639,0.878387839945027
Ridge Regression,0.9414845775857988,0.8806232365285578
Lasso Regression,0.9415212068698199,0.8798360851258052
Random Forest,0.9997608921485392,0.9439950530135343
XGBoost,0.9999984510827759,0.9441620619973023
