,Train R²,Test R²
Linear Regression,0.9304231039594086,0.9516212151752379
Ridge Regression,0.9304000982336302,0.9514385817721163
Lasso Regression,0.9304080165970307,0.9516468093260451
Random Forest,0.9973202290619139,0.9995006486199189
XGBoost,0.9999987617968081,0.9999373557380946
