{
    "mse": 633.4109539059631,
    "r2": 0.5027373090715079,
    "corr_coef": 0.7279289354421392,
    "pearson": 0.7279289354421394
}