,Train R²,Test R²
Linear Regression,0.9399147677784964,0.8882401315158222
Ridge Regression,0.9398467648937342,0.8902630803387931
Lasso Regression,0.9398936817581631,0.889499235710065
Random Forest,0.999883590100598,0.952201090427253
XGBoost,0.9999983306259217,0.9521178738566601
