,Train R²,Test R²
Linear Regression,0.9303102428019699,0.9545360523230378
Ridge Regression,0.9302699607844774,0.9541768075210337
Lasso Regression,0.9302951639889513,0.9544130107195118
Random Forest,0.9986649785259184,0.9993897120023915
XGBoost,0.9999978423689585,0.9997360566677891
