,Train R²,Test R²
Linear Regression,0.9361415858018866,0.9455607709904175
Ridge Regression,0.9360026273731397,0.9492165705172795
Lasso Regression,0.9361259911044186,0.9464819016313505
Random Forest,0.9935565039375224,0.9987616650000392
XGBoost,0.9999992859051693,0.9992255007343853
