,Train R²,Test R²
Linear Regression,0.9478557587003271,0.8752327502337715
Ridge Regression,0.9478182334766019,0.8768900983659306
Lasso Regression,0.9478332282289151,0.8769249338101375
Random Forest,0.9996744868323225,0.9365675888290139
XGBoost,0.9999987947666042,0.936949155638591
