,Train R²,Test R²
Linear Regression,0.9357582862012028,0.9611413738347567
Ridge Regression,0.9357075082800607,0.9614618436438512
Lasso Regression,0.9357396854299793,0.9615957452242518
Random Forest,0.9964771129048111,0.9977110293196895
XGBoost,0.9999990688833983,0.9992118809370729
