,Train R²,Test R²
Linear Regression,0.9401169450109518,0.9565924272048524
Ridge Regression,0.9400675842541686,0.9569564493195659
Lasso Regression,0.9400966716817714,0.9571492074941617
Random Forest,0.99727692502113,0.9976705108679652
XGBoost,0.9999988566226553,0.9994578021175254
