,Train R²,Test R²
Linear Regression,0.9251411554061006,0.9533486286302718
Ridge Regression,0.9250981707095337,0.9527071636948525
Lasso Regression,0.9251233023546919,0.9530202082068457
Random Forest,0.9976072499923028,0.9999416382073202
XGBoost,0.9999979458377152,0.9999418214194588
