,Train R²,Test R²
Linear Regression,0.939371867749972,0.9204220013809573
Ridge Regression,0.9392759531193984,0.9211055595710744
Lasso Regression,0.9393554044494837,0.9213841540384717
Random Forest,0.9965614021617285,0.9826066617714226
XGBoost,0.9999990022012349,0.9853086581025391
