,MSE,R²,Correlation
Linear Regression,65.68846237626059,0.9418792843296341,0.9727969686980781
Ridge Regression,62.15198922655234,0.9450083323081473,0.9743107238690664
Lasso Regression,64.90235635965878,0.9425748257173434,0.9731079056221262
Random Forest,2.05100548016951,0.99818528395948,0.9991035655121857
XGBoost,1.675433475703871,0.9985175875771269,0.9994259678723614
