,Train R²,Test R²
Linear Regression,0.9322464585279642,0.9630832184312962
Ridge Regression,0.9321700911519694,0.9635647473440133
Lasso Regression,0.9322283655641255,0.963413994470961
Random Forest,0.995341101764596,0.999823458072734
XGBoost,0.999999132994529,0.9998704650420907
