,Train R²,Test R²
Linear Regression,0.9296204211951156,0.9483457995825814
Ridge Regression,0.9295801518360348,0.9484218569835424
Lasso Regression,0.9296050961163429,0.9485218016301242
Random Forest,0.9979665463441689,0.997326217931574
XGBoost,0.9999970364761244,0.9992677285660702
