,Train R²,Test R²
Linear Regression,0.9368227197146626,0.9444577071818709
Ridge Regression,0.936735276557983,0.9459055802279734
Lasso Regression,0.9368031979074588,0.945338759834945
Random Forest,0.995689299280972,0.9982653394941374
XGBoost,0.9999991403695307,0.9998472123607067
