,Train R²,Test R²
Linear Regression,0.9445483802087091,0.9561590487567171
Ridge Regression,0.9445157908124241,0.9562842281594353
Lasso Regression,0.9445277444683761,0.9563802597192235
Random Forest,0.9966866232859773,0.9990496660544852
XGBoost,0.9999985165487362,0.9997587919796438
