,Train R²,Test R²
Linear Regression,0.930399999442604,-2.627494704019594e+18
Ridge Regression,0.9292528218904806,0.9304760873238007
Lasso Regression,0.9292565017165142,0.9306049261021709
Random Forest,0.9977780187828714,0.9889032275222011
XGBoost,0.9999948215054346,0.9881540713573825
