,Train R²,Test R²
Linear Regression,0.9737378284153941,0.7471665903307281
Ridge Regression,0.9733012197386937,0.7640189613362707
Lasso Regression,0.9736879335427518,0.7534093928420428
Random Forest,0.9988964958901442,0.8467725001205211
XGBoost,0.9999995091167855,0.8545441731630996
