{
    "mse": 474.69071162166756,
    "r2": 0.6053493048762627,
    "corr_coef": 0.7926986990356435,
    "pearson": 0.7926986990356433
}