,Train R²,Test R²
Linear Regression,0.9343859005139068,0.9472092867641388
Ridge Regression,0.9343471071390632,0.9472026930068754
Lasso Regression,0.9343711474876814,0.9472268218141032
Random Forest,0.9983284767600406,0.9991745979750556
XGBoost,0.9999976070938057,0.9976459169592548
