,Train R²,Test R²
Linear Regression,0.9463266295618257,0.8840130285703924
Ridge Regression,0.9462843904436254,0.8857357031541226
Lasso Regression,0.9463049163473695,0.8856306474345307
Random Forest,0.9996320772842581,0.9418010404703762
XGBoost,0.9999984948398262,0.9421608616639447
