,Train R²,Test R²
Linear Regression,0.9333813025291784,0.9472003294363205
Ridge Regression,0.9333408243228539,0.946479257145848
Lasso Regression,0.9333658876441304,0.9468594759966644
Random Forest,0.9984525139130884,0.9995215477282706
XGBoost,0.9999972427154915,0.9995318675943595
