,Train R²,Test R²
Linear Regression,0.9469722148832879,0.9531344042404971
Ridge Regression,0.9469586280557253,0.9531137895640563
Lasso Regression,0.9469667791497596,0.953193766603346
Random Forest,0.99875922684426,0.9960442501704382
XGBoost,0.9999967646844883,0.9956288470732684
