,Train R²,Test R²
Linear Regression,0.9348704685986342,0.9483831557461204
Ridge Regression,0.934765952728812,0.9495215381876656
Lasso Regression,0.9348530706488063,0.9492343204563625
Random Forest,0.9957387308466086,0.9996075863664634
XGBoost,0.999999272900237,0.9998009454672626
