,Train R²,Test R²
Linear Regression,0.9369850882768106,0.9431362081870194
Ridge Regression,0.9368557134296674,0.9471376727755645
Lasso Regression,0.9369688425879992,0.9443435804151916
Random Forest,0.9939784616762363,0.9996149689720893
XGBoost,0.999999449283124,0.99985124090092
