,Train R²,Test R²
Linear Regression,0.9340597317617803,0.9623702519216151
Ridge Regression,0.9339383750311477,0.9635935111326385
Lasso Regression,0.9340422917856861,0.9628805597568294
Random Forest,0.993327133736075,0.9991057276086887
XGBoost,0.9999991949993271,0.9987101427950601
