,Train R²,Test R²
Linear Regression,0.9277148203822444,0.9437265166116392
Ridge Regression,0.9276732940849767,0.9435353287547599
Lasso Regression,0.9276980043580919,0.9434653078533687
Random Forest,0.9977470073031984,0.9998664999677453
XGBoost,0.9999984485575181,0.9999668281269928
