,Train R²,Test R²
Linear Regression,0.9326120891596653,0.9490394730183647
Ridge Regression,0.9325729095946348,0.9485696581184477
Lasso Regression,0.932596819871688,0.9488226793260982
Random Forest,0.9982950325097953,0.9979815236038752
XGBoost,0.9999964079409079,0.9976349837484785
