,Train R²,Test R²
Linear Regression,0.9427493082986657,0.9494088881958967
Ridge Regression,0.9427040976945489,0.9499910530523967
Lasso Regression,0.9427279464320799,0.9497258428453506
Random Forest,0.997185856746091,0.9983540518758338
XGBoost,0.9999987626021158,0.9998203767135865
