{
    "mse": 501.09933816296376,
    "r2": 0.6165128498341336,
    "corr_coef": 0.7888127004034242,
    "pearson": 0.7888127004034243
}