,Train R²,Test R²
Linear Regression,0.9387991165262541,0.9268861583161521
Ridge Regression,0.9387264408447378,0.9274721109435188
Lasso Regression,0.9387803275388301,0.9271860408105753
Random Forest,0.9958988906989897,0.9989453321054916
XGBoost,0.9999991099574159,0.9997643986926266
