,Train R²,Test R²
Linear Regression,0.9412538430714231,0.8815248031312193
Ridge Regression,0.941189392306746,0.8840019594639723
Lasso Regression,0.9412315238062755,0.8832126904440378
Random Forest,0.999556288677533,0.9464666874323817
XGBoost,0.9999981271744545,0.9465346948275182
