,Train R²,Test R²
Linear Regression,0.9341811350772283,0.9532309066027392
Ridge Regression,0.9341030440941289,0.9549435321948795
Lasso Regression,0.9341635228188699,0.9537986424501378
Random Forest,0.9933207317298611,0.9996002008282012
XGBoost,0.9999992980565073,0.9990497851966336
