,Train R²,Test R²
Linear Regression,0.9385171227795752,0.9653505749234784
Ridge Regression,0.9384764916873142,0.9654164719242474
Lasso Regression,0.9384986342102939,0.9655279901078914
Random Forest,0.9968810596406102,0.9991859380171272
XGBoost,0.9999986961500568,0.9999339641690187
