,Train R²,Test R²
Linear Regression,0.934543527448762,0.9383828049392351
Ridge Regression,0.934484751918925,0.9375445333232356
Lasso Regression,0.9345268683231543,0.938743752325611
Random Forest,0.9955832272116409,0.9930117058337531
XGBoost,0.9999993352416379,0.9988592069174488
