,Train R²,Test R²
Linear Regression,0.9357559550243291,0.9498069764186161
Ridge Regression,0.9357203687225895,0.9493796990859944
Lasso Regression,0.9357499024540152,0.9497238988551223
Random Forest,0.9979172139933721,0.9977326741261185
XGBoost,0.9999963984561439,0.9985333983165203
