,Train R²,Test R²
Linear Regression,0.9277917250141066,0.9379728837279753
Ridge Regression,0.9277810212332871,0.9378834715040069
Lasso Regression,0.9277854091371924,0.9379260678902824
Random Forest,0.9970244689885172,0.9950040034550474
XGBoost,0.9999973146284014,0.9959121742918867
