,MSE,R²,Correlation
Linear Regression,268.6779760303408,0.7842301608371884,0.88835138579089
Ridge Regression,268.2004493242781,0.7846136528601872,0.8885578056637524
Lasso Regression,267.6698313551207,0.785039781400954,0.8888254058556536
Random Forest,49.64851113300019,0.9601282865826309,0.982317214093766
XGBoost,56.24031548603012,0.9548345420559661,0.979957269590857
