,MSE,R²,Correlation
Linear Regression,110.54531218940049,0.9179716074163645,0.9614348528102783
Ridge Regression,101.2580829031102,0.9248630483542201,0.9645129772708991
Lasso Regression,108.85349327195227,0.9192269947647045,0.9619661521920402
Random Forest,1.2497211803572061,0.9990726642534892,0.9995677490831357
XGBoost,1.624006903185174,0.9987949314794573,0.9996202886628973
