,Train R²,Test R²
Linear Regression,0.9345327235674488,0.9611149208741049
Ridge Regression,0.9344707068816579,0.9612754352695541
Lasso Regression,0.9345152830830419,0.961384077993496
Random Forest,0.9976866096772666,0.998413167349839
XGBoost,0.9999991013606,0.9999272742563363
