,Train R²,Test R²
Linear Regression,0.9392299668649855,0.9512746917098663
Ridge Regression,0.9392076840197803,0.9515795931537225
Lasso Regression,0.9392145159177266,0.9514364869091094
Random Forest,0.9975511492882052,0.9981541068225349
XGBoost,0.9999985307326958,0.9995996502926368
