,Train R²,Test R²
Linear Regression,0.9408982916343857,0.9632673959343111
Ridge Regression,0.9408688591374471,0.9633634574298097
Lasso Regression,0.9408802937581063,0.9634197176881837
Random Forest,0.9957442191063124,0.9998242313521121
XGBoost,0.9999986335542993,0.9999099450532305
