,Train R²,Test R²
Linear Regression,0.9407917853039125,0.9455052078957934
Ridge Regression,0.9407438589050752,0.945542241059901
Lasso Regression,0.9407730108948471,0.9459117872079231
Random Forest,0.9969207392615668,0.9973164337147484
XGBoost,0.9999988037574651,0.9999276002624576
