,Train R²,Test R²
Linear Regression,0.9309919188827616,0.9524250165112448
Ridge Regression,0.9309494622399498,0.95227848407408
Lasso Regression,0.9309765742266021,0.9524147588966488
Random Forest,0.9981291722151119,0.9977737528663733
XGBoost,0.9999969379293657,0.9983535078562535
