,Train R²,Test R²
Linear Regression,0.9322359065531418,0.9500227967957924
Ridge Regression,0.9321932216764814,0.9495594132215888
Lasso Regression,0.9322204901553942,0.9498214635561998
Random Forest,0.9981551707091313,0.9975106479310153
XGBoost,0.9999972963233775,0.99727109388142
