,Train R²,Test R²
Linear Regression,0.9412486693439783,0.9543472491200249
Ridge Regression,0.9412360004849596,0.9542911915299956
Lasso Regression,0.941243176293411,0.9543576105375119
Random Forest,0.9984338450492216,0.9969775418413153
XGBoost,0.9999971779106266,0.9945501494916936
