,Train R²,Test R²
Linear Regression,0.9473090748444188,0.8871473546163453
Ridge Regression,0.9472668709827518,0.8887925104701426
Lasso Regression,0.9472873425080378,0.888490177842729
Random Forest,0.9997931917502093,0.9452804081211963
XGBoost,0.9999986882395532,0.9462701764241511
