,Train R²,Test R²
Linear Regression,0.9395871814438254,0.9256698222338009
Ridge Regression,0.9395051133054325,0.9258057485890393
Lasso Regression,0.9395679670281631,0.9263393999386373
Random Forest,0.9955757119453859,0.9860908707335749
XGBoost,0.9999990398964378,0.9878681359994868
