,MSE,R²,Correlation
Linear Regression,223.6437235656392,0.8526133638307318,0.9249947161058171
Ridge Regression,220.4806998195871,0.8546978731682688,0.9262702639121855
Lasso Regression,222.4417622322481,0.8534054854915127,0.9254599940252791
Random Forest,44.28292500196443,0.9708164787648962,0.9863142078923515
XGBoost,45.59537853710003,0.969951540064234,0.9862947298656508
