,Train R²,Test R²
Linear Regression,0.9260765709097009,0.9531532662758683
Ridge Regression,0.9260298668363988,0.9529184485718605
Lasso Regression,0.9260588375936251,0.952865031165358
Random Forest,0.9979556090582526,0.9997989527593265
XGBoost,0.9999979567716512,0.9999126248603332
