,Train R²,Test R²
Linear Regression,0.9330622298302472,0.957413328610946
Ridge Regression,0.9329803309585001,0.9580607407755513
Lasso Regression,0.9330436254872246,0.9576242310482338
Random Forest,0.9948616803246663,0.9990076958891072
XGBoost,0.999999028884722,0.9990669457702747
