,MSE,R²,Correlation
Linear Regression,115.82166239906351,0.9179526082748531,0.9653391355692194
Ridge Regression,113.51924928105875,0.919583624330858,0.9667000585986001
Lasso Regression,115.09944071776458,0.9184642259115761,0.9656642005755665
Random Forest,2.7463308618367024,0.9980545151972383,0.9991390562810191
XGBoost,3.123630536985273,0.9977872383027138,0.9992048958022972
