,Train R²,Test R²
Linear Regression,0.9326464714409667,0.9496072034673324
Ridge Regression,0.9326211895806611,0.9493153750768036
Lasso Regression,0.9326395997662267,0.9495358085645553
Random Forest,0.9978140777599486,0.9963462624420462
XGBoost,0.9999952657335879,0.9969174318753932
