,Train R²,Test R²
Linear Regression,0.9328552721014873,0.9567390280052636
Ridge Regression,0.9328295854347992,0.9569993120535164
Lasso Regression,0.9328384296297919,0.9571086175392901
Random Forest,0.9978118342618219,0.999084283372625
XGBoost,0.999998524865142,0.9997301683649149
