,Train R²,Test R²
Linear Regression,0.946006284928877,0.8973320081095437
Ridge Regression,0.9458200613377141,0.9016351843436238
Lasso Regression,0.9459895100407444,0.8989871110195347
Random Forest,0.9936211473496463,0.9781688800777446
XGBoost,0.9999994011153528,0.9817245923465231
