,Train R²,Test R²
Linear Regression,0.932548168946665,0.9490914366766683
Ridge Regression,0.9325083921612647,0.9487077063113641
Lasso Regression,0.9325329894136766,0.9490385106601569
Random Forest,0.9982306310399008,0.9988540584528915
XGBoost,0.999996077466522,0.9987614674987187
