,MSE,R²,Correlation
Linear Regression,94.0473548568089,0.9278559625872556,0.970671855695943
Ridge Regression,92.00443014197329,0.9294230969025473,0.9715900980736296
Lasso Regression,93.39634259778691,0.9283553562474234,0.9709168730393892
Random Forest,12.533412834347711,0.9903855775018101,0.9958299040000615
XGBoost,9.312665243330084,0.9928562236465864,0.9972641021531172
