,Train R²,Test R²
Linear Regression,0.9331384616798927,0.9593077217222903
Ridge Regression,0.933066937850455,0.9595950082140714
Lasso Regression,0.9331204877375665,0.9595696434341688
Random Forest,0.9934020555308462,0.9989151766704409
XGBoost,0.9999992065042407,0.9989721768174966
