,Train R²,Test R²
Linear Regression,0.9336099296828761,0.9553248842237628
Ridge Regression,0.9335425044164908,0.9552169004825883
Lasso Regression,0.9335929670607427,0.9552756799533801
Random Forest,0.9955364244915081,0.9928266780030294
XGBoost,0.9999990142747591,0.9991811624164352
