,Train R²,Test R²
Linear Regression,0.9343004123114225,0.9551787491111733
Ridge Regression,0.9342197697739865,0.9556290710343409
Lasso Regression,0.934283834630788,0.9556153688375154
Random Forest,0.9938039335053305,0.9982499597866751
XGBoost,0.9999987979233651,0.9978805098771569
