,Train R²,Test R²
Linear Regression,0.9336628800072282,0.9468110652997185
Ridge Regression,0.9336241387907905,0.9466537164646087
Lasso Regression,0.9336477520328373,0.946867188771753
Random Forest,0.9983688286669401,0.9983139138060726
XGBoost,0.9999973012050298,0.996947876221055
