,Train R²,Test R²
Linear Regression,0.9360187135195828,0.9428698335462831
Ridge Regression,0.935928978567362,0.9441479661963126
Lasso Regression,0.9359986827138929,0.9437450133410483
Random Forest,0.9948251946776149,0.9996731503537489
XGBoost,0.9999991886659539,0.9998033575798984
