,Train R²,Test R²
Linear Regression,0.9385836121417035,0.9423595940876237
Ridge Regression,0.9385522975692485,0.9420372258803114
Lasso Regression,0.9385797198222516,0.9423107186702375
Random Forest,0.9987040235047301,0.99465709169533
XGBoost,0.9999976988830297,0.9975971844498945
