{
    "mse": 762.355592254495,
    "r2": 0.4696317260160171,
    "corr_coef": 0.6960977012472231,
    "pearson": 0.6960977012472234
}