,Train R²,Test R²
Linear Regression,0.9450556071658991,0.9012299618906299
Ridge Regression,0.9448898183726142,0.904550088643732
Lasso Regression,0.945039368630055,0.9027053058768052
Random Forest,0.994680349343527,0.9768935907700287
XGBoost,0.9999993379310942,0.9810100530600557
