,Train R²,Test R²
Linear Regression,0.9411908618612684,0.879356012007038
Ridge Regression,0.9411251083202489,0.8816662769842933
Lasso Regression,0.9411704152354491,0.8809561276820905
Random Forest,0.9996460038737793,0.9470618770374784
XGBoost,0.9999983937265896,0.9476042680711019
