,Train R²,Test R²
Linear Regression,0.9769684024865898,0.6963352699826947
Ridge Regression,0.976507851612602,0.725361453090378
Lasso Regression,0.9769111810929566,0.7069890312187461
Random Forest,0.9992104183386182,0.824180279532422
XGBoost,0.9999994732475748,0.8327047382150357
