,Train R²,Test R²
Linear Regression,0.9341702272487118,0.9616189873671421
Ridge Regression,0.9341023996818227,0.9624200863116686
Lasso Regression,0.9341547916605345,0.9619863567418986
Random Forest,0.9924802364281335,0.9998416563267886
XGBoost,0.9999993088502789,0.9999281824963304
