,Train R²,Test R²
Linear Regression,0.9405394137494657,0.8856654004996263
Ridge Regression,0.9404717762776907,0.8874655992554222
Lasso Regression,0.9405180036496014,0.8868244959768625
Random Forest,0.999750339223347,0.9525524056426844
XGBoost,0.9999984903057569,0.9527480214288518
