,Train R²,Test R²
Linear Regression,0.9315389455609636,0.9614545230660679
Ridge Regression,0.9314641234914462,0.9625002369610275
Lasso Regression,0.9315226631203404,0.9618910355668757
Random Forest,0.9933437831550757,0.9995987065085873
XGBoost,0.9999992446404995,0.9997389233078138
