,Train R²,Test R²
Linear Regression,0.9296307783754465,0.954684066473116
Ridge Regression,0.9296080433271641,0.9544626581895064
Lasso Regression,0.9296153423819304,0.95461464435429
Random Forest,0.9970381559173384,0.9987089833831247
XGBoost,0.9999986105840067,0.9995613186434177
