,Train R²,Test R²
Linear Regression,0.9310380050597553,0.950285971106056
Ridge Regression,0.9309878234943726,0.950538873652809
Lasso Regression,0.9310213865152043,0.9505141805670132
Random Forest,0.9981156106606307,0.9964980913189895
XGBoost,0.9999958737998647,0.9980584567413707
