,Train R²,Test R²
Linear Regression,0.9389983656485451,0.9660145344549143
Ridge Regression,0.9389611782435758,0.9658123600247914
Lasso Regression,0.9389788198791813,0.9658167016113924
Random Forest,0.9949244803637429,0.9988865743336262
XGBoost,0.9999988719707803,0.999499545799972
