,Train R²,Test R²
Linear Regression,0.9714835036942489,0.7264894956213404
Ridge Regression,0.9711559299290271,0.743500861923156
Lasso Regression,0.9714329563464942,0.734232886937588
Random Forest,0.9989487017367156,0.8170146002556393
XGBoost,0.9999995081847277,0.8271253970220629
