,Train R²,Test R²
Linear Regression,0.9510917438561037,0.9424743986529409
Ridge Regression,0.951077656196405,0.9425542302508119
Lasso Regression,0.9510877244160388,0.9425119433470317
Random Forest,0.9988481242787601,0.9938426462079477
XGBoost,0.9999963213343531,0.9929437827424288
