,Train R²,Test R²
Linear Regression,0.9358543385541409,0.9509828576998588
Ridge Regression,0.9358307297490285,0.9511779431850085
Lasso Regression,0.9358377923609189,0.9511731749210434
Random Forest,0.9963545239380115,0.9972198260587825
XGBoost,0.9999990399992751,0.9994915574182219
