{
    "mse": 538.4248382817883,
    "r2": 0.5581706976194416,
    "corr_coef": 0.7585609762327878,
    "pearson": 0.758560976232788
}