,MSE,R²,Correlation
Linear Regression,77.91074608592838,0.9437615788094446,0.9723430980253772
Ridge Regression,74.24550680561946,0.9464072635290189,0.9735733895092599
Lasso Regression,77.35972520736388,0.9441593229694006,0.9725269042327761
Random Forest,3.270046894038572,0.9976395775450927,0.9988294382560772
XGBoost,1.6294922483009608,0.9988237813653379,0.9996620922512071
