,Train R²,Test R²
Linear Regression,0.9324746786976321,0.9609399878878548
Ridge Regression,0.9323824169586806,0.9613558133567042
Lasso Regression,0.9324583458766814,0.9610635395997721
Random Forest,0.9951785994471843,0.9980021582983597
XGBoost,0.9999992598333429,0.997448040332625
