,Train R²,Test R²
Linear Regression,0.9303609001095656,0.9481856614446804
Ridge Regression,0.9303222893469801,0.9480358182114031
Lasso Regression,0.9303454720354744,0.9480636692595001
Random Forest,0.9981001612106046,0.9971057759349942
XGBoost,0.9999967307880343,0.9961270520825528
