,Train R²,Test R²
Linear Regression,0.9359148548427457,0.9509738486568149
Ridge Regression,0.9358357906112069,0.9520695808515637
Lasso Regression,0.9358970987778494,0.9515793133456126
Random Forest,0.9960919550114838,0.9996458626455298
XGBoost,0.999999218737449,0.9999137688935827
