,Train R²,Test R²
Linear Regression,0.932855142194623,0.9568954372062055
Ridge Regression,0.9327739826739825,0.9570336209724856
Lasso Regression,0.9328384625457561,0.957049018692996
Random Forest,0.9938956627992055,0.9997885176706764
XGBoost,0.999999317328722,0.9999011546445227
