,Train R²,Test R²
Linear Regression,0.9330592803552926,0.9585862794421534
Ridge Regression,0.9329598865063153,0.9594310228793698
Lasso Regression,0.9330422390938815,0.9589748683464929
Random Forest,0.9955618100991305,0.9997120825039191
XGBoost,0.9999992683647388,0.999908052345444
