,Train R²,Test R²
Linear Regression,0.9791495650619231,0.7707400199579593
Ridge Regression,0.978827931117536,0.7797004510914445
Lasso Regression,0.9791301104729706,0.7722986041434301
Random Forest,0.9997609705784285,0.83405606694227
XGBoost,0.9999995304017606,0.8461535160435123
