,Train R²,Test R²
Linear Regression,0.9357764839600488,0.9517061512407303
Ridge Regression,0.9356798220249931,0.954063839571522
Lasso Regression,0.9357582754318554,0.9527416319519109
Random Forest,0.9937305485049122,0.9998154329641507
XGBoost,0.9999994852174047,0.9994109202753878
