,Train R²,Test R²
Linear Regression,0.9308648660230163,0.9649837340653682
Ridge Regression,0.93078446087557,0.9658924868711467
Lasso Regression,0.9308484935777552,0.9654600776579967
Random Forest,0.9938097914591809,0.9996835813920429
XGBoost,0.9999992739420968,0.9999111532605487
