,Train R²,Test R²
Linear Regression,0.9413143442724836,0.9451291621054481
Ridge Regression,0.9412659093997482,0.9453130722694106
Lasso Regression,0.9412955014965343,0.9456759009805634
Random Forest,0.9966566120266355,0.9984328900469314
XGBoost,0.9999989688795493,0.9993715328365272
