,Train R²,Test R²
Linear Regression,0.9385781160313997,0.9658362467269364
Ridge Regression,0.9385365794831131,0.9657415245293292
Lasso Regression,0.9385597302291836,0.965855649564564
Random Forest,0.9969475451465527,0.998064923870311
XGBoost,0.9999987168964155,0.9993402604056905
