,Train R²,Test R²
Linear Regression,0.9351092064249039,0.9411715272115619
Ridge Regression,0.9350655368630271,0.9411215593046771
Lasso Regression,0.9350936223574859,0.9411700858249247
Random Forest,0.9985507668785581,0.9980735974255712
XGBoost,0.9999967229482466,0.9985534625968161
