,Train R²,Test R²
Linear Regression,0.9467406813428876,0.8794019349178536
Ridge Regression,0.9466951208280513,0.8814121963339877
Lasso Regression,0.9467181717536632,0.8812220614208395
Random Forest,0.9997036394939213,0.9421713127218334
XGBoost,0.9999983390374231,0.9428081055719573
