,Train R²,Test R²
Linear Regression,0.937083485750161,0.9479675263170156
Ridge Regression,0.9370097656826736,0.9489041916970871
Lasso Regression,0.9370647858082859,0.9488116885789369
Random Forest,0.9958892847512884,0.9988825154633959
XGBoost,0.9999990380915065,0.9996842872897553
