,Train R²,Test R²
Linear Regression,0.9371909708758203,0.9515314850680887
Ridge Regression,0.937120670770211,0.9529486674808353
Lasso Regression,0.9371725377040481,0.9525082458348381
Random Forest,0.9967828744486389,0.9993971840125494
XGBoost,0.9999991456000449,0.9999168204534911
