,Train R²,Test R²
Linear Regression,0.9350108939411014,0.9524547732311339
Ridge Regression,0.9349676184036606,0.9525969246795677
Lasso Regression,0.9349958257231219,0.9525288711171938
Random Forest,0.9985310421912057,0.9969869139702326
XGBoost,0.9999967359309557,0.9973599881216486
