,Train R²,Test R²
Linear Regression,0.928646576684796,0.9472441355671752
Ridge Regression,0.9285949545056625,0.9470428229912242
Lasso Regression,0.9286296233381346,0.9471759286344128
Random Forest,0.9986075120263239,0.9997670709544121
XGBoost,0.9999982206208456,0.9998588686148823
