,Train R²,Test R²
Linear Regression,0.9352130270317514,0.9519717424314875
Ridge Regression,0.9351908875923256,0.9518374390901094
Lasso Regression,0.9351972286682284,0.9520108151163558
Random Forest,0.9967030036065265,0.9981534303209492
XGBoost,0.999998745640298,0.9995721120896288
