,Train R²,Test R²
Linear Regression,0.975072439150028,0.7197992008891663
Ridge Regression,0.9748806373844294,0.7311485008453218
Lasso Regression,0.9750475453210421,0.7237095870179278
Random Forest,0.9988612912554352,0.8109047477309143
XGBoost,0.9999996383255442,0.8224165121046381
