,Train R²,Test R²
Linear Regression,0.9405113975347515,0.9291014607832752
Ridge Regression,0.9404989056365205,0.929183761642814
Lasso Regression,0.9405061676887627,0.9292058309450222
Random Forest,0.9983832352371035,0.9941049114775441
XGBoost,0.9999952228850136,0.9937968124886742
