,Train R²,Test R²
Linear Regression,0.9333821402264444,0.9423994339815109
Ridge Regression,0.9333025429959525,0.9438405542911157
Lasso Regression,0.9333640703650083,0.943471661425968
Random Forest,0.9964184927087147,0.9972863198231133
XGBoost,0.9999991792785666,0.9997744436449578
