,Train R²,Test R²
Linear Regression,0.9485060817157165,0.9664983874281814
Ridge Regression,0.9484910777763297,0.9664626445269366
Lasso Regression,0.9485019210324038,0.966518308388435
Random Forest,0.9988676144612176,0.9857289036246736
XGBoost,0.9999952334269611,0.9892722406932091
