,Train R²,Test R²
Linear Regression,0.9396512157966226,0.9588263796444397
Ridge Regression,0.9396020803783327,0.9594997517072273
Lasso Regression,0.9396319305867272,0.9593836594384826
Random Forest,0.99764808758407,0.9972895808442321
XGBoost,0.9999987371960226,0.9992016958986247
