,MSE,R²,Correlation
Linear Regression,98.21744773445971,0.915545072925049,0.9653106226233621
Ridge Regression,98.74867859874009,0.9150882797081854,0.9652966626700192
Lasso Regression,97.69730032223322,0.9159923357360984,0.9655881080435929
Random Forest,4.698071649000142,0.9959602361122036,0.9983200873150982
XGBoost,11.522145911563005,0.9900923714151189,0.9958861134019652
