,MSE,R²,Correlation
Linear Regression,41.026283527261256,0.9613719266510701,0.9823480758452019
Ridge Regression,39.97867617084964,0.962358295640049,0.9827436005958214
Lasso Regression,40.8221508467593,0.9615641266623167,0.9824273830656269
Random Forest,0.5028063553846279,0.9995265854202172,0.9997673862001472
XGBoost,0.44120037945461577,0.9995845901906317,0.9998907399477294
