,Train R²,Test R²
Linear Regression,0.9377233659660004,0.9383369975835503
Ridge Regression,0.9377117193364787,0.9381343099032027
Lasso Regression,0.9377178478228675,0.9382471533078054
Random Forest,0.998199406329337,0.9879783733638597
XGBoost,0.9999948385864441,0.9896691944613877
