,Train R²,Test R²
Linear Regression,0.9290387217297537,0.9518701889594082
Ridge Regression,0.9290048045235181,0.9515523603310028
Lasso Regression,0.9290237276743328,0.9516369133602821
Random Forest,0.9976184335912516,0.9979921897323074
XGBoost,0.9999976567937667,0.9979365389651373
