,Train R²,Test R²
Linear Regression,0.9250133131469085,0.9527284668857775
Ridge Regression,0.9249693658847051,0.9521024018654533
Lasso Regression,0.9249952706943938,0.9522875091147356
Random Forest,0.9971587966960703,0.9997286905854433
XGBoost,0.9999982947141478,0.9996985660506034
