,Train R²,Test R²
Linear Regression,0.9346124148385941,0.94160962051036
Ridge Regression,0.9345980405016752,0.9420052109681912
Lasso Regression,0.9346067929560645,0.9416736481790499
Random Forest,0.9978108056133997,0.9955081184518983
XGBoost,0.9999942445681007,0.9925368001151175
