,Train MSE,Train RMSE,Train MAE,Train R²,Test MSE,Test RMSE,Test MAE,Test R²
Linear Regression,32.827384371710515,5.729518685867995,3.782043825433309,0.9716904336526925,333.4568513899383,18.260800951490005,6.8188344635996785,0.7162056694959208
Ridge Regression,33.09875296003468,5.753151567622279,3.789945712483969,0.9714564117468121,307.79492211960087,17.544085103521383,6.4994143556928075,0.7380457066892252
Lasso Regression,32.842459698805705,5.730834118939904,3.761151726128517,0.971677433044183,327.25477712756174,18.090184552059213,6.731196769514679,0.7214840541075762
Random Forest,1.6706243296371066,1.2925263361483612,0.30752862903226397,0.9985592927610143,205.85769597080667,14.347741842213592,2.2573016129032397,0.824801179631992
XGBoost,0.0002224077687746267,0.014913341972027152,0.007776301291681154,0.9999998082007566,190.54277726830372,13.803723311784532,2.1528446886616353,0.8378352111169793
