,Train R²,Test R²
Linear Regression,0.9362824031922405,0.9456715225220278
Ridge Regression,0.9362449674795283,0.9451607093185852
Lasso Regression,0.9362668560207483,0.9452884565976487
Random Forest,0.9984227905886218,0.9986159547526591
XGBoost,0.9999971032603442,0.9995379304071521
