,Train R²,Test R²
Linear Regression,0.9374739151312842,0.9366392880562073
Ridge Regression,0.9373915097368143,0.9377262966625274
Lasso Regression,0.9374548833344233,0.9375929321193622
Random Forest,0.9952912000209441,0.9986543126283887
XGBoost,0.9999990639572793,0.9987804620970843
