,Train R²,Test R²
Linear Regression,0.9347654304963134,0.9544814422485267
Ridge Regression,0.9347398149892743,0.9545976716190147
Lasso Regression,0.9347476340471367,0.9548245682777063
Random Forest,0.9976470567280564,0.9980216462593806
XGBoost,0.9999984678944841,0.9997457513669183
