,Train R²,Test R²
Linear Regression,0.9351439500600538,0.9465212332433331
Ridge Regression,0.9350671683361741,0.9469919590741007
Lasso Regression,0.9351261188471892,0.9469007723224323
Random Forest,0.9942054892507144,0.9993210345087413
XGBoost,0.9999990307772818,0.9997731783954376
