,Train R²,Test R²
Linear Regression,0.9455068709385851,0.9515788425599245
Ridge Regression,0.9454933879857511,0.9516850579696322
Lasso Regression,0.9455026442290375,0.9516612672572676
Random Forest,0.9986908743706772,0.9989149921898461
XGBoost,0.9999972995661033,0.997929880449132
