,Train R²,Test R²
Linear Regression,0.9398611120725705,-2.5196097617570504e+18
Ridge Regression,0.9384821867422367,0.9507290408648668
Lasso Regression,0.9384904144376119,0.9506903013491205
Random Forest,0.997873934496304,0.9955771228341573
XGBoost,0.9999960530942901,0.9915430361018774
