,Train R²,Test R²
Linear Regression,0.9491132055887902,0.9493217383165915
Ridge Regression,0.9490993115709577,0.9493650348007151
Lasso Regression,0.9491092015674305,0.9493642351253254
Random Forest,0.9982504035548359,0.9964769774049594
XGBoost,0.9999949439651202,0.9955614473276222
