,Train R²,Test R²
Linear Regression,0.9716039370050541,0.7229703807996617
Ridge Regression,0.9710069743550509,0.7529082092964333
Lasso Regression,0.9715474815015265,0.7330101924577066
Random Forest,0.9985862827170933,0.8233053485021061
XGBoost,0.9999996508338169,0.8408470590883407
