,Train R²,Test R²
Linear Regression,0.9353437254245448,0.9522307515913475
Ridge Regression,0.9352263851060204,0.954219139869061
Lasso Regression,0.9353289642488023,0.9528593814197496
Random Forest,0.9918735926267283,0.997397189062867
XGBoost,0.9999993131638732,0.9947646501651053
