,Train R²,Test R²
Linear Regression,0.9423806603562415,0.8871196988137429
Ridge Regression,0.9423119631365791,0.8876511923033401
Lasso Regression,0.9423632114362667,0.8879103495094016
Random Forest,0.9973499154196038,0.9765261801761382
XGBoost,0.999999039141141,0.9798684508097755
