,Train R²,Test R²
Linear Regression,0.9302422236033214,0.9465844252180364
Ridge Regression,0.9301941978598283,0.9473994866144134
Lasso Regression,0.9302253651162262,0.9469566751586469
Random Forest,0.998304609327993,0.9954901107956649
XGBoost,0.9999978635332789,0.9953131473836293
