,Train R²,Test R²
Linear Regression,0.9269205839513857,0.947155219722292
Ridge Regression,0.9268726984023898,0.9471423931793449
Lasso Regression,0.9269029617183873,0.9470860384732845
Random Forest,0.9977808618109394,0.9997826778328347
XGBoost,0.9999982368125953,0.9998070584194501
