,Train R²,Test R²
Linear Regression,0.9319916094016829,0.9432254082846985
Ridge Regression,0.9319504081783455,0.9430558712966374
Lasso Regression,0.9319750589548336,0.9430815140330929
Random Forest,0.9986141822577709,0.9968751122968317
XGBoost,0.9999961568421526,0.9952600848030594
