,Train R²,Test R²
Linear Regression,0.9370847056507918,0.9338631095091294
Ridge Regression,0.9370733013208937,0.9337558278549388
Lasso Regression,0.9370795361804803,0.9338065960894557
Random Forest,0.9984181982562103,0.990524521419931
XGBoost,0.999995954527032,0.982393650048065
