,Train R²,Test R²
Linear Regression,0.9371958721744019,0.9535306390723511
Ridge Regression,0.9371463749140067,0.9531645460000986
Lasso Regression,0.9371778199353822,0.9537216039286648
Random Forest,0.9974475805536088,0.9985090418260699
XGBoost,0.9999990927831409,0.9977772942057885
