,Train R²,Test R²
Linear Regression,0.9344748378401965,0.9294306234376986
Ridge Regression,0.9344451394501674,0.9287951540856869
Lasso Regression,0.9344606115220135,0.9289854721719403
Random Forest,0.9983056181037641,0.9983843625753661
XGBoost,0.9999975366765296,0.9982528186909095
