,Train R²,Test R²
Linear Regression,0.9342590423020527,0.9449130581179515
Ridge Regression,0.9342379599960131,0.944760821851751
Lasso Regression,0.9342435117174316,0.944919144294604
Random Forest,0.9985199490292419,0.9974048911427253
XGBoost,0.9999987240181146,0.9997287832963815
