,Train R²,Test R²
Linear Regression,0.9449518127869843,0.9103932742013731
Ridge Regression,0.9447667010942229,0.915231618650201
Lasso Regression,0.9449358460929022,0.9120650073390248
Random Forest,0.9938551345331262,0.9773905704172371
XGBoost,0.9999992729662128,0.9805181619094974
