,MSE,R²,Correlation
Linear Regression,85.59612412465685,0.9293459340347385,0.9657064071108922
Ridge Regression,79.48066721141872,0.9343938483015853,0.9678155657861979
Lasso Regression,84.48010066078832,0.9302671392439851,0.9660858790661381
Random Forest,1.8313375336842284,0.9984883492771104,0.9992473039335366
XGBoost,1.1633879089461432,0.9990396985038462,0.9996666613906693
