,Train R²,Test R²
Linear Regression,0.9370707702630812,0.9681313153094684
Ridge Regression,0.9370314269937389,0.9680177720212741
Lasso Regression,0.9370521738623947,0.9680416325091978
Random Forest,0.9969103296670218,0.9988362264441584
XGBoost,0.9999988709537853,0.9998628857182479
