,MSE,R²,Correlation
Linear Regression,63.41096018820797,0.9507405250120018,0.9763510257560458
Ridge Regression,61.26726937621953,0.952405806276025,0.9769083287852757
Lasso Regression,62.942689773592605,0.9511042910661335,0.9764881503088076
Random Forest,2.385359541186445,0.9981469834503734,0.9990961607565005
XGBoost,1.2427674555793469,0.9990345821572121,0.9996854801511481
