,Train R²,Test R²
Linear Regression,0.9320413689510726,0.9358246105422682
Ridge Regression,0.9320075017351803,0.9358233277196727
Lasso Regression,0.93202748673011,0.9358271875291682
Random Forest,0.9979918557418046,0.9971918346146524
XGBoost,0.9999972141273737,0.9974775934621282
