{
    "mse": 503.5052793288193,
    "r2": 0.6070912906166658,
    "corr_coef": 0.7822022122030138,
    "pearson": 0.7822022122030138
}