,Train R²,Test R²
Linear Regression,0.9308152681867816,0.9471308437547007
Ridge Regression,0.9307816389097213,0.9466921008799599
Lasso Regression,0.930801024449432,0.9468153758479194
Random Forest,0.9987377480946984,0.9994751559843271
XGBoost,0.9999983193303305,0.9993652811089462
