,Train R²,Test R²
Linear Regression,0.9360327050366795,0.9396042059789125
Ridge Regression,0.9359553460941796,0.9400965976163722
Lasso Regression,0.9360136437622246,0.939953701318838
Random Forest,0.9939851105076138,0.9985915089449181
XGBoost,0.999999236279596,0.999051888957935
