,Train R²,Test R²
Linear Regression,0.9321225521219823,0.9652456629562901
Ridge Regression,0.9320527350744268,0.965854945456333
Lasso Regression,0.9321080928093243,0.9654745823306524
Random Forest,0.9939526318423166,0.9996759309265152
XGBoost,0.9999991806361989,0.999804358258672
