,Train R²,Test R²
Linear Regression,0.9373332465017988,0.9533236836077247
Ridge Regression,0.937282151835634,0.9535454846719901
Lasso Regression,0.9373144731148577,0.953741884747672
Random Forest,0.9961854864493825,0.9982224132500066
XGBoost,0.9999989430877414,0.9992948759039039
