,Train R²,Test R²
Linear Regression,0.9404902376018767,0.8831274274743159
Ridge Regression,0.9404173358390114,0.8856287864316004
Lasso Regression,0.940469663252086,0.8847130947009377
Random Forest,0.9997448635354118,0.9487425867887357
XGBoost,0.9999984023638416,0.9491119584770746
