,Train R²,Test R²
Linear Regression,0.9366149468417266,0.9509238546054488
Ridge Regression,0.9365390541406406,0.9518360256706725
Lasso Regression,0.936595952713189,0.9516993871901568
Random Forest,0.9961182160533313,0.9981587459623721
XGBoost,0.9999989905964285,0.9998480149503424
