,Train R²,Test R²
Linear Regression,0.9447898853470319,0.9624425836260152
Ridge Regression,0.9447566175662616,0.9626215212937183
Lasso Regression,0.9447714592061255,0.9625284193235756
Random Forest,0.9956232392599602,0.9982122362532734
XGBoost,0.9999986697965974,0.9985697655157788
