,Train R²,Test R²
Linear Regression,0.9313731340825186,0.9428885488923621
Ridge Regression,0.9313510050398186,0.9428515008791777
Lasso Regression,0.9313573158728646,0.9431086734514708
Random Forest,0.9980633075832005,0.9993258154066725
XGBoost,0.9999984030900989,0.999917267790633
