,Train R²,Test R²
Linear Regression,0.9339539747400437,-8.676150594713309e+18
Ridge Regression,0.9299814444873846,0.9455914999171905
Lasso Regression,0.9299942336987925,0.9455331728739363
Random Forest,0.9974669135447095,0.9992828810805192
XGBoost,0.9999986244440314,0.9996846581607649
