,Train R²,Test R²
Linear Regression,0.9298678548889464,0.9496565916389932
Ridge Regression,0.9298187656494294,0.9504751715261673
Lasso Regression,0.9298519171712242,0.9501695871042346
Random Forest,0.9982915023936717,0.9950273294307107
XGBoost,0.9999979248665777,0.9951309586751479
