,Train R²,Test R²
Linear Regression,0.9266799693746312,0.948209067322819
Ridge Regression,0.926635979110773,0.9479305806550862
Lasso Regression,0.9266614562205864,0.9480762182263539
Random Forest,0.9986828105516001,0.9998848900271038
XGBoost,0.9999982092186137,0.9999087016878282
