{
    "mse": 547.8091063505591,
    "r2": 0.5486887881736954,
    "corr_coef": 0.783444096556504,
    "pearson": 0.7834440965565044
}