,MSE,R²,Correlation
Linear Regression,111.42307325650187,0.9069546279833742,0.9539627782285008
Ridge Regression,104.45450135898946,0.9127738299285226,0.9568295597404197
Lasso Regression,110.43750526865054,0.9077776401064217,0.9543607372057361
Random Forest,1.0891151384615683,0.9990905194026213,0.9995488476860127
XGBoost,2.5170264986685384,0.9978981223538397,0.9993847632321802
