,Train R²,Test R²
Linear Regression,0.9406978966025562,0.8832668922828012
Ridge Regression,0.940640299537049,0.8854155723047406
Lasso Regression,0.9406768781018209,0.884962986645303
Random Forest,0.9996669102192389,0.9442780761725043
XGBoost,0.9999987406398982,0.9443685379200976
