,Train R²,Test R²
Linear Regression,0.9344531240100243,0.9380430860075339
Ridge Regression,0.9343942453468282,0.9369895724205162
Lasso Regression,0.9344364820645538,0.9383550365918741
Random Forest,0.9971372290226556,0.9914323508042574
XGBoost,0.9999994505416196,0.9987561503782152
