,Train R²,Test R²
Linear Regression,0.9349388029036181,0.9490006446877282
Ridge Regression,0.9348694766999878,0.9491207710902981
Lasso Regression,0.9349207210112176,0.9491464940245338
Random Forest,0.9976802686250794,0.9992116289566035
XGBoost,0.9999990357878542,0.9997600376717595
