,Train R²,Test R²
Linear Regression,0.9420798734613017,0.8799339898866015
Ridge Regression,0.9420151851607493,0.8821322477190777
Lasso Regression,0.9420586243135854,0.8814841893497982
Random Forest,0.9997144482914556,0.9500117379461188
XGBoost,0.9999981085991744,0.9502971524425565
