,Train R²,Test R²
Linear Regression,0.9473293263846774,-3.279794335969901e+18
Ridge Regression,0.9458539519132291,0.9513651468918707
Lasso Regression,0.9458627174604148,0.9515074527369133
Random Forest,0.9986781957540599,0.993303188232992
XGBoost,0.9999960474891205,0.994429028677483
