,Train R²,Test R²
Linear Regression,0.9734454981069075,0.7431583046526733
Ridge Regression,0.9729946249969956,0.7655835184277499
Lasso Regression,0.9733891463218309,0.7517543231763696
Random Forest,0.9985094629347747,0.8318086394595692
XGBoost,0.9999996105823602,0.8487233581543195
