,Train R²,Test R²
Linear Regression,0.9443676760045205,0.9569483626535238
Ridge Regression,0.9443286311131551,0.9575447227291404
Lasso Regression,0.9443469527654118,0.9574159418144472
Random Forest,0.9948225455193873,0.9988513156963859
XGBoost,0.9999982194260684,0.9996380424707716
