,Train R²,Test R²
Linear Regression,0.9325022258533694,0.9626803807126801
Ridge Regression,0.9324798224420998,0.9625105755697873
Lasso Regression,0.932486346327064,0.962688430860096
Random Forest,0.9975940802752538,0.9985680006148692
XGBoost,0.999998594345101,0.9998491896365261
