,Train R²,Test R²
Linear Regression,0.9364907629045889,0.945239155001005
Ridge Regression,0.9364210780054292,0.9460170841869922
Lasso Regression,0.9364719729259867,0.946093840142116
Random Forest,0.9957491521503391,0.9992376230288282
XGBoost,0.9999992559491696,0.9994697748812855
