,Train R²,Test R²
Linear Regression,0.9322139509680336,0.9619943296661945
Ridge Regression,0.9321239968857808,0.9626299183789205
Lasso Regression,0.9321969903420475,0.9624025669279199
Random Forest,0.9938743512494383,0.9998402123807056
XGBoost,0.9999990535856005,0.9998931370089634
