,Train R²,Test R²
Linear Regression,0.9291412014401061,0.9506699144958715
Ridge Regression,0.929114843720334,0.9507708566661083
Lasso Regression,0.9291254195476586,0.9510118190205749
Random Forest,0.997964407297684,0.9991478087826194
XGBoost,0.9999986985725658,0.9995107988543328
