,Train R²,Test R²
Linear Regression,0.9423362884113772,0.9464567189376569
Ridge Regression,0.9423247837624869,0.9461199623640429
Lasso Regression,0.942330833513521,0.9462915653857853
Random Forest,0.9985557059341945,0.9975598360759975
XGBoost,0.999997564847152,0.9953737631744278
