,Train R²,Test R²
Linear Regression,0.9367265550923686,0.9482107609107518
Ridge Regression,0.93668439255463,0.9480185286479929
Lasso Regression,0.9367115559194535,0.9480130924244188
Random Forest,0.9984148767629079,0.9986125237307842
XGBoost,0.9999972905279337,0.9997088347711999
