{
    "mse": 584.0495865806325,
    "r2": 0.5760308579673282,
    "corr_coef": 0.7829442266403626,
    "pearson": 0.7829442266403623
}