,Train MSE,Train RMSE,Train MAE,Train R²,Test MSE,Test RMSE,Test MAE,Test R²
Linear Regression,33.575667791882424,5.7944514660045625,3.834528194244548,0.9710932342816321,331.19541308891746,18.198775043637344,6.4933198115312685,0.7219316223036355
Ridge Regression,33.84618138757606,5.8177471058457035,3.8486358898215753,0.9708603372568336,305.85068951534527,17.488587407659466,6.172149935220419,0.7432108003621007
Lasso Regression,33.59061203045088,5.795740852596058,3.8152479228114218,0.9710803681308882,325.111620743612,18.030851913972672,6.407205479249222,0.7270395139012962
Random Forest,1.6706260598785558,1.2925270054736016,0.3079939271255062,0.9985616847171812,207.2351490783875,14.39566424582025,2.2367064516129225,0.8260074281571632
XGBoost,0.00014920545505316032,0.012214968483510726,0.006133549995267141,0.9999998715424765,192.4580542447377,13.872925223064446,2.135583126929497,0.8384141301375291
