,Train R²,Test R²
Linear Regression,0.9358993453024279,0.9570045761302498
Ridge Regression,0.9358681298416829,0.9567601677850907
Lasso Regression,0.9358939247140052,0.9569565786365904
Random Forest,0.9976599310925653,0.9998313680177094
XGBoost,0.9999977466281517,0.999528730680929
