,MSE,R²,Correlation
Linear Regression,49.707591847125464,0.9615221905479497,0.9820544459590549
Ridge Regression,48.67348965161997,0.9623226716365323,0.9824959171092312
Lasso Regression,49.54949308248437,0.9616445721382543,0.9821417678532638
Random Forest,0.8538091643750167,0.9993390807095167,0.9996845715894498
XGBoost,0.7398523167166092,0.9994272927855199,0.9998690615535113
