,Train R²,Test R²
Linear Regression,0.941095008765525,0.8857489269238954
Ridge Regression,0.9410285331395907,0.8878121188341573
Lasso Regression,0.9410724056872445,0.8872168775320821
Random Forest,0.9997173215850035,0.9517233869148205
XGBoost,0.9999984980197177,0.9518705008411921
