,Train R²,Test R²
Linear Regression,0.9420056554043542,0.9144458117296168
Ridge Regression,0.9419129609764623,0.914489185724086
Lasso Regression,0.9419884064779701,0.9151505504294406
Random Forest,0.9972795234949543,0.9814767045324604
XGBoost,0.9999992000814704,0.9843153567936209
