,Train R²,Test R²
Linear Regression,0.9394823490405745,0.9562215588715666
Ridge Regression,0.9394336440050125,0.9568275054199468
Lasso Regression,0.9394632728019577,0.9568846316518191
Random Forest,0.9959627417338606,0.9989604602038242
XGBoost,0.9999987733745215,0.9995719664686488
