,Train R²,Test R²
Linear Regression,0.935318680191331,0.958832720070543
Ridge Regression,0.935284211036749,0.9587248346252271
Lasso Regression,0.9353125670258141,0.9588370864432317
Random Forest,0.9978395226469244,0.9979163917185625
XGBoost,0.999997591539918,0.9973825456044388
