,Train R²,Test R²
Linear Regression,0.9341256594819395,0.9452986651280769
Ridge Regression,0.9340866277152479,0.9453078805646473
Lasso Regression,0.9341103307736597,0.9453159676391417
Random Forest,0.9986850699434314,0.9979929901585451
XGBoost,0.9999970579933193,0.9987854797197886
