,Train R²,Test R²
Linear Regression,0.9401593582786765,0.9528887972577013
Ridge Regression,0.9401126933741031,0.9530751433170083
Lasso Regression,0.9401397311009039,0.9533317340260192
Random Forest,0.9964173271278409,0.999166523445802
XGBoost,0.9999988658312586,0.9994184502014097
