,Train R²,Test R²
Linear Regression,0.9408124406001472,0.8851439220472933
Ridge Regression,0.9407461896733091,0.8869402934521952
Lasso Regression,0.9407909701221644,0.8863119272409596
Random Forest,0.9997187083017971,0.9519127667273666
XGBoost,0.9999984068117226,0.9518115520228984
