,Train R²,Test R²
Linear Regression,0.9376463906936767,0.9365745666445919
Ridge Regression,0.937553067606745,0.9382695070630358
Lasso Regression,0.9376290309056042,0.937462717741917
Random Forest,0.9935940137156676,0.9998499737289394
XGBoost,0.9999992866503549,0.9998783670505144
