,Train R²,Test R²
Linear Regression,0.9328912731742968,0.9581565740188466
Ridge Regression,0.9328216425451972,0.9575107993306525
Lasso Regression,0.9328757766799657,0.9580523741394223
Random Forest,0.994902613489192,0.9988414254206259
XGBoost,0.9999992826984012,0.9989377917491443
