,MSE,R²,Correlation
Linear Regression,98.29588678732439,0.9308301223710973,0.9689174079226924
Ridge Regression,94.74921106592397,0.9333258842351665,0.970533331164768
Lasso Regression,97.61766941042492,0.9313073774679197,0.9691732976098212
Random Forest,0.5480769155101829,0.9996143235041046,0.9998251738402726
XGBoost,1.5659557807526652,0.9988980518588607,0.9996367952540356
