,Train R²,Test R²
Linear Regression,0.9307225327345446,0.950626804010917
Ridge Regression,0.9306842601874232,0.9500237045051062
Lasso Regression,0.930706503141964,0.950302496250471
Random Forest,0.9981480378128897,0.9987750266103658
XGBoost,0.999996783331691,0.9987536651836099
