,Train R²,Test R²
Linear Regression,0.9452662280153717,0.9597039186115699
Ridge Regression,0.9452343970889316,0.9598581480459525
Lasso Regression,0.9452474345337682,0.9598852477820644
Random Forest,0.9955210576845561,0.9985693017529051
XGBoost,0.9999984902143366,0.9988661520627552
