,Train R²,Test R²
Linear Regression,0.9303149363389589,0.9523107042470862
Ridge Regression,0.930278152391149,0.9518823186409054
Lasso Regression,0.9302999005498421,0.9520561275649596
Random Forest,0.9981411273671912,0.9984192842057545
XGBoost,0.9999968333859666,0.9981328102750932
