,Train R²,Test R²
Linear Regression,0.9478074390006431,0.8739533319978132
Ridge Regression,0.9477656199025063,0.8760470682705241
Lasso Regression,0.9477846233415623,0.875689839145781
Random Forest,0.9997318158565095,0.9390834960720739
XGBoost,0.9999984294779647,0.9396428306661604
