,Train R²,Test R²
Linear Regression,0.9396760182549477,0.9500160035021098
Ridge Regression,0.9396261306694695,0.9503453884179143
Lasso Regression,0.9396571269726399,0.950573977365864
Random Forest,0.9974716488233221,0.9977783021283846
XGBoost,0.999999014224646,0.9992976382157589
