,Train R²,Test R²
Linear Regression,0.9312797396521814,0.9479611277990555
Ridge Regression,0.9312572709384385,0.9476418436807266
Lasso Regression,0.9312634350561722,0.9479683940130545
Random Forest,0.9964696383165623,0.9991132448171691
XGBoost,0.9999989836613359,0.9998912917506524
