,Train R²,Test R²
Linear Regression,0.9331632429137633,0.9505704588256788
Ridge Regression,0.9330900256487702,0.9511620953974494
Lasso Regression,0.93314531204076,0.9512559382568484
Random Forest,0.9958368307753767,0.9982674585342536
XGBoost,0.9999992371876734,0.9998010941904724
