,Train R²,Test R²
Linear Regression,0.9367371916592466,0.9531706587061186
Ridge Regression,0.9366700654778771,0.9533658377299745
Lasso Regression,0.9367200223416876,0.953551199274309
Random Forest,0.9956897730970838,0.9998608203339783
XGBoost,0.9999992210735852,0.9998346029410168
