,Train R²,Test R²
Linear Regression,0.9383906458020254,0.971172975614237
Ridge Regression,0.9383541641632404,0.970940032565253
Lasso Regression,0.9383727221482855,0.9712405891340539
Random Forest,0.9963294753382747,0.9984828065562983
XGBoost,0.9999987448063549,0.9990648647802544
