,Train R²,Test R²
Linear Regression,0.9310580141538218,0.9389027635303292
Ridge Regression,0.9310286563218707,0.9385167552722837
Lasso Regression,0.9310443963715571,0.9386318268668182
Random Forest,0.9980216082564095,0.9996197882138863
XGBoost,0.9999975385928713,0.9994288238731266
