,Train R²,Test R²
Linear Regression,0.9479640836528153,0.8759869155560236
Ridge Regression,0.947923258373868,0.87776553673889
Lasso Regression,0.9479421321027502,0.8776661135918741
Random Forest,0.9995900833680135,0.9376006066882155
XGBoost,0.9999984262403807,0.9378581631358301
