,Train R²,Test R²
Linear Regression,0.9339127857534747,0.9490336523191034
Ridge Regression,0.9338388029839414,0.9492707416362975
Lasso Regression,0.9338954668253217,0.949337425642433
Random Forest,0.9942690333765997,0.999488910769676
XGBoost,0.9999991766408877,0.9994400965352865
