,Train R²,Test R²
Linear Regression,0.9414687841220629,0.9537755851886237
Ridge Regression,0.9414241349238872,0.9542192740306014
Lasso Regression,0.9414476211706282,0.9541021001904694
Random Forest,0.9957923711958333,0.9975173835458191
XGBoost,0.9999985953307807,0.9993293993601235
