,Train R²,Test R²
Linear Regression,0.9447363958580413,0.9045913355077033
Ridge Regression,0.9445601072878623,0.9079738120113908
Lasso Regression,0.9447196319822893,0.9060150267766747
Random Forest,0.9934527791315756,0.97782628519768
XGBoost,0.9999990390833868,0.9816569237980469
