,Train R²,Test R²
Linear Regression,0.9295336804475464,-4.316370218274377e+18
Ridge Regression,0.9278633758555996,0.9434204668204433
Lasso Regression,0.9278669535645164,0.9435356062412751
Random Forest,0.9972809625949035,0.9982348023041047
XGBoost,0.9999951477709972,0.9960718513143336
