,Train R²,Test R²
Linear Regression,0.945101904443573,0.8771518944995558
Ridge Regression,0.9450561335402129,0.8787414494949436
Lasso Regression,0.9450802053714721,0.8784182470878539
Random Forest,0.9996859406220474,0.9400611949574266
XGBoost,0.9999987809154601,0.9406133072203375
