{
    "mse": 447.04736654203447,
    "r2": 0.64670994246321,
    "corr_coef": 0.8446527789886472,
    "pearson": 0.8446527789886472
}