,Train R²,Test R²
Linear Regression,0.9462184426885861,0.8825956695127849
Ridge Regression,0.9461746440016947,0.8846054764442007
Lasso Regression,0.9461961808058238,0.8844482927609508
Random Forest,0.9997506559844239,0.9401060874816857
XGBoost,0.9999986566934446,0.9400739761059081
