,Train R²,Test R²
Linear Regression,0.9291664161958972,0.9470891424633637
Ridge Regression,0.9291351498666047,0.9468486879756565
Lasso Regression,0.9291519510215925,0.9468114061985511
Random Forest,0.9984019759989659,0.9996633738021274
XGBoost,0.999997560263593,0.9992970704459002
