,Train R²,Test R²
Linear Regression,0.9325583553579853,0.9423205453829819
Ridge Regression,0.9325334394624447,0.9426111703260106
Lasso Regression,0.9325416464756375,0.9426351783123863
Random Forest,0.9971398493608157,0.9951857788888616
XGBoost,0.9999984993688575,0.9997922185186484
