,Train R²,Test R²
Linear Regression,0.929891467561283,0.9549537297283315
Ridge Regression,0.9298544269412629,0.9546783717513653
Lasso Regression,0.9298762080384259,0.9548180909886861
Random Forest,0.9979915624097018,0.9982722912327846
XGBoost,0.999997220720134,0.9990581012493104
