,Train R²,Test R²
Linear Regression,0.9424060353242787,0.9709381646254627
Ridge Regression,0.9423758832867195,0.9706335287208717
Lasso Regression,0.9423866772441888,0.9708677811137271
Random Forest,0.9962578629082361,0.997277167671499
XGBoost,0.9999985102782176,0.9999476146549596
