,Train R²,Test R²
Linear Regression,0.928090329650045,0.9525142989532763
Ridge Regression,0.9280660858400942,0.9524551795408002
Lasso Regression,0.9280747707678417,0.9524852566134984
Random Forest,0.997644604716131,0.9985590756280732
XGBoost,0.9999984583920661,0.9988919061849553
