,Train R²,Test R²
Linear Regression,0.9769160618553652,0.7055219493597379
Ridge Regression,0.9763680995741583,0.7374376199737882
Lasso Regression,0.9768563827086121,0.7164588235413056
Random Forest,0.998383314888205,0.8316226820958125
XGBoost,0.9999992987314918,0.8442919357436274
