,Train R²,Test R²
Linear Regression,0.9279518252207261,0.9396761528637827
Ridge Regression,0.9279411679581312,0.9395939769044183
Lasso Regression,0.9279456903352084,0.9396449178294939
Random Forest,0.997736152492674,0.9970443403840743
XGBoost,0.9999939185167439,0.993089021324153
