,Train R²,Test R²
Linear Regression,0.9306649077250392,0.9455901713824144
Ridge Regression,0.93063702425598,0.9450231377893195
Lasso Regression,0.9306516815504017,0.9451984884758149
Random Forest,0.9986265640242841,0.9993270151478395
XGBoost,0.9999980443421391,0.9997651331529671
