,Train R²,Test R²
Linear Regression,0.9347329039669574,0.9541094730709286
Ridge Regression,0.9347107975964459,0.9540171979353317
Lasso Regression,0.9347154133834294,0.9542671052467927
Random Forest,0.9978687733856705,0.9991024328086812
XGBoost,0.9999987276857772,0.9999144556247183
