{
    "mse": 330.53556487387874,
    "r2": 0.7389637613503208,
    "corr_coef": 0.8695730460324418,
    "pearson": 0.8695730460324413
}