,Train R²,Test R²
Linear Regression,0.9334028056116466,0.9420117916153055
Ridge Regression,0.9333160683626702,0.9421529454156728
Lasso Regression,0.9333852171357293,0.9424778460944824
Random Forest,0.9954314530304085,0.999714285459258
XGBoost,0.9999994437437576,0.999667881272176
