,Train R²,Test R²
Linear Regression,0.9330357791436867,0.9654206191552132
Ridge Regression,0.9329335924085975,0.9659103601371127
Lasso Regression,0.9330204861942147,0.9656529601687578
Random Forest,0.993267635971161,0.9973964983169387
XGBoost,0.9999993596927341,0.9947840335329137
