,Train R²,Test R²
Linear Regression,0.9316405957156837,0.9292690123167255
Ridge Regression,0.9316255117262515,0.9292809144228767
Lasso Regression,0.9316340856659637,0.9292120904072962
Random Forest,0.998122018237121,0.9946500227879247
XGBoost,0.9999934746806024,0.9974277430681773
