,Train R²,Test R²
Linear Regression,0.9455468282214323,0.9596027363986346
Ridge Regression,0.945515105637328,0.9597254601506332
Lasso Regression,0.9455279126026613,0.9597588867239083
Random Forest,0.9968469064166149,0.998615631791307
XGBoost,0.9999986153009408,0.9987441727587065
