,Train R²,Test R²
Linear Regression,0.9406331755209503,0.9661679407767185
Ridge Regression,0.9405973263710731,0.9661274375482266
Lasso Regression,0.9406160033068555,0.9662248240687021
Random Forest,0.9984487823232531,0.9961655406946675
XGBoost,0.9999991036272668,0.9991072759423713
