,MSE,R²,Correlation
Linear Regression,40.8185624854143,0.9671144068007417,0.9850708241522912
Ridge Regression,41.3337746761064,0.9666993246057121,0.984982907637659
Lasso Regression,40.86771364289675,0.9670748080282269,0.9850556055938381
Random Forest,3.6729821485185274,0.9970408512840824,0.9985942232066938
XGBoost,0.7602929321583657,0.9993874677951198,0.9998213322614014
