,Train R²,Test R²
Linear Regression,0.9350884099411508,0.9614788024121041
Ridge Regression,0.9350647452147922,0.9617325877389915
Lasso Regression,0.9350724461793363,0.9615489517685147
Random Forest,0.9963726495410548,0.9978044442433671
XGBoost,0.9999988591190369,0.9995212891306937
