,Train R²,Test R²
Linear Regression,0.9479069094011108,0.9509421216319506
Ridge Regression,0.94789405616888,0.9508731266498032
Lasso Regression,0.9479029065780249,0.9509375501010058
Random Forest,0.998640901414299,0.9908270377579487
XGBoost,0.9999971024381558,0.9907766489665464
