,Train R²,Test R²
Linear Regression,0.9352601991402874,0.954263558739244
Ridge Regression,0.9351191800502792,0.9568349720998298
Lasso Regression,0.9352432871837492,0.9552619098020376
Random Forest,0.993424486281824,0.9971146456523924
XGBoost,0.999999400738202,0.9962398418762355
