,MSE,R²,Correlation
Linear Regression,181.96932928042352,0.8778823722700827,0.9379389098673471
Ridge Regression,182.1544534001305,0.8777581374969833,0.9381160686272934
Lasso Regression,180.9792854298782,0.878546779875778,0.9383192523327818
Random Forest,48.87413158608702,0.9672011045473757,0.984933986733906
XGBoost,39.58404005816758,0.9734355834195544,0.9875663195903085
