{
    "mse": 779.6490200606677,
    "r2": 0.3579524497473564,
    "corr_coef": 0.6278726101830541,
    "pearson": 0.627872610183054
}