,Train R²,Test R²
Linear Regression,0.9269774556690401,0.944365691205051
Ridge Regression,0.926935192124804,0.9438380184205222
Lasso Regression,0.9269591718398114,0.9440341516873143
Random Forest,0.9977797320457972,0.9996379595277541
XGBoost,0.9999980947767405,0.9998702835933375
