,Train R²,Test R²
Linear Regression,0.9311309235121967,0.9475500165490234
Ridge Regression,0.9311060680310801,0.9477049074907979
Lasso Regression,0.9311156896280164,0.9478156871846568
Random Forest,0.9977760206415949,0.9992201220813989
XGBoost,0.9999990524594942,0.9999528724026074
