,Train R²,Test R²
Linear Regression,0.9350038889170984,0.9446056114773336
Ridge Regression,0.934931926695509,0.9454363829947386
Lasso Regression,0.9349887855876352,0.9450202938711769
Random Forest,0.9924116609862966,0.9996462603204852
XGBoost,0.9999992245780821,0.9992849966892995
