,Train R²,Test R²
Linear Regression,0.9365967206192146,0.951925319873096
Ridge Regression,0.9365716216657114,0.9522037468985874
Lasso Regression,0.936581379351073,0.9521474450669987
Random Forest,0.996893713301617,0.9984532358439566
XGBoost,0.9999982757930517,0.9997851681254034
