,Train R²,Test R²
Linear Regression,0.9407669460154447,0.9443204785435546
Ridge Regression,0.9407544551393628,0.9442334657060044
Lasso Regression,0.9407616180079007,0.944326262570685
Random Forest,0.9984334162983818,0.9963373107659008
XGBoost,0.9999951093597539,0.9912210264576135
