,Train R²,Test R²
Linear Regression,0.9419155285048586,0.8808114959632101
Ridge Regression,0.941862029425725,0.8824913560512959
Lasso Regression,0.9418950440733237,0.8820574454143076
Random Forest,0.9998290545667881,0.9433432792001633
XGBoost,0.9999984262563043,0.9432261180437935
