,Train R²,Test R²
Linear Regression,0.9418443041584407,0.882098738457194
Ridge Regression,0.9417842301558637,0.8840415001867912
Lasso Regression,0.9418227938875399,0.8836113344269632
Random Forest,0.9996810357042951,0.945495603996796
XGBoost,0.9999983549987286,0.9488710555117915
