,Train R²,Test R²
Linear Regression,0.9349437226069858,0.947269096651908
Ridge Regression,0.9348879287665778,0.9466722162500971
Lasso Regression,0.9349274973132562,0.9475904847239031
Random Forest,0.9972165581292478,0.9994344840080047
XGBoost,0.9999994607097306,0.9998530168225714
