,Train R²,Test R²
Linear Regression,0.9350378400343161,0.9457840460971287
Ridge Regression,0.9349242033348006,0.9482023030573717
Lasso Regression,0.9350212576468402,0.9467257988557575
Random Forest,0.9920850279806408,0.9994367408665373
XGBoost,0.9999993412162308,0.999750430860352
