,Train R²,Test R²
Linear Regression,0.9269575966658895,0.9498024903845957
Ridge Regression,0.9269148328882443,0.9504831989705107
Lasso Regression,0.9269417100979913,0.9502662235779011
Random Forest,0.9984304883607977,0.9943022054092462
XGBoost,0.9999960991887671,0.9948959684741883
