,Train R²,Test R²
Linear Regression,0.9482985907459694,0.8722145255064464
Ridge Regression,0.9482594652829744,0.8738941144328274
Lasso Regression,0.9482776919774744,0.874060694790388
Random Forest,0.9996672710394301,0.9351705679930679
XGBoost,0.9999983604248539,0.9363743275171494
