,Train R²,Test R²
Linear Regression,0.9396752344907825,0.8887377630640907
Ridge Regression,0.9396086508476302,0.89057356500976
Lasso Regression,0.9396555981635172,0.8898962034128655
Random Forest,0.9997430195365454,0.9490018268247546
XGBoost,0.9999980975415973,0.9490167940704434
