,Train R²,Test R²
Linear Regression,0.9343334508800035,0.9529706501005923
Ridge Regression,0.934309115483501,0.9529489688127682
Lasso Regression,0.9343168827413693,0.95313680409733
Random Forest,0.9975424266340399,0.9992779173688591
XGBoost,0.9999984326519412,0.9994632521900862
