,Train R²,Test R²
Linear Regression,0.9305384255802717,-2.9032170410874726e+18
Ridge Regression,0.9293250878750366,0.9329677948098093
Lasso Regression,0.9293292562329637,0.9330064740322187
Random Forest,0.9979095007031756,0.9856068430991713
XGBoost,0.9999968743520662,0.9880650366327134
