,Train R²,Test R²
Linear Regression,0.9416504456399468,0.9266303207035141
Ridge Regression,0.9415706295301767,0.926993407616691
Lasso Regression,0.9416353679233163,0.9274382108634532
Random Forest,0.9958582985547626,0.982537448397157
XGBoost,0.9999992509496237,0.9846163583536688
