,Train R²,Test R²
Linear Regression,0.9444736402206116,0.8904035219598165
Ridge Regression,0.9444327017113332,0.8919551355273346
Lasso Regression,0.9444526532245779,0.8918282714080565
Random Forest,0.9997038110899019,0.9432555062500128
XGBoost,0.999998192488025,0.9438141705786764
