,Train R²,Test R²
Linear Regression,0.9344482267137215,-1.5047966971698416e+19
Ridge Regression,0.9282227031032454,0.9467916963846165
Lasso Regression,0.9282517595139514,0.9468782228796049
Random Forest,0.9982831312183761,0.9998307587203095
XGBoost,0.9999978708597365,0.9999037132186603
