,Train R²,Test R²
Linear Regression,0.9361428188801464,0.9616146929006257
Ridge Regression,0.9360936443112277,0.9615961718490108
Lasso Regression,0.9361248185383547,0.9619939986230549
Random Forest,0.995599841110196,0.9978895167017356
XGBoost,0.9999991687143126,0.9976978875778204
