,Train R²,Test R²
Linear Regression,0.9344151968919163,0.9493089900774824
Ridge Regression,0.9343518609673913,0.9489171711680955
Lasso Regression,0.9343966522133651,0.9491169450967472
Random Forest,0.9940713846493782,0.9992000672726173
XGBoost,0.9999992799653802,0.9990894366739965
