,Train R²,Test R²
Linear Regression,0.9312436963577223,0.9249074671612793
Ridge Regression,0.931230823683081,0.924918958054618
Lasso Regression,0.9312371386927416,0.9247733315402288
Random Forest,0.9971423393042198,0.9953435971714648
XGBoost,0.9999950952833083,0.9972905366905458
