,Train R²,Test R²
Linear Regression,0.9341505893039921,0.9577768945697349
Ridge Regression,0.9341299107197023,0.957611562350597
Lasso Regression,0.934136412223934,0.9577092814981303
Random Forest,0.997826803909868,0.9988448759498474
XGBoost,0.9999985549928907,0.9995314684097166
