,Train R²,Test R²
Linear Regression,0.9310681203493569,0.9476472596081633
Ridge Regression,0.9310422753143549,0.9480531192829458
Lasso Regression,0.9310510236132324,0.9481517641133829
Random Forest,0.9974041348640781,0.9988051044260656
XGBoost,0.9999984487920278,0.9992056312883706
