,Train R²,Test R²
Linear Regression,0.9374402058607624,0.9529237475411838
Ridge Regression,0.9373744076193622,0.9539906798025288
Lasso Regression,0.9374214920404365,0.9539100332010185
Random Forest,0.9958873531726413,0.9961860311929926
XGBoost,0.9999990114259142,0.9995187763217666
