,Train R²,Test R²
Linear Regression,0.9411755410095922,0.9532280016482824
Ridge Regression,0.9411529581726542,0.9533774457994493
Lasso Regression,0.9411571751131765,0.9533576844668316
Random Forest,0.9964137705299658,0.9995957939980754
XGBoost,0.999998519471882,0.9995468256091983
