,Train R²,Test R²
Linear Regression,0.9351724047696577,0.9666620064927803
Ridge Regression,0.9351248080488122,0.9665618923132661
Lasso Regression,0.9351553015595534,0.9666595627991098
Random Forest,0.9973689433624751,0.9986207832967069
XGBoost,0.9999992631766791,0.9992493730181011
