,Train R²,Test R²
Linear Regression,0.9309517304401194,0.9551465867500786
Ridge Regression,0.9309283654681777,0.9551582668409063
Lasso Regression,0.9309347286186679,0.9553549398024554
Random Forest,0.9965643287054352,0.9992675654043451
XGBoost,0.9999986958695501,0.9995715490139996
