,Train R²,Test R²
Linear Regression,0.9383720521626211,0.9497496864258345
Ridge Regression,0.9383020040403757,0.9511950250394948
Lasso Regression,0.9383527013971008,0.9507545280878165
Random Forest,0.9974494724406958,0.9986342711371857
XGBoost,0.9999989275546713,0.9987602634525624
