,Train R²,Test R²
Linear Regression,0.9279202739095236,0.9405907410983955
Ridge Regression,0.9278888031410195,0.9403380225066371
Lasso Regression,0.9279057217261507,0.9403704492435887
Random Forest,0.9974111838094549,0.9994557888885263
XGBoost,0.9999972857419996,0.9999223735900976
