,Train MSE,Train RMSE,Train MAE,Train R²,Test MSE,Test RMSE,Test MAE,Test R²
Linear Regression,28.880214556361725,5.374031499383096,3.8207105788352815,0.9744047145020077,297.0486261594112,17.235098669848433,6.608941005576736,0.7888180904941474
Ridge Regression,29.00237989830752,5.385385770611751,3.8862909621039097,0.9742964446413749,294.9258261192698,17.173404616419827,6.728180637940257,0.7903272607999396
Lasso Regression,28.883801646714858,5.3743652319799455,3.823649265179268,0.9744015354189189,297.3067748500358,17.242586083590705,6.625725864589113,0.7886345638637523
Random Forest,0.3049471447325221,0.5522201958752705,0.2324078189300369,0.9997297385303009,240.0342809660658,15.493039758745402,2.9475327868852546,0.8293515157546132
XGBoost,7.377931318934355e-05,0.008589488528972115,0.005182887575754391,0.9999999346125846,222.10762263509315,14.903275567307112,2.8784477108814683,0.8420961831390101
