,Train R²,Test R²
Linear Regression,0.929465234400727,0.9385330662376286
Ridge Regression,0.9294538447826429,0.9384634395017165
Lasso Regression,0.9294599641477209,0.9384881363941042
Random Forest,0.9971017122665128,0.9974866995094835
XGBoost,0.9999970247657691,0.9975853655668084
