,Train R²,Test R²
Linear Regression,0.9479195690939486,-2.8406559369538324e+18
Ridge Regression,0.9465854060387348,0.9504442781519218
Lasso Regression,0.9465944487048994,0.9505586718581279
Random Forest,0.998940818000339,0.9929813949025379
XGBoost,0.9999968956385017,0.9927790983157181
