,Train R²,Test R²
Linear Regression,0.9337426928320759,0.9495953191814527
Ridge Regression,0.9336530500949565,0.9505026985493504
Lasso Regression,0.9337270275428865,0.9503549432721872
Random Forest,0.9932964050508797,0.999530909970759
XGBoost,0.9999993219852601,0.9998071924122495
