,Train R²,Test R²
Linear Regression,0.9339547090452869,0.9510589721350919
Ridge Regression,0.9338668947829171,0.9518044222355846
Lasso Regression,0.9339387784665263,0.951654612024446
Random Forest,0.9931673620327206,0.9994449312583917
XGBoost,0.999999544642622,0.9997699920682893
