,Train R²,Test R²
Linear Regression,0.947675543514044,0.8712253820985417
Ridge Regression,0.9476320595144021,0.8734876170754686
Lasso Regression,0.94765284158212,0.8731091930810417
Random Forest,0.9997579236190988,0.9403701293363002
XGBoost,0.9999984505523303,0.9411058183246658
