,Train R²,Test R²
Linear Regression,0.9319652914277304,0.9518457775242339
Ridge Regression,0.931953845820061,0.9517456601122581
Lasso Regression,0.9319600800628391,0.9518140796949293
Random Forest,0.998102131833288,0.9946379963499449
XGBoost,0.9999966267620534,0.98515418936002
