{
    "mse": 444.69485502613037,
    "r2": 0.6347409865654114,
    "corr_coef": 0.8448354068493793,
    "pearson": 0.8448354068493795
}