,Train R²,Test R²
Linear Regression,0.9402607631121305,0.9505003631657575
Ridge Regression,0.940247401861516,0.950560035630949
Lasso Regression,0.9402554539248507,0.9505317642068037
Random Forest,0.9984809835457206,0.989418793872064
XGBoost,0.9999961006086279,0.9893436536768777
