,Train R²,Test R²
Linear Regression,0.9454040590678738,0.9645916167463748
Ridge Regression,0.945371586396801,0.9649362999622187
Lasso Regression,0.9453851019315851,0.9648300133342649
Random Forest,0.9969507164883196,0.9987163386924606
XGBoost,0.999998810074991,0.9986510085127189
