,Train R²,Test R²
Linear Regression,0.9312558918560512,0.9519066932066556
Ridge Regression,0.9312172788421168,0.9513362234292492
Lasso Regression,0.9312409244255969,0.9516075774364128
Random Forest,0.9988183199744316,0.9992506994448512
XGBoost,0.9999977567432549,0.9990513168216396
