,Train R²,Test R²
Linear Regression,0.9285299702564702,0.9347267560229462
Ridge Regression,0.9285185923371864,0.9346598807094582
Lasso Regression,0.9285235120884998,0.9346601767971253
Random Forest,0.9976846628608281,0.9763257727381125
XGBoost,0.9999954383841837,0.9950901530769759
