,Train R²,Test R²
Linear Regression,0.9295932346481677,0.9459106347900103
Ridge Regression,0.9295638298058078,0.945581942633384
Lasso Regression,0.9295818991081584,0.9455649968331868
Random Forest,0.9981070693627133,0.9963908950749926
XGBoost,0.9999971600367407,0.9979943809830342
