,Train R²,Test R²
Linear Regression,0.9385095865877393,0.9192807402215117
Ridge Regression,0.9381625227703609,0.9347407429695904
Lasso Regression,0.9384829038873589,0.9239635975116708
Random Forest,0.9935534373123652,0.9962921863346501
XGBoost,0.9999994334658695,0.9936943320372107
