,Train R²,Test R²
Linear Regression,0.9329754695306919,0.9599539108616111
Ridge Regression,0.9329501510073925,0.9601769147585766
Lasso Regression,0.9329579452675912,0.9601575025476509
Random Forest,0.9973663415596451,0.9977239815615132
XGBoost,0.9999984950854256,0.999854370147202
