,Train R²,Test R²
Linear Regression,0.9346187001831814,0.9500400386071364
Ridge Regression,0.934598640184969,0.9497176294425559
Lasso Regression,0.9346039175307016,0.9500351636202208
Random Forest,0.9966463062423476,0.9959256101019233
XGBoost,0.9999986990763358,0.9994501694402285
