,Train R²,Test R²
Linear Regression,0.936891589240451,0.9412586814451032
Ridge Regression,0.9368546285844976,0.9408210842886034
Lasso Regression,0.936879913760627,0.9409873167424625
Random Forest,0.9986160997255207,0.9985422298991006
XGBoost,0.9999974132912938,0.998981276851933
