,Train R²,Test R²
Linear Regression,0.9432841431925003,0.9147698251379586
Ridge Regression,0.9431827951040282,0.9164833249962886
Lasso Regression,0.9432677802455731,0.9158802357551508
Random Forest,0.992893499878298,0.9813237553188272
XGBoost,0.999999146558789,0.9847610657428401
