,Train R²,Test R²
Linear Regression,0.9393094445726542,0.9586498339658219
Ridge Regression,0.9392696596927129,0.9584576825536665
Lasso Regression,0.9392910238756346,0.9586897157471782
Random Forest,0.9962543764499169,0.9974732124666142
XGBoost,0.999998925586123,0.9991591962138215
