,Train R²,Test R²
Linear Regression,0.9329947755130715,0.9462335312677542
Ridge Regression,0.9328826187821294,0.9483145420960193
Lasso Regression,0.9329782712934026,0.9472051406878271
Random Forest,0.9953940156534145,0.9988473578263168
XGBoost,0.9999991748637886,0.9991773924476393
