,Train R²,Test R²
Linear Regression,0.9300563229443596,0.9482928555371971
Ridge Regression,0.9300160565073274,0.9485002727486264
Lasso Regression,0.9300401122994213,0.9481786675315963
Random Forest,0.9983749413725916,0.9950877395787219
XGBoost,0.9999969279015654,0.9953794490658485
