,Train MSE,Train RMSE,Train MAE,Train R²,Test MSE,Test RMSE,Test MAE,Test R²
Linear Regression,33.537886525519234,5.791190423869624,3.8474277290715433,0.9719284299458243,296.0449179969347,17.205955887335488,6.865417903185883,0.7386534178158177
Ridge Regression,33.69897877001848,5.80508215015244,3.840368771935573,0.9717935940126415,284.7794113617084,16.875408479847486,6.825560922701097,0.7485985358594252
Lasso Regression,33.54997325172217,5.792233874052581,3.8276808789083843,0.9719183132266007,292.5243971933693,17.10334462008438,6.852743092438242,0.7417613113265236
Random Forest,1.8174095056431583,1.3481133133543182,0.3099742738589174,0.9984788087879072,201.20500055950836,14.184674848564853,2.317877049180348,0.8223774974068683
XGBoost,0.00018887771512828358,0.01374327890746177,0.007860571793995241,0.9999998419073305,194.42126804801043,13.943502718040774,2.2143399473096497,0.8283661335852136
