,Train R²,Test R²
Linear Regression,0.9360170274390789,0.9409142171962943
Ridge Regression,0.9359235757365216,0.9430369603289124
Lasso Regression,0.9360009695343272,0.9418161011359113
Random Forest,0.9924884499394786,0.9997526588988269
XGBoost,0.9999994040148598,0.9992734484292246
