,Train R²,Test R²
Linear Regression,0.9349409186427945,0.9638537312378277
Ridge Regression,0.9348894934064547,0.96414812712308
Lasso Regression,0.9349219921494596,0.964337683268751
Random Forest,0.9968651866560657,0.997214819641679
XGBoost,0.9999988376209485,0.9993185310359245
