,Train R²,Test R²
Linear Regression,0.9311919128535661,0.9474165737596081
Ridge Regression,0.9311675892103645,0.9476102317851269
Lasso Regression,0.9311771601707537,0.9476307748815807
Random Forest,0.9967362530311126,0.9993188271634612
XGBoost,0.9999985970033168,0.9996328329273891
