,Train R²,Test R²
Linear Regression,0.9729098500898306,0.7334000980866449
Ridge Regression,0.9724679785585725,0.7529027268018649
Lasso Regression,0.9728563171255672,0.7414548161815727
Random Forest,0.998803813023012,0.8300918061611491
XGBoost,0.9999996524879396,0.8387120257872942
