,Train R²,Test R²
Linear Regression,0.9447884606850525,0.8910617809883419
Ridge Regression,0.9447461398641559,0.8927131223942312
Lasso Regression,0.9447671935648212,0.892585999521941
Random Forest,0.999654458948507,0.9429752405281193
XGBoost,0.999998450365829,0.943406146652121
