,Train R²,Test R²
Linear Regression,0.9306871799116954,0.9461272301504072
Ridge Regression,0.9306543986746351,0.9457473090225293
Lasso Regression,0.9306728259366409,0.9458638906765189
Random Forest,0.9982487914991119,0.9987204924421247
XGBoost,0.9999978538180547,0.9996667952104195
