,Train R²,Test R²
Linear Regression,0.9413470861044865,0.8817295971940949
Ridge Regression,0.9412717673414462,0.8841494552981592
Lasso Regression,0.9413252067727282,0.8832107703281723
Random Forest,0.999853709355737,0.9526352598508224
XGBoost,0.999998186091436,0.9526283355724424
