,Train R²,Test R²
Linear Regression,0.9414487142937491,0.9618421058786267
Ridge Regression,0.941411962372475,0.9621051936319709
Lasso Regression,0.9414298973908213,0.9619812627867569
Random Forest,0.9970377242942468,0.9978191223262136
XGBoost,0.9999990393567979,0.9993068586188077
