,Train R²,Test R²
Linear Regression,0.9338768966659658,0.9464562738610038
Ridge Regression,0.933835745995009,0.9458437659934444
Lasso Regression,0.9338616182066324,0.9461786530402508
Random Forest,0.99820716572749,0.999628111423393
XGBoost,0.9999981421871519,0.9993195420744043
