,Train R²,Test R²
Linear Regression,0.9353764357451111,0.9448681872532043
Ridge Regression,0.9352205446676394,0.9464632154585595
Lasso Regression,0.9353603911006307,0.9457061167945298
Random Forest,0.9927954386079192,0.9983675949983205
XGBoost,0.9999994742573087,0.9988565527342713
