,Train R²,Test R²
Linear Regression,0.9491787004974279,0.8698751356184178
Ridge Regression,0.9491421599774695,0.8715632669787705
Lasso Regression,0.9491559522316877,0.8716345481512617
Random Forest,0.9995865639454289,0.9347958760114048
XGBoost,0.9999987258064019,0.9353079622953955
