,Train R²,Test R²
Linear Regression,0.9420797034942495,0.9432838344384407
Ridge Regression,0.9420678300557407,0.9431880836073877
Lasso Regression,0.9420744485071643,0.9433023618440182
Random Forest,0.9982803303803606,0.9968358936534477
XGBoost,0.9999969432294614,0.9983263061233565
