,Train R²,Test R²
Linear Regression,0.9403148117531771,0.9533516549794809
Ridge Regression,0.9402676757300031,0.9535104149593606
Lasso Regression,0.9402950058161524,0.9538225225943975
Random Forest,0.9963660423065817,0.9993327142615787
XGBoost,0.9999989178735991,0.999635166917075
