,Train R²,Test R²
Linear Regression,0.9419492920977428,0.8850318228650477
Ridge Regression,0.9419022373900167,0.8863990209789765
Lasso Regression,0.9419271141578828,0.8863613680179019
Random Forest,0.9996442910050543,0.9425318951261032
XGBoost,0.9999981856294221,0.9435894626595532
