,Train R²,Test R²
Linear Regression,0.9425843354029559,0.9619723236060871
Ridge Regression,0.9425549311192364,0.9615158893206655
Lasso Regression,0.9425658278266612,0.9618336517605847
Random Forest,0.9966055901422883,0.9991645296657359
XGBoost,0.9999986902027709,0.999798668752038
