,MSE,R²,Correlation
Linear Regression,99.79175909575353,0.922899671127666,0.967546905099424
Ridge Regression,95.85967532859912,0.9259376469520051,0.9696152577931962
Lasso Regression,99.21652105901039,0.9233441070431629,0.9678314962192854
Random Forest,1.4889105664583042,0.9988496495564801,0.9994533306033773
XGBoost,0.7932896710482632,0.999387094735246,0.9998348867647908
