,Train R²,Test R²
Linear Regression,0.9716904336526925,0.7162056694959208
Ridge Regression,0.9714564117468121,0.7380457066892252
Lasso Regression,0.971677433044183,0.7214840541075762
Random Forest,0.9985592927610143,0.824801179631992
XGBoost,0.9999998082007566,0.8378352111169793
