,Train R²,Test R²
Linear Regression,0.9348071358271985,0.9558738318201799
Ridge Regression,0.9347829908961357,0.9560457612398471
Lasso Regression,0.9347908648283763,0.9560776325794013
Random Forest,0.9979072628182059,0.9985502020704254
XGBoost,0.9999986068658321,0.9999130377546717
