,Train R²,Test R²
Linear Regression,0.9412279870623975,0.9696836955793643
Ridge Regression,0.9411975966496171,0.9693912586165611
Lasso Regression,0.941208759638748,0.9694782288152435
Random Forest,0.9966208498371364,0.9993120133139476
XGBoost,0.9999989863741289,0.9998388406647636
