{
    "mse": 509.8578497326435,
    "r2": 0.5615754890011435,
    "corr_coef": 0.77373026975225,
    "pearson": 0.7737302697522498
}