,Train R²,Test R²
Linear Regression,0.9347235797500871,0.9538061040755195
Ridge Regression,0.9346789191465712,0.9538947021050277
Lasso Regression,0.934707979824051,0.9538413901937177
Random Forest,0.9987082361520107,0.9994177975837555
XGBoost,0.9999964483909273,0.9993683733411496
