,Train R²,Test R²
Linear Regression,0.9361866270497005,0.9588610378671798
Ridge Regression,0.936128223862255,0.9589775374740163
Lasso Regression,0.9361683768440815,0.9590483215882835
Random Forest,0.9970622024127135,0.9989960659604339
XGBoost,0.9999990869123547,0.9998851178149203
