,MSE,R²,Correlation
Linear Regression,95.04380875219474,0.9292989570978735,0.966003309103422
Ridge Regression,89.42038791770261,0.9334820987763888,0.9677756621662681
Lasso Regression,93.983131834777,0.9300879718188552,0.9663429857888309
Random Forest,2.1934936800001466,0.9983683072804923,0.9992564814723334
XGBoost,1.6683961203577171,0.9987589160490117,0.9996091931111306
