,Train R²,Test R²
Linear Regression,0.941555436456434,0.8802968343303975
Ridge Regression,0.9414983195894485,0.8822177092306726
Lasso Regression,0.9415340179902657,0.8818961899415863
Random Forest,0.9996943300040244,0.9450025796278118
XGBoost,0.9999981463375516,0.9450577984611339
