,Train R²,Test R²
Linear Regression,0.9351149548000965,0.9524130050585962
Ridge Regression,0.9350743374555646,0.9524751870373248
Lasso Regression,0.9351001911317299,0.9524546430023962
Random Forest,0.9984317248211623,0.9966792873067498
XGBoost,0.9999964591399385,0.9978776846058082
