,Train R²,Test R²
Linear Regression,0.9349893822611833,0.9361000946309085
Ridge Regression,0.9348510063949359,0.9404157875539692
Lasso Regression,0.9349721010031652,0.9377869905731214
Random Forest,0.995687400926285,0.9998280097429654
XGBoost,0.9999990641464755,0.9998064489759391
