,Train R²,Test R²
Linear Regression,0.9771071114824037,0.7714773061502372
Ridge Regression,0.9767949697490241,0.7789807426823547
Lasso Regression,0.977088692504529,0.7728762703261386
Random Forest,0.9997771623702729,0.8241327960543339
XGBoost,0.9999996075582853,0.8372053098464662
