,Train R²,Test R²
Linear Regression,0.9708307002788805,0.7509260381749907
Ridge Regression,0.9704957879203806,0.7683938880694511
Lasso Regression,0.9707781673703088,0.7582613508494922
Random Forest,0.9990694955693046,0.8346688358905885
XGBoost,0.9999996591317741,0.8449605897781535
