,Train R²,Test R²
Linear Regression,0.9443339627605826,0.9493742568734574
Ridge Regression,0.9443203281318854,0.9493811413025854
Lasso Regression,0.9443283104398169,0.9493834647119239
Random Forest,0.9985640389451599,0.993539953250079
XGBoost,0.9999956488094337,0.9930614156864386
