,Train R²,Test R²
Linear Regression,0.9357871801646159,0.9556766068101951
Ridge Regression,0.9357201843866604,0.9563177445369399
Lasso Regression,0.9357715244376961,0.9559887933990773
Random Forest,0.9927838176763055,0.9996468218666911
XGBoost,0.9999995040723176,0.9998865857047026
