,Train R²,Test R²
Linear Regression,0.9327631134298145,0.936428207144812
Ridge Regression,0.9327519183602802,0.9363188447746574
Lasso Regression,0.9327579718321669,0.9363804230338685
Random Forest,0.9977859810344286,0.9947087772248822
XGBoost,0.9999952120751018,0.9969434463696054
