,Train R²,Test R²
Linear Regression,0.9264269970970196,0.955849707765638
Ridge Regression,0.9263817524615517,0.9555031928465679
Lasso Regression,0.9264095794010783,0.9555894087944161
Random Forest,0.9984584294854283,0.9999705397530513
XGBoost,0.9999982728326815,0.999969895163469
