,MSE,R²,Correlation
Linear Regression,149.71396975831922,0.8997659825520575,0.9498009242074975
Ridge Regression,152.6044572106641,0.8978307912656392,0.9489405186933494
Lasso Regression,149.05511386558712,0.900207088837292,0.9500498705532459
Random Forest,40.28893925981834,0.9730264166580666,0.9877511653929971
XGBoost,35.31787854194442,0.9763545588984635,0.9889981470813074
