,Train R²,Test R²
Linear Regression,0.934588875339138,0.9496174728845983
Ridge Regression,0.9344972012821764,0.9513185289051254
Lasso Regression,0.9345715010582709,0.950515605575399
Random Forest,0.995062959320455,0.9987177784151174
XGBoost,0.9999994630830379,0.9990274457363251
