,MSE,R²,Correlation
Linear Regression,45.965686186052345,0.9626650634694058,0.9831189107049302
Ridge Regression,47.350428847378446,0.9615403270918707,0.9827307470499512
Lasso Regression,45.863987645575584,0.9627476665777024,0.9831734017322641
Random Forest,8.220531052711804,0.9933229974233714,0.9969774628653322
XGBoost,2.9232933705653883,0.9976255989737953,0.9991339492874127
