,Train R²,Test R²
Linear Regression,0.9313676639141774,0.9329451165434276
Ridge Regression,0.9313509212029943,0.9332358340639985
Lasso Regression,0.9313610415152975,0.9331053785182621
Random Forest,0.997969846408155,0.993454417593955
XGBoost,0.9999948471526832,0.9960357105782552
