,Train R²,Test R²
Linear Regression,0.9365311456262697,0.9544900600754651
Ridge Regression,0.9364663157808819,0.9546370574662815
Lasso Regression,0.9365140434682724,0.9548326871991293
Random Forest,0.9966668296106234,0.9996992986875528
XGBoost,0.9999992319414284,0.9998314984021416
