,Train R²,Test R²
Linear Regression,0.9371324950984611,0.9502690609069963
Ridge Regression,0.9370663396310912,0.9512924904012249
Lasso Regression,0.9371138032056655,0.9510377968552357
Random Forest,0.9966663682511143,0.9977530408443399
XGBoost,0.9999991466249155,0.9999192485640264
