,Train R²,Test R²
Linear Regression,0.9303238665051204,0.942859238430239
Ridge Regression,0.9303130646044134,0.9427928847295893
Lasso Regression,0.9303185075169348,0.9428115282266027
Random Forest,0.997576237869655,0.9980120860833204
XGBoost,0.9999959904341503,0.9980212265818486
