,Train R²,Test R²
Linear Regression,0.9369489597460015,0.9696269567813411
Ridge Regression,0.9369029330948111,0.9698329259460724
Lasso Regression,0.9369309744208162,0.9697748646539546
Random Forest,0.9971988961309728,0.9991058489486077
XGBoost,0.9999987236756731,0.9999377360733915
