,Train R²,Test R²
Linear Regression,0.9453892535923228,0.9521063309768869
Ridge Regression,0.9453764567355476,0.9520578120555561
Lasso Regression,0.9453852207817013,0.9521300567728177
Random Forest,0.9989756998592081,0.9913626447889821
XGBoost,0.9999970929901146,0.9912287089934935
