,Train R²,Test R²
Linear Regression,0.9340808760915452,0.9598534263742529
Ridge Regression,0.93392497180251,0.9622543128201586
Lasso Regression,0.93406277228494,0.9605991909994495
Random Forest,0.9900289199810607,0.9992896531430608
XGBoost,0.9999992478481187,0.9992601814427469
