,Train R²,Test R²
Linear Regression,0.9334840308672283,0.933476190101941
Ridge Regression,0.933457415850002,0.9341323607050307
Lasso Regression,0.9334676210160091,0.9343297787141033
Random Forest,0.9979886755671232,0.998612723870347
XGBoost,0.9999982385023551,0.9995971570334501
