,Train R²,Test R²
Linear Regression,0.9350839542765945,0.9566504617002356
Ridge Regression,0.9350480700992135,0.9564974248365516
Lasso Regression,0.935077727437155,0.9565909454687157
Random Forest,0.99858985194651,0.9991057828374605
XGBoost,0.9999973836458983,0.9984086687974898
