,Train R²,Test R²
Linear Regression,0.9321934448156696,0.9411091279493857
Ridge Regression,0.9321605380082085,0.9406746579650458
Lasso Regression,0.9321791466605619,0.9408219145963228
Random Forest,0.9985651564558643,0.999273264075538
XGBoost,0.9999983011126258,0.9987139783562808
