{
    "mse": 323.9633957937031,
    "r2": 0.7424078934922559,
    "corr_coef": 0.8641200286290286,
    "pearson": 0.8641200286290285
}