,Train R²,Test R²
Linear Regression,0.940452535213614,0.9626648500551143
Ridge Regression,0.9404182943656123,0.9623274257690981
Lasso Regression,0.9404339032564915,0.9624922075677234
Random Forest,0.9967463121702661,0.9982491461609281
XGBoost,0.999998883395786,0.9997611573391217
