,Train R²,Test R²
Linear Regression,0.9398825557020666,0.8893410260314439
Ridge Regression,0.9398160042255991,0.8911829535955846
Lasso Regression,0.9398620729729739,0.8905699847686676
Random Forest,0.9996411800297269,0.9514374354529741
XGBoost,0.999998411219004,0.9514786082342835
