,Train R²,Test R²
Linear Regression,0.9465266093914801,-1.4857141799073337e+19
Ridge Regression,0.9401964394996545,0.8853614282115729
Lasso Regression,0.9402431939874134,0.8845068190245916
Random Forest,0.9998156681090113,0.950938441768966
XGBoost,0.9999982843081068,0.9508838299505008
