,Train R²,Test R²
Linear Regression,0.9430333159277552,0.9627863465091228
Ridge Regression,0.9429987202876734,0.9632432687313243
Lasso Regression,0.9430135119715005,0.9631769246556593
Random Forest,0.9962257341086791,0.9988910681902509
XGBoost,0.9999989023085777,0.9998222225753081
