,MSE,R²,Correlation
Linear Regression,96.15628576735986,0.9268525884945117,0.9667351099041452
Ridge Regression,96.07451145359579,0.9269147953417474,0.9669267131713634
Lasso Regression,95.68453769049115,0.9272114537567279,0.966924417793136
Random Forest,5.162288207843273,0.9960729762299406,0.9982866953576103
XGBoost,11.119151830982997,0.9915415079931362,0.9967551740805114
