,Train R²,Test R²
Linear Regression,0.9489101320025938,0.9481894994844043
Ridge Regression,0.948896898511317,0.9480258490975976
Lasso Regression,0.9489060186520599,0.9481491256418957
Random Forest,0.9989877707316933,0.989541948408696
XGBoost,0.9999956401139719,0.9918592503249012
