,Train R²,Test R²
Linear Regression,0.9357250095991733,0.9467516966808486
Ridge Regression,0.9356982818354285,0.9472747675249193
Lasso Regression,0.9357082105291473,0.9473587523420114
Random Forest,0.9972324815341284,0.9992168872966561
XGBoost,0.9999981016441122,0.9999421008121927
