,MSE,R²,Correlation
Linear Regression,51.01313639477971,0.9626975637000769,0.9833205595836036
Ridge Regression,51.718963817084756,0.9621814401225043,0.9832378299270532
Lasso Regression,51.070804302307,0.9626553950823616,0.9833169639156577
Random Forest,2.6533046461702123,0.9980598188125092,0.9990795536713463
XGBoost,3.134232996071969,0.9977081486270455,0.9991845285711252
