,Train R²,Test R²
Linear Regression,0.9329258230907969,0.9556248543419406
Ridge Regression,0.9328545040166666,0.9559589678352387
Lasso Regression,0.9329080209293991,0.9558617849404547
Random Forest,0.9972415096628751,0.9988273609673833
XGBoost,0.9999992747238667,0.9991537239329762
