,Train R²,Test R²
Linear Regression,0.9344263213635569,0.9521740309725542
Ridge Regression,0.9344143757379272,0.9520299039719166
Lasso Regression,0.93442074564691,0.952088781840791
Random Forest,0.9976024654989986,0.9971029119181202
XGBoost,0.999996491114837,0.9965137635558802
