,Train R²,Test R²
Linear Regression,0.9344793892982823,0.9597623684390569
Ridge Regression,0.9344175377890739,0.9599567066974097
Lasso Regression,0.9344620194982386,0.9603788011890775
Random Forest,0.9966935491975657,0.9988158962118349
XGBoost,0.9999991284784819,0.9998330416160665
