,Train R²,Test R²
Linear Regression,0.9716904336526925,0.7162056694959216
Ridge Regression,0.9710659944293677,0.7482456029978826
Lasso Regression,0.971632184977183,0.7269299352411598
Random Forest,0.9985592927610143,0.824801179631992
XGBoost,0.9999996054647531,0.8386636467403421
