,Train R²,Test R²
Linear Regression,0.9315597186394442,0.9457119321715457
Ridge Regression,0.9315349299889952,0.9456107952518048
Lasso Regression,0.9315450968837913,0.9458132874203355
Random Forest,0.9970549697161875,0.9988824693143986
XGBoost,0.9999984110891759,0.9992005406844586
