,Train R²,Test R²
Linear Regression,0.929099098965406,0.9458316526888357
Ridge Regression,0.9290829402691103,0.9456035479029141
Lasso Regression,0.9290923914008039,0.9457336276344754
Random Forest,0.9978875171273797,0.9978937294557936
XGBoost,0.9999954577773448,0.9972584860767061
