,Train R²,Test R²
Linear Regression,0.9410022667748037,0.9519433328500436
Ridge Regression,0.9409890621522795,0.9518860800096111
Lasso Regression,0.9409967596942502,0.9519744088839562
Random Forest,0.9985448566374213,0.9925417767935223
XGBoost,0.9999970878807952,0.9919447052677689
