,Train R²,Test R²
Linear Regression,0.9346873133450686,0.9520002201180585
Ridge Regression,0.9346128027217115,0.9522426240503101
Lasso Regression,0.9346698112392032,0.9524239568981275
Random Forest,0.995361999479158,0.9998598516664225
XGBoost,0.9999991805229186,0.9997639074988334
