,Train R²,Test R²
Linear Regression,0.9331269177018595,0.9204842632914837
Ridge Regression,0.9331159285741264,0.9202517478345009
Lasso Regression,0.9331218714275568,0.9204038950207527
Random Forest,0.9974038856920127,0.9961438658477599
XGBoost,0.9999960722725282,0.9980693377736137
