,Train R²,Test R²
Linear Regression,0.9390303818564569,0.9270767643593761
Ridge Regression,0.9389127018135222,0.9283870197475266
Lasso Regression,0.9390147605124808,0.9282043289475075
Random Forest,0.9926869385312677,0.9801411230375631
XGBoost,0.9999994464813732,0.9828449364415347
