,Train R²,Test R²
Linear Regression,0.937401692692983,0.9488979687729976
Ridge Regression,0.9373900102357433,0.9487578659910177
Lasso Regression,0.9373963287150683,0.9488696122370509
Random Forest,0.9976866179414582,0.9972970438131472
XGBoost,0.9999959499906567,0.9977727549007757
