,MSE,R²,Correlation
Linear Regression,122.73893350750487,0.9067020736230854,0.9570105798728763
Ridge Regression,114.52665915041044,0.9129444952122251,0.9593456660423557
Lasso Regression,121.1809818858498,0.907886324223463,0.9574849491811838
Random Forest,1.7932510263793107,0.9986368905329926,0.9993377447428505
XGBoost,2.6441696315106054,0.9979900791333366,0.9992622231104886
