,Train R²,Test R²
Linear Regression,0.9513157225907128,0.9596210199323614
Ridge Regression,0.9513012115335377,0.9595293135537687
Lasso Regression,0.9513118692292379,0.9596106639293912
Random Forest,0.998531604795244,0.9971485585186984
XGBoost,0.9999962002568465,0.9957959327085327
