,Train R²,Test R²
Linear Regression,0.9783060470469992,0.765378946565877
Ridge Regression,0.9779714456827839,0.7739263284983147
Lasso Regression,0.9782876018485565,0.7669793806599635
Random Forest,0.9997402993173484,0.8202046458844803
XGBoost,0.9999995763792489,0.8370242732716713
