,Train R²,Test R²
Linear Regression,0.9441476294246001,0.9546749931832015
Ridge Regression,0.9441131055791234,0.9551107561221925
Lasso Regression,0.9441279733907504,0.9549934324227773
Random Forest,0.9963158659534131,0.9989322055870139
XGBoost,0.9999986647116574,0.9998575979709942
