,Train R²,Test R²
Linear Regression,0.9752048728792277,0.7032298942122478
Ridge Regression,0.9749753320781871,0.7189275671386709
Lasso Regression,0.975155749196095,0.7110461847322687
Random Forest,0.9990811995201381,0.7994613708887917
XGBoost,0.999999486911356,0.8173358332676277
