,Train R²,Test R²
Linear Regression,0.9361749139403794,0.9501644180614661
Ridge Regression,0.9361370845106909,0.9498735870410018
Lasso Regression,0.9361598736536381,0.9501202966726487
Random Forest,0.9978211775606837,0.9968513071885947
XGBoost,0.9999974791068106,0.9984016557349394
