,Train R²,Test R²
Linear Regression,0.9390490161900855,0.9248324623125529
Ridge Regression,0.9389737544669363,0.9255341722806871
Lasso Regression,0.939029904138325,0.9252248270612601
Random Forest,0.9957092257191539,0.9983698859288876
XGBoost,0.9999989824333608,0.9997377178018358
