,Train R²,Test R²
Linear Regression,0.947221696676394,-1.4277141948575654e+19
Ridge Regression,0.9401953078637411,0.8854828318100646
Lasso Regression,0.9402519651100517,0.88445134038414
Random Forest,0.9998346602913124,0.9545637589564713
XGBoost,0.9999982838586918,0.9547421948980899
