,Train R²,Test R²
Linear Regression,0.9416682629941989,0.9473489220436924
Ridge Regression,0.9416572137440097,0.9470366298946772
Lasso Regression,0.9416632359163694,0.9472012928222748
Random Forest,0.9980926409215584,0.9969929853157373
XGBoost,0.999996791343226,0.9941262055631769
