,Train R²,Test R²
Linear Regression,0.9344068830468321,0.9513027271809058
Ridge Regression,0.934334940329999,0.9513808689147506
Lasso Regression,0.9343896018322664,0.9515930314775971
Random Forest,0.9943872744760964,0.999541831827593
XGBoost,0.9999992111589833,0.9998534578540506
