,Train R²,Test R²
Linear Regression,0.9297891793683521,0.9621737004240484
Ridge Regression,0.9297657555402915,0.9619557670206276
Lasso Regression,0.9297729028609761,0.9621124356447754
Random Forest,0.9967409509337402,0.9990139008671086
XGBoost,0.9999988396706774,0.9995370940656414
