,Train R²,Test R²
Linear Regression,0.9341655465255774,0.9562718989571974
Ridge Regression,0.9341254255498159,0.9559197997022079
Lasso Regression,0.934150159533714,0.9560166430731916
Random Forest,0.9983109157266535,0.9976818244783332
XGBoost,0.9999982968284342,0.9977082415711379
