,Train R²,Test R²
Linear Regression,0.931153656482025,0.9597239468691273
Ridge Regression,0.931110100044455,0.9597251880696764
Lasso Regression,0.931137655332661,0.9598626376702369
Random Forest,0.9983189732677504,0.9973765553009766
XGBoost,0.9999976872211149,0.9972215684501412
