,MSE,R²,Correlation
Linear Regression,124.52117618522965,0.9172970136575789,0.9583653556411831
Ridge Regression,124.23022128064298,0.9174902566081955,0.9586753035310813
Lasso Regression,123.63555551027758,0.9178852146112557,0.9586941170894712
Random Forest,35.24589755810354,0.9765908010695455,0.988896453173891
XGBoost,30.61225894344192,0.9796683157767149,0.9904185530002128
