,Train R²,Test R²
Linear Regression,0.9414330347590156,0.8805836575512227
Ridge Regression,0.9413738695959929,0.8829384866934594
Lasso Regression,0.9414112789719333,0.8823270723410968
Random Forest,0.9997310348927231,0.945466364990803
XGBoost,0.9999986213493313,0.9457044837020236
