,Train R²,Test R²
Linear Regression,0.9464889744383814,0.9611268576787517
Ridge Regression,0.9464599698750561,0.9612262014965415
Lasso Regression,0.9464710197216233,0.9611628067054886
Random Forest,0.9967866276015774,0.9976844181785648
XGBoost,0.9999989128651482,0.9998753859893365
