,Train R²,Test R²
Linear Regression,0.9788980195851984,0.7549984655500017
Ridge Regression,0.9784733339676741,0.7731618562496294
Lasso Regression,0.9788735038253352,0.7593685869630467
Random Forest,0.9997973414212212,0.8123354000490374
XGBoost,0.9999994636709049,0.830460854663207
