,Train R²,Test R²
Linear Regression,0.937995198556063,0.9716297548250923
Ridge Regression,0.9379562042972364,0.9714266968456619
Lasso Regression,0.9379771115714433,0.9715271914591337
Random Forest,0.9963827344361298,0.9989549413141804
XGBoost,0.9999986068093938,0.9998890753764622
