,MSE,R²,Correlation
Linear Regression,68.44090966826299,0.9448320504827962,0.9761041596794144
Ridge Regression,66.39853013670594,0.9464783449496296,0.9769518646837774
Lasso Regression,67.93878765887179,0.9452367943969235,0.9763210124488426
Random Forest,1.2615885238461928,0.9989830752932364,0.999494859892018
XGBoost,1.1890532206935613,0.999041543597675,0.999754760670419
