,Train R²,Test R²
Linear Regression,0.934845627878442,0.949830465532879
Ridge Regression,0.9347509020175425,0.9511565596398711
Lasso Regression,0.9348268685683612,0.9507857518250679
Random Forest,0.9955125189952428,0.9996563109931997
XGBoost,0.9999991877265595,0.9996257927999711
