,Train R²,Test R²
Linear Regression,0.9421443451073139,0.8797848111857689
Ridge Regression,0.942085179786407,0.8818124865807839
Lasso Regression,0.9421230142461917,0.881050902423271
Random Forest,0.999724246112591,0.9456270959407618
XGBoost,0.9999982441279641,0.9496583759767115
