{
    "mse": 484.035451631071,
    "r2": 0.6090662333938713,
    "corr_coef": 0.807473068477848,
    "pearson": 0.8074730684778476
}