,Train R²,Test R²
Linear Regression,0.9423169791388801,0.9203359010041167
Ridge Regression,0.942224539501513,0.9211154764207796
Lasso Regression,0.9423005117863291,0.9211009675871187
Random Forest,0.9925113452558093,0.9828168003280929
XGBoost,0.9999991759430951,0.9853984934378361
