,Train R²,Test R²
Linear Regression,0.9468907849758436,0.8809971522249118
Ridge Regression,0.9468506709843607,0.8824267500997643
Lasso Regression,0.9468675714546252,0.8824397938024252
Random Forest,0.9995541015308579,0.9395589380404541
XGBoost,0.9999986888001949,0.9407767287796417
