,Train R²,Test R²
Linear Regression,0.9392139752524014,0.9584548678080553
Ridge Regression,0.9391669321904577,0.9590027465515821
Lasso Regression,0.9391943545599721,0.9588941438442096
Random Forest,0.9976532661949957,0.9970180687086966
XGBoost,0.9999989239471517,0.999110874596738
