,Train R²,Test R²
Linear Regression,0.9447628000487726,0.8905014322588574
Ridge Regression,0.9447230328691248,0.8918461086399455
Lasso Regression,0.9447404547923193,0.8920478764530837
Random Forest,0.9997511759520799,0.94214654228742
XGBoost,0.9999983844749205,0.9433746616095244
