,MSE,R²,Correlation
Linear Regression,308.09515832541416,0.8026326414295787,0.8970184114650781
Ridge Regression,304.58870129212727,0.8048788960165123,0.8984768325212807
Lasso Regression,306.65603678978835,0.8035545501596351,0.8975746006969223
Random Forest,45.288528280612326,0.9709879335693898,0.9865572299979278
XGBoost,41.791547368016005,0.9732281177041932,0.9875808295370462
