,Train R²,Test R²
Linear Regression,0.9381389482792475,0.9391824462362578
Ridge Regression,0.9380530026087747,0.9405784732069226
Lasso Regression,0.9381204274913997,0.9401503293647129
Random Forest,0.9952507891243765,0.9982696613943367
XGBoost,0.9999991626852518,0.996918764824984
