,Train R²,Test R²
Linear Regression,0.9444916063301825,0.8975073997119716
Ridge Regression,0.944285026036978,0.9019637219603998
Lasso Regression,0.9444748739109411,0.8994817303498461
Random Forest,0.9975592621047749,0.9734419263031483
XGBoost,0.9999994763905544,0.9759973446143035
