,Train R²,Test R²
Linear Regression,0.9417575086524945,0.8828787353482515
Ridge Regression,0.9417048311893681,0.8845091077643497
Lasso Regression,0.9417364535184021,0.8842360086396813
Random Forest,0.9996364207984095,0.9443297867439243
XGBoost,0.9999983205131153,0.9453232539022381
