,Train R²,Test R²
Linear Regression,0.9297707191739252,0.9546231686948329
Ridge Regression,0.9297457215164625,0.9546987495436746
Lasso Regression,0.9297549376610029,0.9547216817349824
Random Forest,0.9972115480933598,0.9992391181684999
XGBoost,0.9999985851745763,0.9996259441428714
