,Train R²,Test R²
Linear Regression,0.9387823137911347,0.9457504774669511
Ridge Regression,0.9387699467446668,0.9456873607301309
Lasso Regression,0.9387769297902467,0.945773940181873
Random Forest,0.99826662381095,0.9920969040641191
XGBoost,0.999995337513165,0.9948576486300578
