,Train R²,Test R²
Linear Regression,0.9326064646466622,0.9470974736737503
Ridge Regression,0.9325147700693797,0.9474445252975034
Lasso Regression,0.9325910425386965,0.9475629115575919
Random Forest,0.9941420149068892,0.9995083600129586
XGBoost,0.9999992649828103,0.9997965660452018
