,Train R²,Test R²
Linear Regression,0.9463766464260227,0.8963670821489917
Ridge Regression,0.9461452456539268,0.9023189580875279
Lasso Regression,0.9463585132021699,0.8987394535323185
Random Forest,0.9975697201536602,0.975455392146887
XGBoost,0.9999991452159237,0.9796109533105248
