,Train R²,Test R²
Linear Regression,0.9417556787290166,0.9307581598501303
Ridge Regression,0.9416711734871728,0.9312936166826725
Lasso Regression,0.9417404594628224,0.9315339554089055
Random Forest,0.9958167370915486,0.9829759067699558
XGBoost,0.9999990158541286,0.9854852258425779
