,Train R²,Test R²
Linear Regression,0.9409909228007086,0.9498080355898363
Ridge Regression,0.9409392791849783,0.9506428194256541
Lasso Regression,0.9409705910661149,0.9505695276778076
Random Forest,0.9970562456621247,0.9985235585109159
XGBoost,0.9999991309074299,0.9991163637007128
