{
    "mse": 517.1074815953233,
    "r2": 0.559030241616541,
    "corr_coef": 0.7733194892236911,
    "pearson": 0.773319489223691
}