,Train R²,Test R²
Linear Regression,0.931796896222317,0.9561218383471916
Ridge Regression,0.9317283325725878,0.9565757157882224
Lasso Regression,0.9317804440617263,0.9563332527548277
Random Forest,0.994932304337155,0.9965325279641818
XGBoost,0.9999992248829555,0.9997450808560183
