,Train R²,Test R²
Linear Regression,0.9514522634748925,0.9584480455800204
Ridge Regression,0.9514385436230659,0.9582184382532387
Lasso Regression,0.9514483202573749,0.958341009927647
Random Forest,0.9987165802518189,0.9928175776424331
XGBoost,0.9999958018001156,0.9931097406528853
