,MSE,R²,Correlation
Linear Regression,81.30015809969458,0.936573892027365,0.9685615342652921
Ridge Regression,76.38577997585507,0.940407831404442,0.9703123636635221
Lasso Regression,80.37788248195781,0.937293402964101,0.9688911152535845
Random Forest,1.0705401742105396,0.999164820853174,0.9995868931541703
XGBoost,1.417568781325869,0.9988940873832894,0.9995620670592478
