,Train R²,Test R²
Linear Regression,0.9451509145780823,0.9533040634833133
Ridge Regression,0.9451377673877752,0.9533571684705054
Lasso Regression,0.9451466645605072,0.9533821023974658
Random Forest,0.9988035976679134,0.9969090992134734
XGBoost,0.9999970558666241,0.9970823169956928
