,Train R²,Test R²
Linear Regression,0.9394309381777605,0.9539341042557049
Ridge Regression,0.9393782961866198,0.9544229029908101
Lasso Regression,0.9394107074653909,0.9543861593530804
Random Forest,0.996763083907661,0.9988351931535311
XGBoost,0.9999988111526216,0.998746089892002
