,Train R²,Test R²
Linear Regression,0.9359392252010351,0.9495538588221175
Ridge Regression,0.9358632965174416,0.9508346057577716
Lasso Regression,0.9359200835538756,0.950556161646469
Random Forest,0.9958044984686493,0.9972841346940596
XGBoost,0.9999989073507759,0.9997108397732252
