,Train R²,Test R²
Linear Regression,0.9439313027709859,0.9160396327883232
Ridge Regression,0.94376386550783,0.9194939767124461
Lasso Regression,0.9439141568327788,0.917561193233685
Random Forest,0.9938088337469754,0.9762535392818399
XGBoost,0.9999993496446611,0.9795871125539702
