,Train R²,Test R²
Linear Regression,0.9330754407658689,0.9466218385808789
Ridge Regression,0.9330291031230767,0.9463017599795438
Lasso Regression,0.9330590781776079,0.9464230656850283
Random Forest,0.998578942356436,0.9978793930671099
XGBoost,0.9999961416966291,0.998830710564366
