,Train R²,Test R²
Linear Regression,0.9395645394821452,0.9435506470627026
Ridge Regression,0.9394986761007305,0.9445749338315825
Lasso Regression,0.9395451298824867,0.9444090767897191
Random Forest,0.9971291466614187,0.9983665540028888
XGBoost,0.9999991286302968,0.9998235406185515
