,Train R²,Test R²
Linear Regression,0.9497856654876696,0.9560567857675238
Ridge Regression,0.949771578080427,0.9560796585475589
Lasso Regression,0.949781733795665,0.9560938676079622
Random Forest,0.9981357002876189,0.9960690358358346
XGBoost,0.9999959613773064,0.995947894006387
