,Train R²,Test R²
Linear Regression,0.935194859495776,0.9391709851089577
Ridge Regression,0.9351636649311956,0.9383881861702832
Lasso Regression,0.9351806535759536,0.9387590049486823
Random Forest,0.998058099299846,0.9968550842807455
XGBoost,0.9999976604482834,0.9982484757755873
