,Train R²,Test R²
Linear Regression,0.9292401650062637,0.9515488197441598
Ridge Regression,0.9292071335490204,0.9511899983013854
Lasso Regression,0.9292254476494851,0.9513884015953447
Random Forest,0.9977686830160751,0.9985147946754211
XGBoost,0.9999977138994541,0.9986751928398012
