,Train R²,Test R²
Linear Regression,0.944719625298927,0.8906582707030793
Ridge Regression,0.944681872386806,0.8919138768414275
Lasso Regression,0.9446984373591879,0.8919818307713765
Random Forest,0.9998286909994936,0.9405998534428852
XGBoost,0.9999983882050049,0.9409922304264816
