,MSE,R²,Correlation
Linear Regression,61.69915620206967,0.9484277024252253,0.9786914054333095
Ridge Regression,60.874898334125604,0.9491166724964649,0.9793626986028593
Lasso Regression,61.30764260336276,0.9487549557794034,0.9788731337769646
Random Forest,3.2337263496296544,0.9972970343867864,0.9987098945498885
XGBoost,4.993813072305636,0.9958258357220595,0.998296920885236
