,Train R²,Test R²
Linear Regression,0.9368730803141234,-1.2430194761589131e+19
Ridge Regression,0.931286425562987,0.9526575661219074
Lasso Regression,0.9313189865521898,0.9526939791662039
Random Forest,0.9987884448356917,0.995381856247079
XGBoost,0.9999977869976526,0.994742587905659
