,Train R²,Test R²
Linear Regression,0.9422675892240876,0.8847696968145877
Ridge Regression,0.9422216036495571,0.8861666076008445
Lasso Regression,0.9422457107239985,0.8859998504717848
Random Forest,0.9997353316364057,0.9428104877638719
XGBoost,0.9999985368926635,0.9439575926921105
