,Train R²,Test R²
Linear Regression,0.9430711474441071,0.9220534646743309
Ridge Regression,0.9429217521282247,0.9234080280485206
Lasso Regression,0.9430555854255667,0.9229542406163298
Random Forest,0.9930804996676733,0.9800877054154833
XGBoost,0.9999992910431211,0.9827270743704561
