,Train R²,Test R²
Linear Regression,0.9348713799682354,-1.1039539873492376e+19
Ridge Regression,0.9295453168087828,0.9450673387025454
Lasso Regression,0.92956271343282,0.9451108181441399
Random Forest,0.997984808826128,0.9946641160230476
XGBoost,0.9999978356560887,0.9992909893866645
