,Train R²,Test R²
Linear Regression,0.9318281643734299,0.9434926537035231
Ridge Regression,0.9318024884224794,0.9436622801473754
Lasso Regression,0.9318120290861718,0.9436265851815546
Random Forest,0.997274426338143,0.9950296604618145
XGBoost,0.9999989620502271,0.9996896495713246
