,Train R²,Test R²
Linear Regression,0.9359949172959037,0.9445277858651824
Ridge Regression,0.9358980237858862,0.9456471866244596
Lasso Regression,0.9359744539280781,0.9452431703292228
Random Forest,0.9939220001421312,0.9993985574482968
XGBoost,0.9999992379905501,0.9992086513991482
