,Train R²,Test R²
Linear Regression,0.9265204068131736,0.9490642505594534
Ridge Regression,0.926481708498125,0.9493171138151613
Lasso Regression,0.9265050435732423,0.9492052183134845
Random Forest,0.9978396739614679,0.9983214373386826
XGBoost,0.9999961548119605,0.9954788500369062
