,Train R²,Test R²
Linear Regression,0.9342543443600401,0.9408412462058193
Ridge Regression,0.9341340642105542,0.9432260956928443
Lasso Regression,0.9342365371570621,0.9415781350683073
Random Forest,0.9956049838126987,0.9994822959839633
XGBoost,0.9999992397616091,0.99977092994128
