,Train R²,Test R²
Linear Regression,0.9329673289763118,0.9380148071774619
Ridge Regression,0.9329358509239642,0.9376809983944926
Lasso Regression,0.9329524743059143,0.937467148241816
Random Forest,0.9987049032613206,0.9998030385615423
XGBoost,0.999997696413893,0.9998224922413619
