,Train R²,Test R²
Linear Regression,0.9346167818724637,0.9494712097013324
Ridge Regression,0.9345498774448254,0.9492857470017584
Lasso Regression,0.9345988599624167,0.949720951141101
Random Forest,0.9974237894653352,0.995617085071008
XGBoost,0.9999991187306136,0.9992600762290936
