,MSE,R²,Correlation
Linear Regression,96.15832748956814,0.9331146053171222,0.9674002658168539
Ridge Regression,88.88435860232346,0.9381742012214614,0.969725097152029
Lasso Regression,94.63979454216019,0.9341708599149089,0.9678838585276106
Random Forest,2.324905086363633,0.9983828525478614,0.9992117522100368
XGBoost,2.913191711823462,0.9979736546743355,0.9992065887407552
