,MSE,R²,Correlation
Linear Regression,123.31471680531365,0.8998379315006141,0.9566806882466392
Ridge Regression,119.38361696906833,0.9030309574530442,0.9582949112241499
Lasso Regression,122.19998693711796,0.9007433680317039,0.9571280019193505
Random Forest,5.683935853148087,0.9953832374024915,0.9978157746940896
XGBoost,12.979789695122177,0.9894571984736988,0.9954380471166813
