,Train R²,Test R²
Linear Regression,0.9335741267292496,0.9513617685396575
Ridge Regression,0.9335496858740645,0.9516296216780646
Lasso Regression,0.933558264537364,0.9514988753961229
Random Forest,0.9965433749200925,0.9986796324462294
XGBoost,0.9999987586068961,0.9998045495325742
