,Train R²,Test R²
Linear Regression,0.9421891118641711,0.8775303723538393
Ridge Regression,0.9421293990862206,0.8795800958116682
Lasso Regression,0.9421683904606641,0.8790157887609324
Random Forest,0.9996736381408113,0.9471836997823138
XGBoost,0.9999980619578971,0.9476620371459938
