,Train R²,Test R²
Linear Regression,0.9292055442094767,0.9413396538955987
Ridge Regression,0.9291722433619276,0.9412770302107201
Lasso Regression,0.9291909962472349,0.9412290287473642
Random Forest,0.9977001913024687,0.9985571807209626
XGBoost,0.9999967863128555,0.9964859818183088
