,MSE,R²,Correlation
Linear Regression,70.1077515511159,0.9420085672098152,0.9730569055102367
Ridge Regression,71.77625594640406,0.9406284208157473,0.9724614548626812
Lasso Regression,69.80136614710806,0.9422620017897483,0.9731813489253004
Random Forest,4.977108365319105,0.9958830565968668,0.9980353316550186
XGBoost,7.6469446807269135,0.993674632709062,0.9974740133862462
