,Train R²,Test R²
Linear Regression,0.9399047653492341,0.9551322267493196
Ridge Regression,0.9398921841093795,0.9551111332582
Lasso Regression,0.9398994752260326,0.9551521743874439
Random Forest,0.9985916023444621,0.9927727031989634
XGBoost,0.9999956077610236,0.9956352930455549
