,Train R²,Test R²
Linear Regression,0.9391307621545028,0.956349734085257
Ridge Regression,0.9391057453303318,0.9565681463550741
Lasso Regression,0.9391141671979424,0.9565066151736503
Random Forest,0.997716284798327,0.9961880830890767
XGBoost,0.9999984843122981,0.9994101225471865
