,Train R²,Test R²
Linear Regression,0.9465907529507457,0.9603590983213933
Ridge Regression,0.9465614151274517,0.9605123267939281
Lasso Regression,0.9465725705417098,0.9604239824614437
Random Forest,0.9965909256242692,0.9977079344441819
XGBoost,0.9999988414590404,0.9998721052056754
