,Train R²,Test R²
Linear Regression,0.9298870821786718,0.9429780333362235
Ridge Regression,0.929841470534858,0.9426401190458338
Lasso Regression,0.9298704046962983,0.9427561871218684
Random Forest,0.9986673768551667,0.9996640576519374
XGBoost,0.9999980040730756,0.9999101101218364
