,MSE,R²,Correlation
Linear Regression,69.22138470467104,0.9428801518105243,0.9721314583717822
Ridge Regression,66.87664428525407,0.9448149761046675,0.9729804325958825
Lasso Regression,68.77239510643159,0.9432506473994166,0.9723056138021742
Random Forest,0.6111910278846355,0.9994956596306692,0.9997551103204989
XGBoost,0.8618994213745824,0.9992887809986241,0.999798201439152
