,Train R²,Test R²
Linear Regression,0.9473775764676872,0.8784690301814857
Ridge Regression,0.9473337202962788,0.8807355859049595
Lasso Regression,0.9473540170727602,0.8805251724190916
Random Forest,0.9995466882325801,0.9364443112949277
XGBoost,0.999998945037935,0.9383159328855434
