,Train R²,Test R²
Linear Regression,0.9315612653028911,0.947971247170233
Ridge Regression,0.9315284471656298,0.9474073911672574
Lasso Regression,0.9315476560117538,0.9476994916802408
Random Forest,0.9983715897518647,0.9998664478074699
XGBoost,0.999998303558591,0.9999476321821276
