,Train R²,Test R²
Linear Regression,0.9353728856834462,0.9480468843956401
Ridge Regression,0.935283886195793,0.9489400799113566
Lasso Regression,0.9353538032959474,0.9488011558026246
Random Forest,0.9961216422003614,0.9993387235786386
XGBoost,0.9999992419499567,0.9994065826895958
