,Train R²,Test R²
Linear Regression,0.9360930634141046,0.9533707827373401
Ridge Regression,0.9360275195631766,0.9539422535550596
Lasso Regression,0.9360760387576683,0.953642660337526
Random Forest,0.997667817067779,0.9992066712873674
XGBoost,0.9999989223422261,0.9998992167125915
