,Train R²,Test R²
Linear Regression,0.9345799353209074,0.9484011571603408
Ridge Regression,0.9344873744174607,0.9501723567049364
Lasso Regression,0.9345627160874284,0.9493097295984481
Random Forest,0.9949246146921615,0.9981618130860316
XGBoost,0.9999991387907909,0.9990233254657916
