,Train R²,Test R²
Linear Regression,0.9474783862355025,-1.3795573179079393e+19
Ridge Regression,0.9408424425615217,0.8845780837605903
Lasso Regression,0.9408947722975689,0.883530154130876
Random Forest,0.9998017215682703,0.9539513922728312
XGBoost,0.9999979391540402,0.9541125478414878
