,Train R²,Test R²
Linear Regression,0.9752497246548846,0.7376009000708734
Ridge Regression,0.9749593994186689,0.751283172795804
Lasso Regression,0.9752154474126336,0.7428585317093128
Random Forest,0.9989421108169587,0.828879117423774
XGBoost,0.9999995100558599,0.8393219548917463
