,Train R²,Test R²
Linear Regression,0.9389748795694546,0.9440722516704684
Ridge Regression,0.9389413767792797,0.9435312900577351
Lasso Regression,0.9389708215791506,0.9439250310779268
Random Forest,0.9976711871009182,0.9963416479587713
XGBoost,0.9999976189847024,0.9976253041681794
