,Train R²,Test R²
Linear Regression,0.9403443327003682,0.9494829671280662
Ridge Regression,0.9402899899874098,0.9506677554883625
Lasso Regression,0.9403248411021672,0.95029053845864
Random Forest,0.9961022046028115,0.9985886661171911
XGBoost,0.9999989197662125,0.9997255330002238
