,Train R²,Test R²
Linear Regression,0.9353941864495445,0.9467572103340125
Ridge Regression,0.9353726926574414,0.9464311911068983
Lasso Regression,0.9353783032106602,0.946881112819159
Random Forest,0.9965611237239413,0.9958551395627595
XGBoost,0.9999988069660407,0.9994933882559776
