,Train R²,Test R²
Linear Regression,0.9396169974818521,0.9644313868519943
Ridge Regression,0.9395795601568933,0.9642419596918567
Lasso Regression,0.9395989876679387,0.9643218208370977
Random Forest,0.9962773922526718,0.997294368560379
XGBoost,0.999998926572409,0.9992020860336946
