,Train R²,Test R²
Linear Regression,0.9373770515369825,0.9548315096096409
Ridge Regression,0.937321049588691,0.955050148409095
Lasso Regression,0.937358609847646,0.9552258394879974
Random Forest,0.9955945113735852,0.9993966457511715
XGBoost,0.999999131014257,0.9995974612346089
