,Train R²,Test R²
Linear Regression,0.9283604929340559,0.943405991853358
Ridge Regression,0.9283139481003151,0.9429323474673471
Lasso Regression,0.9283424108490153,0.9429433608423203
Random Forest,0.998188329672609,0.9998097822414596
XGBoost,0.9999979078903305,0.9999420216098474
