,Train R²,Test R²
Linear Regression,0.9336420509797065,0.9485039034456545
Ridge Regression,0.9336013187703371,0.94841367659682
Lasso Regression,0.9336265222755582,0.9485268590891054
Random Forest,0.9981470661215082,0.9983347988594076
XGBoost,0.9999976832556103,0.9976895835220189
