,Train R²,Test R²
Linear Regression,0.9395781279212692,0.9196865200888191
Ridge Regression,0.9395024060678032,0.9199177378956256
Lasso Regression,0.9395583448176923,0.9197980480174827
Random Forest,0.994696244146832,0.9991134328283491
XGBoost,0.9999988721387225,0.9987618872249733
