,Train R²,Test R²
Linear Regression,0.9338864622427031,0.9431970495561149
Ridge Regression,0.9337991986275339,0.9439944425186148
Lasso Regression,0.933870211390168,0.9433658849247749
Random Forest,0.9940675900732373,0.999513219687385
XGBoost,0.9999992279833338,0.9974016310802758
