,Train R²,Test R²
Linear Regression,0.9432244908158742,0.9650656865580228
Ridge Regression,0.9431918999889217,0.9650135851158168
Lasso Regression,0.9432052843896084,0.9651965653772431
Random Forest,0.9966778296505646,0.9911360104932966
XGBoost,0.9999986293930615,0.9997079551994026
