,Train R²,Test R²
Linear Regression,0.9361588012209523,0.9507951215806151
Ridge Regression,0.936124152512884,0.9502957419258533
Lasso Regression,0.9361523801471847,0.9506173316170823
Random Forest,0.9985351970367319,0.9984982681054282
XGBoost,0.9999969515949056,0.9993941671300691
