,MSE,R²,Correlation
Linear Regression,189.4130214032337,0.8691607132611664,0.9382422761270314
Ridge Regression,189.65521229674968,0.8689934170344998,0.9383123860743613
Lasso Regression,188.2901959468207,0.8699363182367954,0.9386790663811878
Random Forest,41.74765803720011,0.9711623110167507,0.986708663651656
XGBoost,39.834669094409094,0.9724837307742721,0.9872358702255754
