,Train R²,Test R²
Linear Regression,0.9275560624093141,0.9398528092614954
Ridge Regression,0.927544326258207,0.9399740901299907
Lasso Regression,0.9275496956415098,0.939918331437785
Random Forest,0.9973650051462458,0.9957459285786868
XGBoost,0.9999958085508908,0.9967276518902116
