,Train R²,Test R²
Linear Regression,0.9414122818895294,0.9485937525692942
Ridge Regression,0.9414010134497687,0.9482984417062448
Lasso Regression,0.9414070234780537,0.9484393461680449
Random Forest,0.9984435648298022,0.9973529296660092
XGBoost,0.9999968965641666,0.9956251239122583
