,Train R²,Test R²
Linear Regression,0.9410695997513245,0.9615507436180828
Ridge Regression,0.9410335241501588,0.961410537458322
Lasso Regression,0.9410522140310531,0.9616461917596747
Random Forest,0.9970765740780986,0.9988355636360929
XGBoost,0.9999991574045516,0.9998236429526248
