,Train R²,Test R²
Linear Regression,0.9500081595878684,-1.0907130046436944e+19
Ridge Regression,0.9452912429984182,0.8886984269113843
Lasso Regression,0.9453120461734221,0.8884923605258542
Random Forest,0.9996413233942908,0.9430832985880346
XGBoost,0.9999987065645923,0.9430305034015867
