,Train R²,Test R²
Linear Regression,0.9286256595218237,0.943903978237357
Ridge Regression,0.928615529920045,0.9437421118681811
Lasso Regression,0.9286200591744289,0.9437851660337511
Random Forest,0.9974661424441921,0.9884315639105967
XGBoost,0.9999961677133484,0.9880407215739193
