,Train R²,Test R²
Linear Regression,0.9416084981599814,0.9497619463588419
Ridge Regression,0.9415960535993714,0.9497073641420887
Lasso Regression,0.9416030255491947,0.9497775792752449
Random Forest,0.9982069434384587,0.9962570242605998
XGBoost,0.9999971001384882,0.9971288527619621
