,Train R²,Test R²
Linear Regression,0.9309341079790662,0.9283175500878991
Ridge Regression,0.9309236872734314,0.9278609813113816
Lasso Regression,0.9309280677733027,0.9281094958418327
Random Forest,0.9983038619060528,0.9760784865279449
XGBoost,0.9999954999991175,0.9938704469134281
