,Train R²,Test R²
Linear Regression,0.9384327681595503,0.9418380336894201
Ridge Regression,0.9384065970086124,0.9409626365080156
Lasso Regression,0.9384288842959484,0.9417698423479778
Random Forest,0.9985216134454044,0.994010545863114
XGBoost,0.9999979175801494,0.9987189840909495
