,MSE,R²,Correlation
Linear Regression,79.96493331206989,0.9361522421122244,0.9682203303457395
Ridge Regression,74.80570086586094,0.9402716155734236,0.9701447690260072
Lasso Regression,78.99884978414534,0.9369236085679379,0.9685854247011246
Random Forest,0.30402544017544386,0.9997572518116123,0.9998840147641563
XGBoost,0.686853341177831,0.9994515840379584,0.9998149747560764
