,Train R²,Test R²
Linear Regression,0.9444912486103565,0.8902284608045914
Ridge Regression,0.944450891229267,0.8916362530015882
Lasso Regression,0.944468972016913,0.8917312161443853
Random Forest,0.9997637872433729,0.9405929961734958
XGBoost,0.9999984110024226,0.9410418587461072
