,Train R²,Test R²
Linear Regression,0.9388400976282567,0.9521703939579758
Ridge Regression,0.9387918939647718,0.9523197726560151
Lasso Regression,0.9388218264909963,0.9523779976698195
Random Forest,0.9966127791907172,0.9987094556064944
XGBoost,0.9999987815269558,0.9997947126565223
