,Train R²,Test R²
Linear Regression,0.9402813683976934,0.9260397275406256
Ridge Regression,0.9402035881596608,0.9259938530557914
Lasso Regression,0.9402661661851897,0.9267765181811576
Random Forest,0.9925225050173971,0.981946687386447
XGBoost,0.9999992026139413,0.9847337350403497
