,Train R²,Test R²
Linear Regression,0.9371591812114232,0.9191202455077886
Ridge Regression,0.9370958961989021,0.918767126803416
Lasso Regression,0.9371417971967918,0.919709842471133
Random Forest,0.9972974199973376,0.976100065055518
XGBoost,0.9999988439915654,0.9795275951874681
