,Train MSE,Train RMSE,Train MAE,Train R²,Test MSE,Test RMSE,Test MAE,Test R²
Linear Regression,33.3159133859679,5.771993883050111,3.8280649062589154,0.9707141646778388,309.49742438267555,17.59253888393246,6.638283520417087,0.7625636689084063
Ridge Regression,33.54238824816686,5.791579080714245,3.8246241244098966,0.9705150854737921,290.673610076359,17.049152767113064,6.468112035885956,0.7770046853884498
Lasso Regression,33.33073820541484,5.77327794285143,3.810099105030089,0.9707011331509532,304.22935844482595,17.442171838530484,6.581342625678835,0.766605157301166
Random Forest,1.4634322027459172,1.2097240192481578,0.3055733606557306,0.9987135926907286,195.98722722225844,13.999543821934287,2.1753612903226096,0.8496449905349441
XGBoost,0.00010706315910974234,0.01034713289320971,0.005778411685443123,0.9999999058877957,190.8494038675722,13.81482550984891,2.1779964766963826,0.8535865610651889
