,Train R²,Test R²
Linear Regression,0.9783904363571395,0.7834407994305006
Ridge Regression,0.978134709995167,0.7890604844989086
Lasso Regression,0.9783697421139028,0.7838700181956608
Random Forest,0.9997811896136648,0.835623488255582
XGBoost,0.9999995805873202,0.8461807500870588
