,Train R²,Test R²
Linear Regression,0.9336366469383612,0.9392714995818896
Ridge Regression,0.933574431819903,0.9389389975821948
Lasso Regression,0.9336195493656404,0.9398336271656065
Random Forest,0.9969725476277328,0.9939826261032114
XGBoost,0.9999988820714042,0.9998253834140441
