,Train R²,Test R²
Linear Regression,0.9385216183761607,0.9231072095506928
Ridge Regression,0.9384280668007401,0.9233707298029709
Lasso Regression,0.9385052447658438,0.9239647233125802
Random Forest,0.9963971329137266,0.9835788634036962
XGBoost,0.9999990764186434,0.985606291909871
