,Train R²,Test R²
Linear Regression,0.940218354129478,0.9577084135773758
Ridge Regression,0.9401677784232352,0.9586886656966149
Lasso Regression,0.9401993094504278,0.958429322101558
Random Forest,0.9965296890958898,0.9985220919500263
XGBoost,0.9999986119134557,0.9999511510215251
