,Train R²,Test R²
Linear Regression,0.926721261322301,0.9529985153293469
Ridge Regression,0.9266854157291053,0.9530653977414502
Lasso Regression,0.9267060085746359,0.953057359886239
Random Forest,0.9982679627786112,0.9981340554179131
XGBoost,0.9999973789328868,0.9978575984982369
