,Train R²,Test R²
Linear Regression,0.93369986030613,0.9468573644377978
Ridge Regression,0.9336600848959,0.9461600485841308
Lasso Regression,0.933684577032917,0.9464904220520132
Random Forest,0.9984368671422467,0.9996066342928955
XGBoost,0.9999973504411486,0.9996121564896865
