,Train R²,Test R²
Linear Regression,0.9282757741626665,0.9422873285479489
Ridge Regression,0.928263751623119,0.9423598035047206
Lasso Regression,0.928269867880761,0.9423354451633791
Random Forest,0.9967226243901661,0.9984563820760032
XGBoost,0.9999962211131656,0.9957310494271072
