,Train R²,Test R²
Linear Regression,0.9374119256830485,0.9449864079063562
Ridge Regression,0.9373461953690434,0.9454656509300481
Lasso Regression,0.9373939662842654,0.9453765929508382
Random Forest,0.9977646186239083,0.994669895258681
XGBoost,0.9999990666849073,0.9994439681787528
