,Train R²,Test R²
Linear Regression,0.9322522683906175,0.948628462248372
Ridge Regression,0.9321627949811357,0.9493486309938383
Lasso Regression,0.9322365994839259,0.9487565524736679
Random Forest,0.9956010807645219,0.999701843308797
XGBoost,0.9999993819144549,0.9998569079120389
