,Train R²,Test R²
Linear Regression,0.9379548908622577,0.9340034545172393
Ridge Regression,0.9378698773769962,0.9350962728188446
Lasso Regression,0.937935935930395,0.9347241670002959
Random Forest,0.993976507600244,0.9996531397623144
XGBoost,0.9999991873427478,0.9997490539702731
