,Train R²,Test R²
Linear Regression,0.9325550170311538,0.938402524668857
Ridge Regression,0.9325219671730149,0.9380137123126822
Lasso Regression,0.9325400519916242,0.9379832798315402
Random Forest,0.9982408074099038,0.9976739005948047
XGBoost,0.9999979744579756,0.9985106697618134
