,Train R²,Test R²
Linear Regression,0.9481336812134318,0.8766304354831014
Ridge Regression,0.94808752005296,0.8790098515955511
Lasso Regression,0.9481106494056061,0.8786598025471452
Random Forest,0.9994733699863316,0.9355788996521395
XGBoost,0.9999986979879758,0.940697735495597
