,Train R²,Test R²
Linear Regression,0.9336769412616516,0.9607125278470902
Ridge Regression,0.9336171208141519,0.9606574579425649
Lasso Regression,0.9336612913586295,0.9608086799859248
Random Forest,0.9949293027242443,0.9998324145904297
XGBoost,0.9999992332083362,0.9999134669104286
