,Train R²,Test R²
Linear Regression,0.9277774232012741,0.9483343684172734
Ridge Regression,0.9277300726344275,0.9478306284105685
Lasso Regression,0.9277597487258018,0.9479925290742693
Random Forest,0.9972792293831739,0.9998506278471162
XGBoost,0.9999975605720729,0.999931669436984
