,Train R²,Test R²
Linear Regression,0.9363991969307596,0.9597567352164313
Ridge Regression,0.9363453134701492,0.9601186989993968
Lasso Regression,0.9363814955201097,0.9599659453775227
Random Forest,0.9947542861833069,0.9980228079877311
XGBoost,0.9999990604820923,0.9997652831882878
