,Train R²,Test R²
Linear Regression,0.9481932011023183,0.8756417213626978
Ridge Regression,0.9481544629903005,0.8771504176522614
Lasso Regression,0.9481702437552432,0.8770342135770135
Random Forest,0.9996014251855047,0.9403114806124288
XGBoost,0.9999984249115611,0.941329875274096
