,Train R²,Test R²
Linear Regression,0.9418238495695948,0.9452886443688586
Ridge Regression,0.9418119817763471,0.9451536477103215
Lasso Regression,0.9418186912605887,0.9452552095801423
Random Forest,0.9982715810469049,0.9971071791157236
XGBoost,0.9999959278088466,0.9946191681392488
