,MSE,R²,Correlation
Linear Regression,52.71589066570128,0.9570755830004016,0.9823816851748925
Ridge Regression,51.063594766450215,0.9584209807028884,0.9833098957520187
Lasso Regression,52.37893395706334,0.957349953215715,0.9825558617953913
Random Forest,7.239116424259384,0.9941054803745216,0.9979428377096642
XGBoost,2.9701790716829994,0.9975815033488687,0.998973499120136
