,Train R²,Test R²
Linear Regression,0.9263965009900926,0.9483014017748995
Ridge Regression,0.9263652456121869,0.948054997791891
Lasso Regression,0.9263813311273481,0.9479688657118911
Random Forest,0.9977307655163828,0.9974139545876565
XGBoost,0.9999974591568908,0.9974205085412416
