,Train R²,Test R²
Linear Regression,0.940881945972949,0.8795436514605085
Ridge Regression,0.940820277991335,0.8822424981862358
Lasso Regression,0.9408614920884185,0.8812446533704371
Random Forest,0.9997494680816427,0.9434957802617616
XGBoost,0.9999985226633407,0.9437560667299165
