,Train R²,Test R²
Linear Regression,0.9409903829070181,0.8873225570910982
Ridge Regression,0.9409375725183806,0.8891022298924754
Lasso Regression,0.940969058674462,0.8889170180294989
Random Forest,0.9997177730066541,0.9432767644044288
XGBoost,0.9999985462972925,0.9436593435088395
