,MSE,R²,Correlation
Linear Regression,66.06731443284636,0.9494295694782332,0.9755344280955615
Ridge Regression,62.18359924503841,0.9524023125170168,0.9766977958133054
Lasso Regression,65.36882382114155,0.9499642207086116,0.9757413094957245
Random Forest,1.5143109307142804,0.9988408889271884,0.9994375015031648
XGBoost,1.4743434369932513,0.998871481564133,0.9995907576715626
