,Train R²,Test R²
Linear Regression,0.9409397061670677,0.8872840137888205
Ridge Regression,0.9408847055071994,0.8889536621941281
Lasso Regression,0.9409182718769136,0.8887619797072139
Random Forest,0.9996161599519644,0.9437336455555362
XGBoost,0.999998293568536,0.9445799189594482
