,Train R²,Test R²
Linear Regression,0.928744755519911,0.9660807338032343
Ridge Regression,0.9286810146251334,0.9660878463794623
Lasso Regression,0.9287292550114511,0.9660899514089497
Random Forest,0.9958982814828012,0.9989240941822819
XGBoost,0.9999991843621375,0.9993474716868921
