,Train R²,Test R²
Linear Regression,0.9348702988617165,0.9523042445706449
Ridge Regression,0.9347949193889752,0.9526393265035498
Lasso Regression,0.9348528108546641,0.9527517516017967
Random Forest,0.9954911880628312,0.9997767274769584
XGBoost,0.9999990238404983,0.999743882910242
