,MSE,R²,Correlation
Linear Regression,87.22838188494912,0.9308456177080995,0.9685460773565099
Ridge Regression,88.91476410589674,0.929508659274645,0.9681135249381795
Lasso Regression,86.95475986486204,0.9310625443708633,0.968668960715799
Random Forest,6.984036634347689,0.9944630780840421,0.997486088272998
XGBoost,6.031315140530831,0.9952183926385184,0.9982162120744993
