,Train R²,Test R²
Linear Regression,0.9272906189570851,0.942874088896867
Ridge Regression,0.9272466247478337,0.9427066274732423
Lasso Regression,0.9272727414920664,0.9425558252638196
Random Forest,0.9973666372156714,0.999846353820592
XGBoost,0.9999983480417329,0.9997791943208324
