,Train R²,Test R²
Linear Regression,0.937254511336097,0.9447529652804867
Ridge Regression,0.9371852151507559,0.9457673425366078
Lasso Regression,0.9372357208091812,0.9452901399087977
Random Forest,0.9967125566525006,0.998998141121148
XGBoost,0.9999987439550453,0.9997311476573028
