,Train R²,Test R²
Linear Regression,0.9271632087797305,0.9451390492603237
Ridge Regression,0.9271191641776477,0.9450881459586372
Lasso Regression,0.9271461680758627,0.9449294280419556
Random Forest,0.9985115098310761,0.9995260357439218
XGBoost,0.9999982067204838,0.9997982656717299
