,Train R²,Test R²
Linear Regression,0.9392251100299263,0.954360338736392
Ridge Regression,0.9391766396810957,0.9549938305565275
Lasso Regression,0.9392065181372623,0.9549120718558954
Random Forest,0.9964224509954789,0.9975639041915826
XGBoost,0.9999988127279456,0.9999289428361179
