,Train R²,Test R²
Linear Regression,0.9486110339921303,0.8732698723344094
Ridge Regression,0.948567367950861,0.875240775832027
Lasso Regression,0.9485883258434888,0.8749435539571699
Random Forest,0.9997721984604483,0.942447322163019
XGBoost,0.9999984741164429,0.9423866873419733
