,Train R²,Test R²
Linear Regression,0.9289131940666636,0.9468956486263939
Ridge Regression,0.9288771483647387,0.9469875561692583
Lasso Regression,0.9288981622953646,0.9468865251775688
Random Forest,0.9984900500474613,0.997916480376078
XGBoost,0.9999967735195159,0.9976247379195775
