,Train R²,Test R²
Linear Regression,0.9308454905674421,0.9494562915128173
Ridge Regression,0.9308217403488512,0.9494366131825086
Lasso Regression,0.9308298972623653,0.9497029375585833
Random Forest,0.9969207790986597,0.9992218531870123
XGBoost,0.999998721792957,0.9995050009601086
