,Train R²,Test R²
Linear Regression,0.9290359865301662,0.9451255379651106
Ridge Regression,0.9289903510060942,0.9449746888547756
Lasso Regression,0.9290195620819032,0.9449700087665222
Random Forest,0.9985668850252934,0.9998196587137713
XGBoost,0.9999974086991282,0.999940052969733
