,Train R²,Test R²
Linear Regression,0.9379015715614063,0.9373432590551769
Ridge Regression,0.937890338971055,0.9370186460956851
Lasso Regression,0.9378962529549575,0.9371189759861728
Random Forest,0.9981796573992333,0.989290041473906
XGBoost,0.9999955280564913,0.9830579467446079
