,Train R²,Test R²
Linear Regression,0.9285014361575056,0.9534990309122361
Ridge Regression,0.9284907026182083,0.9533225891549331
Lasso Regression,0.9284958437557357,0.9534010927919804
Random Forest,0.9978999586020373,0.997221277865451
XGBoost,0.9999964240598191,0.9909178148034864
