,Train R²,Test R²
Linear Regression,0.9364618360954271,0.9518212660741356
Ridge Regression,0.9363355243723193,0.9538605667667069
Lasso Regression,0.9364444282990382,0.9526984554922823
Random Forest,0.9930898959591341,0.9906768897224523
XGBoost,0.9999993006116189,0.995195006338603
