,Train R²,Test R²
Linear Regression,0.9399404778856637,0.9570088381330157
Ridge Regression,0.9399162659125196,0.9575417919497994
Lasso Regression,0.9399225984402755,0.9574564965439366
Random Forest,0.9961875788100562,0.9995963064115709
XGBoost,0.9999984989578551,0.9999030810954861
