,Train R²,Test R²
Linear Regression,0.9310597933920879,0.9474290940396344
Ridge Regression,0.9310210180651914,0.9471699337223939
Lasso Regression,0.9310437992695999,0.9472244712983392
Random Forest,0.9988568127551528,0.9982619349878332
XGBoost,0.9999971177225385,0.9982360357125727
