,Train R²,Test R²
Linear Regression,0.9396990614621001,0.8918596346640931
Ridge Regression,0.9396402878475563,0.8935882892177376
Lasso Regression,0.9396788827261914,0.8932415572038702
Random Forest,0.9997536823570566,0.946734944115943
XGBoost,0.9999984799272212,0.9468872594655576
