,Train R²,Test R²
Linear Regression,0.9405527735304618,0.9490579485420328
Ridge Regression,0.9405011712046223,0.9496873480147201
Lasso Regression,0.9405333887819654,0.9498466210359693
Random Forest,0.9968196747670547,0.9935574675202303
XGBoost,0.9999990229839262,0.9998210867152237
