,Train R²,Test R²
Linear Regression,0.9256693760425386,0.9522675056640305
Ridge Regression,0.9256263597173466,0.9516500283381396
Lasso Regression,0.9256513596492402,0.9518785164475825
Random Forest,0.9977312084211793,0.9999112960579484
XGBoost,0.9999980842249262,0.9999509705706671
