,Train R²,Test R²
Linear Regression,0.9441598034029887,0.9021944822999772
Ridge Regression,0.9440084405757427,0.9047892097134553
Lasso Regression,0.9441422955590458,0.903757017407133
Random Forest,0.994685451590766,0.9772286825930638
XGBoost,0.9999992736205836,0.9809805508494304
