,Train R²,Test R²
Linear Regression,0.9256946880917978,0.9499778323478312
Ridge Regression,0.9256525325640099,0.9493967467028638
Lasso Regression,0.9256765858393661,0.9496721735604479
Random Forest,0.9972941534732402,0.9994286389428255
XGBoost,0.9999981538091359,0.9997985746061874
