,Train R²,Test R²
Linear Regression,0.9475398654579524,0.8761898394995185
Ridge Regression,0.9475027072628928,0.8775622264755165
Lasso Regression,0.9475176277001479,0.8774497034454843
Random Forest,0.999802882515674,0.9406853692743034
XGBoost,0.9999984822586155,0.9409397968862412
