,Train R²,Test R²
Linear Regression,0.9391955196041303,0.953920148120444
Ridge Regression,0.9391503153278555,0.9539246067417065
Lasso Regression,0.939176568972939,0.954179563602575
Random Forest,0.9957028402424735,0.998934142598755
XGBoost,0.9999988905881015,0.9993375548624465
