,Train R²,Test R²
Linear Regression,0.9328603862274056,0.9671919897494813
Ridge Regression,0.9327922509234189,0.9678028216540475
Lasso Regression,0.9328425748306757,0.9675408792750961
Random Forest,0.996594322590909,0.9992991380377487
XGBoost,0.9999990928308892,0.99985415502915
