,Train R²,Test R²
Linear Regression,0.9414513362277817,0.9507124746477391
Ridge Regression,0.9414036241171695,0.9514268719803038
Lasso Regression,0.9414314116219102,0.9513133504930787
Random Forest,0.997091644102199,0.9991307694679358
XGBoost,0.9999987585761234,0.9999089940089698
