,Train R²,Test R²
Linear Regression,0.9360574631456313,0.9223954053588785
Ridge Regression,0.9360462431352811,0.9221791026949224
Lasso Regression,0.9360530107102604,0.9223400001101731
Random Forest,0.9983891629695043,0.9874315978639453
XGBoost,0.9999953699736263,0.9894569059032494
