,Train R²,Test R²
Linear Regression,0.9301008100251136,0.9492084569253874
Ridge Regression,0.930078334240927,0.9493171127431371
Lasso Regression,0.9300848197701261,0.949338151901511
Random Forest,0.9973420435344434,0.9984807649436964
XGBoost,0.9999988531421058,0.9990874177343353
