,Train R²,Test R²
Linear Regression,0.9414507761459565,0.8753746376930492
Ridge Regression,0.9413897117649602,0.8777473534677988
Lasso Regression,0.9414288654766503,0.8770188397470299
Random Forest,0.999664502002092,0.9447420702998792
XGBoost,0.9999987647026639,0.9452873506298515
