,Train R²,Test R²
Linear Regression,0.934330068889932,0.9501338559209472
Ridge Regression,0.9342858732235668,0.9502514910591304
Lasso Regression,0.934314237142208,0.9501706414599637
Random Forest,0.9985088085414259,0.9985960160758883
XGBoost,0.9999968978425509,0.9985230114428496
