,Train R²,Test R²
Linear Regression,0.93571416406454,0.9534239114393863
Ridge Regression,0.9356824707008671,0.9529352543274845
Lasso Regression,0.9357082788491884,0.9533498431639412
Random Forest,0.9983703890149638,0.9983398553538817
XGBoost,0.999997118362062,0.998481231348196
