,Train R²,Test R²
Linear Regression,0.9413232131409889,0.8757011471909473
Ridge Regression,0.941254353049125,0.8778568177107153
Lasso Regression,0.9413033939162279,0.8770585057540558
Random Forest,0.9997335984410834,0.9470090375334039
XGBoost,0.9999982559532916,0.9468953664663952
