,Train R²,Test R²
Linear Regression,0.9338085535147591,0.945715257887945
Ridge Regression,0.9337692468609661,0.945198883651855
Lasso Regression,0.9337936175140529,0.9454942502002658
Random Forest,0.9982228445473973,0.999792219334776
XGBoost,0.9999978521661179,0.9996555907451533
