,Train R²,Test R²
Linear Regression,0.9421864110840424,0.9432232693094256
Ridge Regression,0.9421752325720049,0.9429074351092855
Lasso Regression,0.9421812361794027,0.9430308022934184
Random Forest,0.9986387153496779,0.995107010957371
XGBoost,0.9999969377864013,0.991678324787268
