,Train R²,Test R²
Linear Regression,0.9334854289653755,0.9575391390630716
Ridge Regression,0.9334110960464099,0.9576397457408784
Lasso Regression,0.9334676616472455,0.9580115027988734
Random Forest,0.9956608145826372,0.9990190551630244
XGBoost,0.9999993992856194,0.9990269475824732
