,Train R²,Test R²
Linear Regression,0.9385597881988625,0.9569850185761148
Ridge Regression,0.938538489044218,0.9571017161010474
Lasso Regression,0.9385448300857646,0.957066901655794
Random Forest,0.9978838485280778,0.9957144785206866
XGBoost,0.9999986376972232,0.9995961713845563
