,Train R²,Test R²
Linear Regression,0.9366999286181531,0.9426035947293981
Ridge Regression,0.9366253695270562,0.9427339418900426
Lasso Regression,0.9366813735657873,0.9429406247218679
Random Forest,0.9953811592344568,0.9997463355337228
XGBoost,0.999999263821074,0.999853333465087
