,Train R²,Test R²
Linear Regression,0.9302530961683513,0.9487591213493153
Ridge Regression,0.9302189777212411,0.9484065941134148
Lasso Regression,0.9302382583479119,0.9485590755048083
Random Forest,0.9981400268638474,0.9996442795164167
XGBoost,0.9999979247270552,0.999718895192726
