,Train R²,Test R²
Linear Regression,0.93648838407495,0.9419335657045419
Ridge Regression,0.9364555214605729,0.9412070449660712
Lasso Regression,0.9364820187620599,0.9416472930777915
Random Forest,0.998853679326846,0.9974767943461758
XGBoost,0.9999975279488297,0.9991053008110913
