{
    "mse": 360.1945863590063,
    "r2": 0.6778720220101405,
    "corr_coef": 0.8270305298639803,
    "pearson": 0.8270305298639804
}