,Train R²,Test R²
Linear Regression,0.935697899081547,0.9506588787501823
Ridge Regression,0.9356543484908015,0.9503995555050482
Lasso Regression,0.9356821263538253,0.9506109020330115
Random Forest,0.9983162013726545,0.9984640802583998
XGBoost,0.9999959120507378,0.9992330381428908
