,Train R²,Test R²
Linear Regression,0.9316898529850122,0.9436063693759702
Ridge Regression,0.931658070162465,0.9428952899077104
Lasso Regression,0.9316757635858979,0.9431351697970337
Random Forest,0.9986208431263575,0.998480783002581
XGBoost,0.9999983060244517,0.9943795435583427
