,Train R²,Test R²
Linear Regression,0.9300350008393488,0.9499004224539203
Ridge Regression,0.9300008027409721,0.9494326788179691
Lasso Regression,0.930019879435346,0.9495966820458348
Random Forest,0.9983462987143232,0.9984726055461299
XGBoost,0.9999976032600649,0.9984092047186264
