,Train R²,Test R²
Linear Regression,0.9329121751757671,0.951963920439966
Ridge Regression,0.9328201897538584,0.952358221051064
Lasso Regression,0.9328949646956749,0.952291203419582
Random Forest,0.9955338822248707,0.9997070065911431
XGBoost,0.9999991943027691,0.9998999508216888
