,Train R²,Test R²
Linear Regression,0.9381459833280765,0.9625119204083025
Ridge Regression,0.9381221470923471,0.9628914610163603
Lasso Regression,0.9381287901524306,0.9628289810365509
Random Forest,0.9976131618950229,0.9977573254608598
XGBoost,0.9999985936178701,0.9992704143806951
