,MSE,R²,Correlation
Linear Regression,92.25224510267861,0.9208282055004391,0.9694398463633943
Ridge Regression,93.5646923321681,0.9197018502314805,0.96942093818134
Lasso Regression,91.89172661892461,0.9211376060497406,0.969655905413566
Random Forest,2.5440983329412528,0.9978166295012321,0.9990003245958489
XGBoost,1.1984192233544422,0.9989715047002906,0.9997676749957444
