,Train R²,Test R²
Linear Regression,0.9337501026678321,0.9474883258397636
Ridge Regression,0.9337071500680585,0.9474674189184094
Lasso Regression,0.9337343072952027,0.9475313966388061
Random Forest,0.9980985376440832,0.9967490927563243
XGBoost,0.999998152596139,0.9952635365722494
