,Train R²,Test R²
Linear Regression,0.9289912807372526,0.947008296716599
Ridge Regression,0.9289808408178747,0.9467320897436289
Lasso Regression,0.9289854988154173,0.94685081121367
Random Forest,0.9979024680936269,0.9961692225761403
XGBoost,0.9999951940400803,0.9924481799865144
