,Train R²,Test R²
Linear Regression,0.9384564526035903,0.9484130761715043
Ridge Regression,0.9383944299927244,0.949462625856366
Lasso Regression,0.9384376811464882,0.9492813320820984
Random Forest,0.9969518803879495,0.9989620212644621
XGBoost,0.9999988804926229,0.9997731998701866
