,Train R²,Test R²
Linear Regression,0.9275937067337258,0.9412863208554778
Ridge Regression,0.9275520135787391,0.940976261644528
Lasso Regression,0.9275757662186183,0.9409237001652916
Random Forest,0.9974729821357762,0.9998035494842076
XGBoost,0.9999981487917178,0.9998325886051812
