,Train R²,Test R²
Linear Regression,0.9409075758687406,0.9525810960719288
Ridge Regression,0.9408554515534946,0.9533057355056209
Lasso Regression,0.940887544624856,0.9533967223889943
Random Forest,0.9972154759733175,0.9995416918473284
XGBoost,0.9999990547678983,0.9993467308241705
