,Train R²,Test R²
Linear Regression,0.9348929933888639,0.9405982627511006
Ridge Regression,0.9348817887143303,0.940434583541003
Lasso Regression,0.9348876937098588,0.9405187390601478
Random Forest,0.9978413793149926,0.9952362980662355
XGBoost,0.9999958204250166,0.996556955373767
