,Train R²,Test R²
Linear Regression,0.9258401750325757,0.9519249174850323
Ridge Regression,0.9257952149956081,0.9515411976010718
Lasso Regression,0.9258224742378706,0.9516065346322031
Random Forest,0.9976146264874595,0.9999450437496903
XGBoost,0.9999981610492872,0.9999656028184075
