,Train R²,Test R²
Linear Regression,0.9442170573810577,0.9638677918434477
Ridge Regression,0.9441853484061681,0.9640351877516811
Lasso Regression,0.9441983994427401,0.9640322863902947
Random Forest,0.9968816113781457,0.9989797073493503
XGBoost,0.9999987584380234,0.9997829537410694
