,MSE,R²,Correlation
Linear Regression,145.05256697222936,0.9100340995176884,0.9541477247745789
Ridge Regression,143.79633099779875,0.9108132542959666,0.9546565490096582
Lasso Regression,144.01885216990024,0.9106752400709007,0.9545022225062002
Random Forest,38.12377894236387,0.9763545025508235,0.9887372559290717
XGBoost,34.93384324121965,0.9783329952023121,0.9897057343530593
