,Train R²,Test R²
Linear Regression,0.9279545990041799,0.9441858220115373
Ridge Regression,0.927919117867634,0.9442968741074342
Lasso Regression,0.9279397518171935,0.9442495000451822
Random Forest,0.9977691195858799,0.9977038281617633
XGBoost,0.9999969965251642,0.9969522667799519
