,id,aqi,temperature,humidity,wind_speed,pm2_5,pm10,co,no2
count,338.0,338.0,338.0,338.0,338.0,338.0,338.0,338.0,338.0
mean,168.71597633136093,105.0972781065089,30.26254437869823,75.57988165680473,2.391627218934911,38.582958579881655,76.0530177514793,410.2263017751479,8.813491124260356
std,95.70972952423287,33.75183434935302,2.907206339392701,11.190864119832954,1.1434605774034896,18.02920369510492,46.12925810351488,197.12285160266936,5.541150958780333
min,1.0,2.12,22.99,46.0,0.0,0.51,2.78,18.08,0.0
25%,85.25,78.755,27.99,66.0,2.06,25.44,51.805,247.8,3.88
50%,171.5,101.60499999999999,29.99,78.0,2.06,35.81,70.825,365.225,8.08
75%,252.75,130.6275,31.99,83.0,3.09,48.019999999999996,93.225,561.355,12.53
max,329.0,183.63,38.99,100.0,8.23,118.7,663.85,1168.94,26.91
