,id,aqi,temperature,humidity,wind_speed,pm2_5,pm10,co,no2
count,810.0,810.0,810.0,810.0,810.0,810.0,810.0,810.0,810.0
mean,374.6296296296296,115.82206172839506,29.62085185185185,70.53086419753086,2.148814814814815,45.520148148148145,-24688887543.425537,470.94611111111107,8.481012345679012
std,202.17053006022354,36.56419194146648,3.5317077798219194,15.761813643701222,1.2362008980537318,22.523578860278445,496547104850.5974,204.84254815479335,5.171853649601905
min,1.0,2.12,19.99,27.0,0.0,0.51,-9998999486464.0,18.08,0.0
25%,205.0,86.05,26.99,61.0,1.03,28.8175,51.6725,308.08250000000004,4.1925
50%,386.5,110.45500000000001,28.99,74.0,2.06,39.510000000000005,73.83,456.775,7.955
75%,551.75,154.0475,31.99,83.0,3.09,61.5275,97.18,620.3824999999999,11.9325
max,704.0,187.49,38.99,100.0,8.84,126.18,663.85,1179.69,26.91
