,id,aqi,temperature,humidity,wind_speed,pm2_5,pm10,co,no2
count,398.0,398.0,398.0,398.0,398.0,398.0,398.0,398.0,398.0
mean,196.81909547738692,109.55022613065326,30.2943216080402,75.1356783919598,2.3608040201005025,40.91570351758794,74.16429648241207,436.8266582914573,8.98391959798995
std,110.77777440421232,34.73170440506377,2.8715228087890754,11.186384464945194,1.1949458454615478,19.163163981606278,43.76204309100272,198.98401618564512,5.554085270093887
min,1.0,2.12,22.99,46.0,0.0,0.51,2.78,18.08,0.0
25%,100.25,83.41,27.99,66.0,1.54,27.5525,49.3425,273.78000000000003,4.06
50%,201.5,105.25999999999999,29.99,78.0,2.06,37.36,68.86500000000001,395.31500000000005,8.245000000000001
75%,292.75,143.8925,32.74,83.0,3.09,53.087500000000006,91.72749999999999,600.5725,12.53
max,381.0,187.49,38.99,100.0,8.23,126.18,663.85,1168.94,26.91
