,id,aqi,temperature,humidity,wind_speed,pm2_5,pm10,co,no2
count,802.0,802.0,802.0,802.0,802.0,802.0,802.0,802.0,802.0
mean,371.3665835411471,115.25978802992519,29.64834164588529,70.6932668329177,2.1586907730673315,45.011209476309226,-24935160737.239037,468.9978054862843,8.47647132169576
std,200.5036549193147,36.296554364794886,3.5202970760444043,15.680826481795593,1.2357633340843694,21.979755863606183,499014419571.7177,204.27194727951598,5.177777772748705
min,1.0,2.12,19.99,27.0,0.0,0.51,-9998999486464.0,18.08,0.0
25%,203.25,85.82249999999999,26.99,61.0,1.03,28.705000000000002,51.075,307.65999999999997,4.165
50%,384.0,110.11,28.99,74.0,2.06,39.230000000000004,73.55,452.16499999999996,7.945
75%,546.75,153.625,31.99,83.0,3.09,60.74,96.6,618.7925,11.9325
max,698.0,187.49,38.99,100.0,8.84,126.18,663.85,1179.69,26.91
