,id,aqi,temperature,humidity,wind_speed,pm2_5,pm10,co,no2
count,899.0,899.0,899.0,899.0,899.0,899.0,899.0,899.0,899.0
mean,410.26918798665184,121.14909899888767,29.242491657397107,69.16796440489432,2.044349276974416,50.088542825361515,-22244715126.22026,496.6521245828699,8.598498331479421
std,220.05176769073344,38.59420361019687,3.756459976834359,16.375726148059425,1.2470802846827282,26.756905975131502,471356772266.7395,223.20290342655125,5.108131936923662
min,1.0,2.12,18.99,27.0,0.0,0.51,-9998999486464.0,18.08,0.0
25%,225.5,88.875,26.99,58.0,1.03,30.17,54.095,316.39,4.460000000000001
50%,427.0,117.52,28.99,70.0,2.06,42.27,77.9,483.07,8.14
75%,599.0,156.635,31.99,83.0,2.57,66.5,107.27,642.435,11.95
max,764.0,232.49,38.99,100.0,8.84,182.28,663.85,1324.55,26.91
