,id,aqi,temperature,humidity,wind_speed,pm2_5,pm10,co,no2
count,617.0,617.0,617.0,617.0,617.0,617.0,617.0,617.0,617.0
mean,294.7941653160454,107.70576985413288,29.78435980551054,75.3192868719611,2.283776337115073,39.92202593192869,68.48094003241492,461.19405186385734,8.72998379254457
std,162.24279774599134,34.07396715138934,3.2243715213964066,12.758247936127974,1.220614134556093,18.67939390787507,38.68414874402654,212.17833215670845,5.420157917476781
min,1.0,2.12,22.99,34.0,0.0,0.51,2.78,18.08,0.0
25%,157.0,79.73,27.99,66.0,1.54,25.77,45.68,294.04,4.12
50%,302.0,102.38,28.99,78.0,2.06,36.09,63.95,430.32,8.03
75%,438.0,139.71,31.99,84.0,3.09,51.36,84.85,610.9,12.31
max,557.0,187.49,38.99,100.0,8.23,126.18,663.85,1179.69,26.91
