,id,aqi,temperature,humidity,wind_speed,pm2_5,pm10,co,no2
count,330.0,330.0,330.0,330.0,330.0,330.0,330.0,330.0,330.0
mean,164.8939393939394,104.40757575757576,30.278242424242425,75.53333333333333,2.4043939393939397,38.24072727272727,76.29627272727272,408.0005151515151,8.748636363636365
std,93.61583673273219,33.578362888734716,2.933385121207125,11.259596829816338,1.1494366649675258,17.930671928905795,46.61145586634368,197.3496785637542,5.52928662639675
min,1.0,2.12,22.99,46.0,0.0,0.51,2.78,18.08,0.0
25%,83.25,78.4525,27.99,66.0,2.06,25.2425,51.805,246.4825,3.7275
50%,167.5,100.345,29.99,78.0,2.06,35.65,70.825,362.92,8.045
75%,247.75,128.67,32.99,83.0,3.09,47.04,93.4775,558.9775,12.465
max,322.0,183.63,38.99,100.0,8.23,118.7,663.85,1168.94,26.91
