,id,aqi,temperature,humidity,wind_speed,pm2_5,pm10,co,no2
count,294.0,294.0,294.0,294.0,294.0,294.0,294.0,294.0,294.0
mean,147.7074829931973,105.44765306122447,30.242108843537416,75.57142857142857,2.4260884353741496,38.88214285714285,74.31197278911566,419.4818027210884,8.683979591836735
std,84.33479606765376,35.01224688126206,2.9272717280229767,10.908242804968644,1.1723498203895923,18.749921751827625,48.56672697218813,200.56205649186896,5.481607423463903
min,1.0,2.12,22.99,46.0,0.0,0.51,2.78,18.08,0.0
25%,74.25,77.345,27.99,66.0,2.06,24.6525,48.78,264.84000000000003,3.9625
50%,149.5,102.33,29.99,78.0,2.06,36.115,67.265,368.76,7.91
75%,220.75,133.96249999999998,32.99,83.0,3.09,49.05,91.13499999999999,569.7675,12.3325
max,288.0,183.63,38.99,100.0,8.23,118.7,663.85,1168.94,26.91
