,id,aqi,temperature,humidity,wind_speed,pm2_5,pm10,co,no2
count,314.0,314.0,314.0,314.0,314.0,314.0,314.0,314.0,314.0
mean,157.2675159235669,105.01729299363058,30.305668789808916,75.37579617834395,2.4186942675159235,38.587261146496814,76.12235668789809,411.6910191082802,8.698949044585989
std,89.48385059044652,34.13371704947413,2.9365443980587833,11.165278225932274,1.1615060794858925,18.25230997193989,47.566214305009254,199.67139132098305,5.556486338101648
min,1.0,2.12,22.99,46.0,0.0,0.51,2.78,18.08,0.0
25%,79.25,77.9675,27.99,66.0,2.06,25.0475,51.2225,246.4825,3.665
50%,159.5,101.935,29.99,78.0,2.06,35.945,70.19,366.49,7.91
75%,235.75,131.825,32.99,83.0,3.09,48.3425,94.0425,562.335,12.355
max,306.0,183.63,38.99,100.0,8.23,118.7,663.85,1168.94,26.91
