,id,aqi,temperature,humidity,wind_speed,pm2_5,pm10,co,no2
count,765.0,765.0,765.0,765.0,765.0,765.0,765.0,765.0,765.0
mean,356.30065359477123,112.99049673202614,29.792496732026148,71.64575163398693,2.2178562091503267,43.435411764705876,-26141175053.83279,463.8390588235294,8.443450980392157
std,192.91951923720322,35.57856154169208,3.433770638824725,14.993235765099778,1.2163133531349586,20.986080415314074,510924132274.1363,204.86078383262173,5.217292643259344
min,1.0,2.12,19.99,31.0,0.0,0.51,-9998999486464.0,18.08,0.0
25%,194.0,84.5,27.85,62.0,1.54,28.05,49.25,300.65,4.09
50%,368.0,108.07,28.99,74.0,2.06,38.37,71.42,439.69,7.87
75%,527.0,151.71,31.99,83.0,3.09,57.02,93.39,614.36,11.95
max,666.0,187.49,38.99,100.0,8.84,126.18,663.85,1179.69,26.91
