,id,aqi,temperature,humidity,wind_speed,pm2_5,pm10,co,no2
count,237.0,237.0,237.0,237.0,237.0,237.0,237.0,237.0,237.0
mean,119.86919831223629,107.98763713080169,29.972827004219408,76.957805907173,2.4097890295358644,40.42607594936709,67.88426160337552,453.6993248945148,9.055400843881857
std,69.03385760906362,37.48146314031716,2.821237411758354,9.923772617415633,1.1702120071779922,20.194957884169003,51.10279532288453,202.49884684429963,5.4847458290227395
min,1.0,2.12,22.99,47.0,0.0,0.51,2.78,18.08,0.0
25%,60.0,77.27,27.99,70.0,2.06,24.62,44.57,287.2,4.39
50%,121.0,105.41,28.99,78.0,2.06,37.51,61.03,403.87,8.1
75%,180.0,145.64,31.99,83.0,3.09,54.12,76.29,608.43,12.54
max,237.0,183.63,38.99,100.0,8.23,118.7,663.85,1168.94,26.91
