,id,aqi,temperature,humidity,wind_speed,pm2_5,pm10,co,no2
count,918.0,918.0,918.0,918.0,918.0,918.0,918.0,918.0,918.0
mean,417.7647058823529,122.58180827886709,29.1392265795207,69.09694989106754,2.024477124183006,51.68753812636166,-21784312521.503757,504.34350762527237,8.652734204793028
std,223.7880023264116,39.54031030666678,3.819901531567798,16.346119014196486,1.249519121905822,29.034615745516945,466458780256.279,229.53894591916415,5.1177323645565975
min,1.0,2.12,18.99,27.0,0.0,0.51,-9998999486464.0,18.08,0.0
25%,230.25,89.2675,26.99,58.0,1.03,30.3675,54.535,319.53749999999997,4.5525
50%,434.5,119.65,28.99,70.0,2.06,43.085,78.85499999999999,490.015,8.175
75%,613.0,157.6575,31.99,83.0,2.57,68.4675,109.1775,648.86,12.01
max,779.0,232.49,38.99,100.0,8.84,182.28,663.85,1324.55,26.91
