,id,aqi,temperature,humidity,wind_speed,pm2_5,pm10,co,no2
count,1390.0,1390.0,1390.0,1390.0,1390.0,1390.0,1390.0,1390.0,1390.0
mean,607.6179856115108,170.03780575539568,25.087834532374103,67.15611510791366,1.7452446043165466,104.12684892086331,-14387049465.937769,745.7892589928057,10.68998561151079
std,329.1049801221848,90.70520653438832,7.089299726584389,17.915269800485216,1.256819344429302,97.43872379176167,379147113488.7618,484.6759365314666,6.214887650594502
min,1.0,2.12,6.99,20.0,0.0,0.51,-9998999486464.0,18.08,0.0
25%,337.25,102.5,20.99,55.0,1.03,36.197500000000005,66.4975,388.595,5.71
50%,618.5,156.68,26.99,70.0,2.06,66.565,107.83,619.065,10.475000000000001
75%,877.75,190.8675,29.99,82.0,2.06,132.7175,215.3175,940.35,15.01
max,1199.0,493.9,38.99,100.0,8.84,491.16,663.85,2794.89,28.32
