,id,aqi,temperature,humidity,wind_speed,pm2_5,pm10,co,no2
count,1278.0,1278.0,1278.0,1278.0,1278.0,1278.0,1278.0,1278.0,1278.0
mean,560.41627543036,156.52927230046947,26.020508607198753,66.3755868544601,1.795469483568075,89.18356807511736,-15647886382.922089,676.5960954616589,10.26262910798122
std,300.087529049787,76.91061381348979,6.521678443286175,17.617392770843715,1.2685176756473688,81.24958125127716,395399399641.5783,424.9640669294509,6.043356893486391
min,1.0,2.12,7.99,20.0,0.0,0.51,-9998999486464.0,18.08,0.0
25%,312.25,98.57,21.99,54.0,1.03,34.7575,63.7125,372.4125,5.425
50%,571.5,154.39,27.99,70.0,2.06,62.135,100.305,590.1700000000001,9.88
75%,810.75,178.1175,30.99,79.0,2.06,108.02,179.835,829.6500000000001,14.227500000000001
max,1091.0,493.9,38.99,100.0,8.84,491.16,663.85,2794.89,28.32
