,id,aqi,temperature,humidity,wind_speed,pm2_5,pm10,co,no2
count,1442.0,1442.0,1442.0,1442.0,1442.0,1442.0,1442.0,1442.0,1442.0
mean,629.8994452149792,173.53834257975032,24.605811373092926,67.66920943134535,1.7371220527045768,108.08873786407766,-13868237686.961226,782.5007420249653,10.975353675450762
std,343.05945855259324,91.33163160446003,7.406458680628086,17.95516841457642,1.2448279555044943,98.37582686999157,372252968225.9916,523.0617833666228,6.458913710658994
min,1.0,2.12,6.99,20.0,0.0,0.51,-9998999486464.0,18.08,0.0
25%,348.25,104.5375,18.99,55.0,1.03,36.96,68.1875,398.265,5.8325
50%,635.5,158.03,26.99,70.0,2.06,69.33500000000001,111.13,631.425,10.73
75%,904.0,197.5625,29.99,82.0,2.06,145.685,228.9325,1009.5325,15.2525
max,1251.0,493.9,38.99,100.0,8.84,491.16,663.85,2839.26,33.91
