,id,aqi,temperature,humidity,wind_speed,pm2_5,pm10,co,no2
count,1470.0,1470.0,1470.0,1470.0,1470.0,1470.0,1470.0,1470.0,1470.0
mean,642.0061224489796,176.79035374149657,24.304285714285715,67.91700680272109,1.72678231292517,111.6303605442177,-13604080771.877129,807.3705578231293,11.198156462585034
std,350.7155215980433,93.90613280050812,7.652626879837731,17.913487638281662,1.2386440686857925,101.25444621122475,368693097000.38257,554.502773943887,6.699785986849162
min,1.0,2.12,3.99,20.0,0.0,0.51,-9998999486464.0,18.08,0.0
25%,355.25,105.7575,18.99,55.0,1.03,37.457499999999996,69.15,402.2525,5.895
50%,646.5,159.08499999999998,26.99,71.0,2.06,71.29499999999999,112.86500000000001,637.625,10.844999999999999
75%,918.75,204.2425,29.99,82.0,2.06,153.7725,236.3225,1056.445,15.5375
max,1279.0,493.9,38.99,100.0,8.84,491.16,663.85,3066.3,33.91
