,id,aqi,temperature,humidity,wind_speed,pm2_5,pm10,co,no2
count,551.0,551.0,551.0,551.0,551.0,551.0,551.0,551.0,551.0
mean,266.1197822141561,109.57486388384756,29.543756805807625,76.93466424682396,2.354555353901996,40.9678947368421,67.44999999999999,477.614555353902,9.03103448275862
std,147.5083362474743,34.980299244127565,3.1425691641805034,11.796428420414966,1.2413570770892095,19.29009244324401,40.316788016904326,215.42211307893356,5.483829668852835
min,1.0,2.12,22.99,46.0,0.0,0.51,2.78,18.08,0.0
25%,141.5,81.43,26.99,70.0,1.54,26.655,43.9,304.19,4.4350000000000005
50%,272.0,105.75,28.99,79.0,2.06,37.44,62.41,465.98,8.25
75%,393.5,144.39999999999998,31.99,84.0,3.09,53.165000000000006,83.19,625.99,12.57
max,510.0,187.49,38.99,100.0,8.23,126.18,663.85,1179.69,26.91
