,id,aqi,temperature,humidity,wind_speed,pm2_5,pm10,co,no2
count,608.0,608.0,608.0,608.0,608.0,608.0,608.0,608.0,608.0
mean,290.9375,107.57217105263157,29.77309210526316,75.50657894736842,2.294720394736842,39.89299342105264,68.119375,462.2669243421053,8.749736842105264
std,160.28604797245868,34.26169185915106,3.2136380475348507,12.594680873296555,1.220566584930514,18.802092550302422,38.8174158963985,213.12476424544454,5.434906211881838
min,1.0,2.12,22.99,37.0,0.0,0.51,2.78,18.08,0.0
25%,154.75,79.57,27.99,66.0,1.54,25.705000000000002,45.3,293.605,4.15
50%,297.5,102.185,28.99,78.0,2.06,35.995000000000005,63.335,431.03499999999997,8.045
75%,433.0,140.05,31.99,84.0,3.09,51.4125,83.95,615.565,12.3125
max,552.0,187.49,38.99,100.0,8.23,126.18,663.85,1179.69,26.91
