,id,aqi,temperature,humidity,wind_speed,pm2_5,pm10,co,no2
count,454.0,454.0,454.0,454.0,454.0,454.0,454.0,454.0,454.0
mean,222.55947136563876,109.83991189427314,29.91977973568282,76.40969162995594,2.3507709251101323,41.278325991189426,70.97339207048458,470.52092511013217,9.408105726872247
std,124.49952697475791,35.01037701092301,3.0096024313260457,11.471415416095232,1.184836340051599,19.69194780180559,42.728451387861945,216.57481309601758,5.603073299484238
min,1.0,2.12,22.99,46.0,0.0,0.51,2.78,18.08,0.0
25%,116.25,83.1425,27.99,70.0,1.54,27.424999999999997,45.24,295.08,4.842499999999999
50%,227.5,104.85,28.99,79.0,2.06,37.230000000000004,65.69999999999999,447.78,8.88
75%,330.75,144.97,31.99,84.0,3.09,53.4625,88.33,621.5174999999999,13.295
max,431.0,187.49,38.99,100.0,8.23,126.18,663.85,1179.69,26.91
