,id,aqi,temperature,humidity,wind_speed,pm2_5,pm10,co,no2
count,249.0,249.0,249.0,249.0,249.0,249.0,249.0,249.0,249.0
mean,125.8273092369478,107.69538152610443,30.025863453815262,76.76706827309236,2.421887550200803,40.189317269076305,70.11112449799197,443.1584337349398,8.901887550200803
std,72.38499149087347,36.824938943336534,2.8505541618546846,10.130696318742265,1.1630722886365996,19.810297275937867,51.079966927466295,203.70100524805758,5.473815976276766
min,1.0,2.12,22.99,47.0,0.0,0.51,2.78,18.08,0.0
25%,63.0,77.39,27.99,70.0,2.06,24.89,44.89,276.81,4.05
50%,128.0,104.59,29.99,78.0,2.06,37.29,61.98,395.16,8.09
75%,189.0,142.69,31.99,83.0,3.09,53.41,77.63,607.18,12.31
max,249.0,183.63,38.99,100.0,8.23,118.7,663.85,1168.94,26.91
