,id,aqi,temperature,humidity,wind_speed,pm2_5,pm10,co,no2
count,1333.0,1333.0,1333.0,1333.0,1333.0,1333.0,1333.0,1333.0,1333.0
mean,583.4591147786947,165.19282820705175,25.561635408852215,66.88897224306076,1.7758514628657165,98.74470367591898,-15002249643.966415,715.377006751688,10.439767441860466
std,314.151969954898,87.76082689398135,6.796612112833778,17.79841170942953,1.2578525000388916,93.93926842598027,387162588246.4529,462.9688863026889,6.086791786744921
min,1.0,2.12,7.99,20.0,0.0,0.51,-9998999486464.0,18.08,0.0
25%,326.0,101.57,20.99,55.0,1.03,35.74,65.41,379.76,5.55
50%,594.0,155.54,26.99,70.0,2.06,64.38,103.61,604.43,10.14
75%,844.0,184.32,29.99,82.0,2.06,120.04,198.08,887.18,14.68
max,1145.0,493.9,38.99,100.0,8.84,491.16,663.85,2794.89,28.32
