,id,aqi,temperature,humidity,wind_speed,pm2_5,pm10,co,no2
count,645.0,645.0,645.0,645.0,645.0,645.0,645.0,645.0,645.0
mean,306.58449612403103,107.58330232558139,29.877007751937988,74.46201550387597,2.2628682170542636,39.79617054263566,69.40102325581395,456.68917829457365,8.632077519379846
std,168.0694207583259,33.47036818404973,3.250930331478384,13.37643702037309,1.2065572614479896,18.322745793632432,38.20860716348716,210.31357206150025,5.397560758049747
min,1.0,2.12,22.99,32.0,0.0,0.51,2.78,18.08,0.0
25%,164.0,81.39,27.99,66.0,1.54,26.57,46.37,291.95,4.05
50%,315.0,102.28,28.99,78.0,2.06,36.06,65.6,428.25,7.97
75%,453.0,136.88,31.99,83.0,3.09,50.64,85.77,607.18,12.11
max,575.0,187.49,38.99,100.0,8.23,126.18,663.85,1179.69,26.91
