,id,aqi,temperature,humidity,wind_speed,pm2_5,pm10,co,no2
count,1462.0,1462.0,1462.0,1462.0,1462.0,1462.0,1462.0,1462.0,1462.0
mean,638.5396716826266,175.7537756497948,24.394240766073874,67.83994528043776,1.7277838577291378,110.47887140902874,-13678521708.314528,799.1446374829001,11.131251709986321
std,348.51881480114065,92.96621456835459,7.573680845655452,17.909815662195246,1.2415178109117555,100.16933824988291,369699767566.57794,542.2177986424393,6.624043536880463
min,1.0,2.12,6.99,20.0,0.0,0.51,-9998999486464.0,18.08,0.0
25%,353.25,105.33500000000001,18.99,55.0,1.03,37.325,68.7,401.86249999999995,5.8675
50%,643.5,158.66,26.99,71.0,2.06,70.685,112.425,635.6400000000001,10.82
75%,913.75,199.63,29.99,82.0,2.06,149.68,233.8125,1047.2825,15.4925
max,1271.0,493.9,38.99,100.0,8.84,491.16,663.85,2839.26,33.91
