,id,aqi,temperature,humidity,wind_speed,pm2_5,pm10,co,no2
count,986.0,986.0,986.0,986.0,986.0,986.0,986.0,986.0,986.0
mean,444.52738336714,125.27736308316432,28.66544624746451,67.98275862068965,2.0044320486815415,53.76777890466531,-20281946130.184845,515.8958620689655,8.828620689655173
std,237.31916387811202,39.740056059065665,4.245286792779176,16.949273583899693,1.2504751307956254,29.676047280059485,450103635132.98737,233.3181522867755,5.2079351329849155
min,1.0,2.12,13.99,20.0,0.0,0.51,-9998999486464.0,18.08,0.0
25%,247.25,90.6925,26.335,56.0,1.03,31.0225,56.6575,327.755,4.685
50%,461.5,125.08500000000001,28.99,70.0,2.06,45.345,81.96000000000001,500.54,8.41
75%,648.75,159.35750000000002,31.99,83.0,2.57,71.79499999999999,114.84,665.0575,12.27
max,833.0,232.49,38.99,100.0,8.84,182.28,663.85,1324.55,26.91
