,id,aqi,temperature,humidity,wind_speed,pm2_5,pm10,co,no2
count,1299.0,1299.0,1299.0,1299.0,1299.0,1299.0,1299.0,1299.0,1299.0
mean,569.1716705157813,160.55220939183988,25.869130100076983,66.39183987682833,1.7838799076212473,93.67996150885297,-15394918235.21575,693.902324865281,10.356843725943033
std,305.3930235906495,82.7181851360549,6.597143339676042,17.607857222856623,1.266776919464076,88.22004949322526,392192794308.9571,444.8179006716333,6.084245781761167
min,1.0,2.12,7.99,20.0,0.0,0.51,-9998999486464.0,18.08,0.0
25%,317.5,99.66499999999999,21.99,54.0,1.03,35.31,64.39,375.345,5.455
50%,580.0,154.79,26.99,70.0,2.06,62.88,101.36,595.66,10.0
75%,824.0,180.11,30.555,79.0,2.06,111.88,186.99,852.275,14.504999999999999
max,1112.0,493.9,38.99,100.0,8.84,491.16,663.85,2794.89,28.32
