,id,aqi,temperature,humidity,wind_speed,pm2_5,pm10,co,no2
count,471.0,471.0,471.0,471.0,471.0,471.0,471.0,471.0,471.0
mean,230.3227176220807,110.01380042462846,29.752462845010616,76.8683651804671,2.3697664543524417,41.3163694267516,70.02740976645434,482.6005307855626,9.579830148619958
std,128.65809007748425,34.66419391506691,3.0821394003501927,11.546929097253424,1.226193794608391,19.49390759664767,42.31743486172591,222.0844272322564,5.615677596221683
min,1.0,2.12,22.99,46.0,0.0,0.51,2.78,18.08,0.0
25%,120.5,83.43,27.99,70.0,1.54,27.564999999999998,44.545,299.185,5.095000000000001
50%,236.0,105.78,28.99,79.0,2.06,37.51,64.85,469.05,9.11
75%,341.5,144.39999999999998,31.99,84.0,3.09,53.165000000000006,87.14,634.4300000000001,13.5
max,444.0,187.49,38.99,100.0,8.23,126.18,663.85,1179.69,26.91
