,id,aqi,temperature,humidity,wind_speed,pm2_5,pm10,co,no2
count,933.0,933.0,933.0,933.0,933.0,933.0,933.0,933.0,933.0
mean,423.6623794212219,123.30765273311899,29.066087888531623,68.95284030010718,2.016216505894963,52.26969989281887,-21434082414.117844,506.4302357984995,8.668060021436228
std,226.7293877934267,39.63755606240509,3.862105712863347,16.363754205193498,1.2492143214381033,29.19582864768288,462697983032.56244,229.45720964974007,5.110056922135655
min,1.0,2.12,17.99,27.0,0.0,0.51,-9998999486464.0,18.08,0.0
25%,234.0,89.61,26.99,58.0,1.03,30.5,54.88,320.04,4.57
50%,440.0,120.94,28.99,70.0,2.06,43.64,79.35,492.5,8.24
75%,622.0,158.2,31.99,83.0,2.57,69.52,110.71,651.74,12.01
max,790.0,232.49,38.99,100.0,8.84,182.28,663.85,1324.55,26.91
