,id,aqi,temperature,humidity,wind_speed,pm2_5,pm10,co,no2
count,686.0,686.0,686.0,686.0,686.0,686.0,686.0,686.0,686.0
mean,323.7274052478134,108.78736151603499,29.958134110787174,73.21574344023324,2.232463556851312,40.570320699708454,-29151601930.22076,456.27865889212825,8.598935860058308
std,176.61431452340238,33.67562954124306,3.276248658526852,14.247041950419066,1.204044726349283,18.83762588794251,539500996469.9637,207.37277574724826,5.345457300967244
min,1.0,2.12,22.99,31.0,0.0,0.51,-9998999486464.0,18.08,0.0
25%,174.25,83.2325,27.99,65.0,1.54,27.509999999999998,47.3725,293.65,4.06
50%,333.5,103.325,29.53,75.0,2.06,36.56,67.41499999999999,429.985,8.015
75%,479.0,140.44,31.99,83.0,3.09,51.6,87.7525,603.2625,12.125
max,612.0,187.49,38.99,100.0,8.23,126.18,663.85,1179.69,26.91
