,id,aqi,temperature,humidity,wind_speed,pm2_5,pm10,co,no2
count,272.0,272.0,272.0,272.0,272.0,272.0,272.0,272.0,272.0
mean,137.12132352941177,105.50231617647057,30.174264705882358,75.87867647058823,2.440625,39.04367647058823,71.69066176470588,426.39838235294116,8.68452205882353
std,78.63627784347219,36.175889834482824,2.9158837519924385,10.707619855273775,1.170788036488144,19.40876304952623,49.45506704461152,204.23593713472604,5.453867559580558
min,1.0,2.12,22.99,46.0,0.0,0.51,2.78,18.08,0.0
25%,68.75,75.70750000000001,27.99,70.0,2.06,24.130000000000003,46.36,266.2925,3.9850000000000003
50%,139.5,101.37,29.99,78.0,2.06,35.815,64.715,370.025,7.9799999999999995
75%,205.25,139.08749999999998,32.99,83.0,3.09,51.0025,81.78,597.4649999999999,12.035
max,268.0,183.63,38.99,100.0,8.23,118.7,663.85,1168.94,26.91
