,id,aqi,temperature,humidity,wind_speed,pm2_5,pm10,co,no2
count,527.0,527.0,527.0,527.0,527.0,527.0,527.0,527.0,527.0
mean,255.43453510436433,110.3114990512334,29.512049335863377,77.31878557874762,2.365066413662239,41.37658444022771,67.67759013282733,483.89641366223907,9.212314990512334
std,141.85804967477387,35.05786945161123,3.1426761944178394,11.578664989238765,1.2445593938958688,19.419489242929625,41.0941050290169,215.5865110356763,5.488855348218989
min,1.0,2.12,22.99,46.0,0.0,0.51,2.78,18.08,0.0
25%,135.5,83.285,26.99,70.0,1.54,27.52,43.53,312.32500000000005,4.745
50%,262.0,107.06,28.99,79.0,2.06,37.98,62.41,472.64,8.62
75%,379.0,144.60500000000002,31.99,84.0,3.09,53.315,84.09,632.13,12.74
max,490.0,187.49,38.99,100.0,8.23,126.18,663.85,1179.69,26.91
