,id,aqi,temperature,humidity,wind_speed,pm2_5,pm10,co,no2
count,862.0,862.0,862.0,862.0,862.0,862.0,862.0,862.0,862.0
mean,395.62064965197214,118.77653132250579,29.41922273781903,69.54640371229698,2.0890835266821344,47.83290023201856,-23199534691.396416,485.04752900232023,8.577529002320185
std,212.79610497108882,37.426286819522446,3.6491252956066615,16.288900328979224,1.2420111149824422,24.07159472106329,481355081522.8591,213.70826517037963,5.155492390147829
min,1.0,2.12,19.99,27.0,0.0,0.51,-9998999486464.0,18.08,0.0
25%,216.25,87.5625,26.99,58.0,1.03,29.555,53.277499999999996,312.905,4.35
50%,409.5,113.595,28.99,73.0,2.06,40.665,76.29,473.68,8.08
75%,576.75,155.5275,31.99,83.0,2.57,64.3875,102.7275,632.13,11.98
max,740.0,187.49,38.99,100.0,8.84,126.18,663.85,1179.69,26.91
