,id,aqi,temperature,humidity,wind_speed,pm2_5,pm10,co,no2
count,460.0,460.0,460.0,460.0,460.0,460.0,460.0,460.0,460.0
mean,225.3108695652174,109.80660869565217,29.857652173913046,76.61739130434782,2.361521739130435,41.23604347826087,70.57080434782608,474.6382608695652,9.458456521739128
std,125.98248785219941,34.79931829239778,3.0394366753709545,11.54197236513258,1.1955441371359345,19.57152247366319,42.595925971545704,218.35760331209434,5.5987098584152
min,1.0,2.12,22.99,46.0,0.0,0.51,2.78,18.08,0.0
25%,117.75,83.3375,27.99,70.0,1.54,27.53,44.787499999999994,296.0625,4.8725
50%,230.5,105.25999999999999,28.99,79.0,2.06,37.36,65.43,457.885,8.935
75%,335.25,144.4525,31.99,84.0,3.09,53.2525,87.80499999999999,624.49,13.434999999999999
max,435.0,187.49,38.99,100.0,8.23,126.18,663.85,1179.69,26.91
