,id,aqi,temperature,humidity,wind_speed,pm2_5,pm10,co,no2
count,634.0,634.0,634.0,634.0,634.0,634.0,634.0,634.0,634.0
mean,301.98580441640377,107.66451104100946,29.826151419558357,74.9416403785489,2.2672082018927444,39.85728706624606,69.00985804416403,458.55222397476336,8.668769716088327
std,165.819573391714,33.73668173235632,3.2251870169916423,12.898488142299469,1.213622623089828,18.46998333121975,38.34929025847738,210.76840440858743,5.396251703660163
min,1.0,2.12,22.99,34.0,0.0,0.51,2.78,18.08,0.0
25%,161.25,80.93,27.99,66.0,1.54,26.375,45.9925,294.22,4.09
50%,309.5,102.55000000000001,28.99,78.0,2.06,36.225,65.28,428.515,8.015
75%,446.75,139.1225,31.99,83.0,3.09,51.0275,85.60249999999999,608.2025,12.105
max,568.0,187.49,38.99,100.0,8.23,126.18,663.85,1179.69,26.91
