,id,aqi,temperature,humidity,wind_speed,pm2_5,pm10,co,no2
count,661.0,661.0,661.0,661.0,661.0,661.0,661.0,661.0,661.0
mean,313.2753403933434,107.33721633888048,29.90550680786687,73.95915279878972,2.2526928895612706,39.65210287443267,69.79278366111951,454.2232072617246,8.599878971255674
std,171.37781179554992,33.14358652887562,3.2649919381819283,13.73868113325157,1.2079082888730224,18.137315869082045,37.87834121032164,209.16292748318057,5.379578978445233
min,1.0,2.12,22.99,32.0,0.0,0.51,2.78,18.08,0.0
25%,168.0,81.58,27.99,66.0,1.54,26.74,46.8,291.19,4.03
50%,323.0,102.16,28.99,78.0,2.06,35.99,66.34,423.64,7.95
75%,464.0,134.44,31.99,83.0,3.09,49.23,85.79,602.52,12.09
max,589.0,187.49,38.99,100.0,8.23,126.18,663.85,1179.69,26.91
