,id,aqi,temperature,humidity,wind_speed,pm2_5,pm10,co,no2
count,1379.0,1379.0,1379.0,1379.0,1379.0,1379.0,1379.0,1379.0,1379.0
mean,602.9405366207396,168.2703045685279,25.18941261783901,67.01305293691081,1.7520739666424943,102.18937635968092,-14501812010.3561,736.61730964467,10.652465554749819
std,326.20230787546893,88.79547989201956,7.019259583275316,17.89454200478616,1.2570270027614978,95.28339058199452,380655204602.5215,474.5991807617949,6.208947744013557
min,1.0,2.12,6.99,20.0,0.0,0.51,-9998999486464.0,18.08,0.0
25%,335.5,102.255,20.99,55.0,1.03,36.040000000000006,66.30000000000001,386.555,5.6899999999999995
50%,614.0,156.45,26.99,70.0,2.06,66.28,107.33,617.26,10.41
75%,870.5,189.5,29.99,82.0,2.06,130.065,211.095,929.7950000000001,15.0
max,1188.0,493.9,38.99,100.0,8.84,491.16,663.85,2794.89,28.32
