,id,aqi,temperature,humidity,wind_speed,pm2_5,pm10,co,no2
count,1025.0,1025.0,1025.0,1025.0,1025.0,1025.0,1025.0,1025.0,1025.0
mean,459.89170731707316,127.92333658536583,28.31877073170732,67.4409756097561,1.9688585365853657,56.83054634146341,-19510242805.14123,529.6892975609757,9.011853658536586
std,245.25953444831637,41.38848027414393,4.597911704470985,17.21511074927362,1.2556904710437689,33.47646688717455,441466191336.00256,244.60208099172553,5.306282232496403
min,1.0,2.12,12.99,20.0,0.0,0.51,-9998999486464.0,18.08,0.0
25%,256.0,91.92,25.99,55.0,1.03,31.63,57.21,331.51,4.79
50%,478.0,130.94,28.99,70.0,2.06,47.86,83.41,518.1,8.69
75%,669.0,161.37,30.99,82.0,2.43,75.58,118.29,678.3,12.58
max,863.0,242.45,38.99,100.0,8.84,192.33,663.85,1324.55,26.91
