,id,aqi,temperature,humidity,wind_speed,pm2_5,pm10,co,no2
count,1491.0,1491.0,1491.0,1491.0,1491.0,1491.0,1491.0,1491.0,1491.0
mean,651.1710261569416,179.846103286385,24.0684708249497,68.16029510395708,1.7221327967806839,115.05047619047618,-13412473994.833714,824.2482092555332,11.294996646545943
std,356.58385817592875,96.9724828002409,7.858634481580616,17.962725938295996,1.2338411724079474,104.89247136201344,366089216784.8442,571.3823344771546,6.775110582568304
min,1.0,2.12,2.99,20.0,0.0,0.51,-9998999486464.0,18.08,0.0
25%,359.5,106.565,17.99,55.0,1.03,37.89,69.905,404.65999999999997,5.91
50%,652.0,159.56,25.99,71.0,2.06,72.12,114.85,643.84,10.93
75%,933.5,210.945,29.99,82.5,2.06,160.535,241.20499999999998,1084.8899999999999,15.695
max,1302.0,493.9,38.99,100.0,8.84,491.16,663.85,3066.3,33.91
