,id,aqi,temperature,humidity,wind_speed,pm2_5,pm10,co,no2
count,1160.0,1160.0,1160.0,1160.0,1160.0,1160.0,1160.0,1160.0,1160.0
mean,512.7991379310345,139.4177068965517,27.082232758620687,66.63620689655173,1.851603448275862,70.13070689655171,-17239654173.55874,584.9946034482758,9.548525862068967
std,272.98689188291564,52.70206244480807,5.71460109498935,17.4774717389798,1.277335252530251,51.65290533312902,415006702729.1465,296.97278260349515,5.51137039273246
min,1.0,2.12,9.99,20.0,0.0,0.51,-9998999486464.0,18.08,0.0
25%,285.75,96.1,23.99,55.0,1.03,33.557500000000005,61.045,353.47249999999997,5.1274999999999995
50%,530.0,151.265,27.99,70.0,2.06,56.225,92.27,558.1,9.32
75%,746.0,168.02999999999997,30.99,79.0,2.06,88.4875,141.43,742.2275,13.4325
max,970.0,363.54,38.99,100.0,8.84,313.61,663.85,1714.68,26.91
