,id,aqi,temperature,humidity,wind_speed,pm2_5,pm10,co,no2
count,448.0,448.0,448.0,448.0,448.0,448.0,448.0,448.0,448.0
mean,219.80133928571428,110.35979910714286,29.96794642857143,76.19642857142857,2.347767857142857,41.54160714285714,71.59752232142857,467.1033482142857,9.327209821428571
std,123.00911480383975,34.92163379795379,2.996329563267335,11.368616706941019,1.186989092125881,19.678219306753636,42.66319938240831,215.76004125771175,5.587497191022077
min,1.0,2.12,22.99,46.0,0.0,0.51,2.78,18.08,0.0
25%,113.75,83.5525,27.99,70.0,1.54,27.6275,45.862500000000004,293.605,4.797499999999999
50%,224.5,105.765,29.49,79.0,2.06,37.474999999999994,66.25,443.21500000000003,8.83
75%,328.25,145.3625,31.99,84.0,3.09,53.6575,89.28,617.5350000000001,13.225000000000001
max,425.0,187.49,38.99,100.0,8.23,126.18,663.85,1179.69,26.91
