,id,aqi,temperature,humidity,wind_speed,pm2_5,pm10,co,no2
count,886.0,886.0,886.0,886.0,886.0,886.0,886.0,886.0,886.0
mean,405.1557562076749,120.12407449209931,29.30827313769752,69.26636568848758,2.0615575620767492,48.95994356659143,-22571104854.13921,490.44392776523705,8.58237020316027
std,217.5401372294586,37.83448647125526,3.7177591297420594,16.385577842729017,1.2452827376475044,24.94406120226513,474798327131.58545,215.76684473926022,5.119866658593543
min,1.0,2.12,18.99,27.0,0.0,0.51,-9998999486464.0,18.08,0.0
25%,222.25,88.375,26.99,58.0,1.03,29.9,53.822500000000005,315.36,4.4025
50%,420.5,115.685,28.99,71.0,2.06,41.575,77.355,478.15,8.125
75%,592.75,156.26,31.99,83.0,2.57,65.77250000000001,105.875,636.8575,11.95
max,754.0,190.97,38.99,100.0,8.84,132.92,663.85,1179.69,26.91
