,id,aqi,temperature,humidity,wind_speed,pm2_5,pm10,co,no2
count,1448.0,1448.0,1448.0,1448.0,1448.0,1448.0,1448.0,1448.0,1448.0
mean,632.4875690607735,173.99486187845304,24.544558011049727,67.72306629834254,1.733832872928177,108.56843232044199,-13810772612.465391,786.8761464088399,11.008549723756907
std,344.6922686090722,91.56970392153015,7.452660713127528,17.944241935767806,1.2442352009779443,98.6466464694529,371481460133.2318,528.8086955888732,6.490720096948528
min,1.0,2.12,6.99,20.0,0.0,0.51,-9998999486464.0,18.08,0.0
25%,349.75,104.59,18.99,55.0,1.03,36.9675,68.33,399.27750000000003,5.8375
50%,638.5,158.22,26.99,70.0,2.06,69.565,111.44999999999999,632.13,10.774999999999999
75%,907.25,198.0125,29.99,82.0,2.06,146.5525,230.3525,1018.1650000000001,15.3125
max,1257.0,493.9,38.99,100.0,8.84,491.16,663.85,2839.26,33.91
