,id,aqi,temperature,humidity,wind_speed,pm2_5,pm10,co,no2
count,431.0,431.0,431.0,431.0,431.0,431.0,431.0,431.0,431.0
mean,211.99767981438515,108.994060324826,29.980997679814383,76.09280742459397,2.3639443155452438,40.74116009280743,71.74756380510442,453.8217401392111,9.269953596287705
std,118.82802697429685,34.4904552214435,3.025221449129581,11.411773571777795,1.1984023227299705,19.28277741139918,43.29815136345907,206.11770032201176,5.595147980891502
min,1.0,2.12,22.99,46.0,0.0,0.51,2.78,18.08,0.0
25%,108.5,83.155,27.99,66.0,1.54,27.45,45.75,285.58,4.5
50%,216.0,104.18,29.99,79.0,2.06,36.89,66.24,430.32,8.74
75%,315.5,141.825,31.99,84.0,3.09,52.245000000000005,89.965,607.18,12.91
max,409.0,187.49,38.99,100.0,8.23,126.18,663.85,1168.94,26.91
