,id,aqi,temperature,humidity,wind_speed,pm2_5,pm10,co,no2
count,635.0,635.0,635.0,635.0,635.0,635.0,635.0,635.0,635.0
mean,302.4047244094488,107.68774803149607,29.832708661417325,74.89606299212599,2.2668818897637797,39.86412598425197,69.10688188976377,458.2620157480315,8.65888188976378
std,166.02469784071937,33.71515025315122,3.226875885870311,12.939384292288935,1.2126930079182596,18.45621595980825,38.39695366190422,210.72904922159094,5.397748231608472
min,1.0,2.12,22.99,34.0,0.0,0.51,2.78,18.08,0.0
25%,161.5,80.93,27.99,66.0,1.54,26.42,46.105000000000004,293.17,4.074999999999999
50%,310.0,102.65,28.99,78.0,2.06,36.28,65.3,428.25,8.0
75%,447.5,139.105,31.99,83.0,3.09,51.015,85.68,607.9749999999999,12.1
max,568.0,187.49,38.99,100.0,8.23,126.18,663.85,1179.69,26.91
