,id,aqi,temperature,humidity,wind_speed,pm2_5,pm10,co,no2
count,1314.0,1314.0,1314.0,1314.0,1314.0,1314.0,1314.0,1314.0,1314.0
mean,575.4596651445967,163.0475342465753,25.72515220700152,66.66818873668188,1.7807610350076104,96.40159056316588,-15219177154.537971,702.6242694063927,10.403934550989346
std,309.23503677333304,85.54295804442835,6.697452302303375,17.72217964587755,1.261051387092245,91.39606172332833,389949543062.1394,450.98193045448886,6.095037857775472
min,1.0,2.12,7.99,20.0,0.0,0.51,-9998999486464.0,18.08,0.0
25%,322.0,101.19,21.99,55.0,1.03,35.615,64.76,377.4975,5.5249999999999995
50%,586.5,155.07,26.99,70.0,2.06,63.41,102.28999999999999,599.5550000000001,10.05
75%,832.75,181.99,29.99,82.0,2.06,115.5175,192.45499999999998,868.565,14.58
max,1127.0,493.9,38.99,100.0,8.84,491.16,663.85,2794.89,28.32
