,id,aqi,temperature,humidity,wind_speed,pm2_5,pm10,co,no2
count,890.0,890.0,890.0,890.0,890.0,890.0,890.0,890.0,890.0
mean,406.72808988764046,120.42182022471911,29.285494382022478,69.24044943820225,2.0580786516853933,49.29722471910113,-22469661685.45785,492.6620449438202,8.580595505617977
std,218.3094113811512,38.016911585987934,3.7343255365767543,16.382950334571753,1.2439174007922231,25.435329548720844,473731368671.74445,218.89562442043965,5.115610527937558
min,1.0,2.12,18.99,27.0,0.0,0.51,-9998999486464.0,18.08,0.0
25%,223.25,88.4325,26.99,58.0,1.03,29.9875,53.86,315.8725,4.4025
50%,422.5,116.265,28.99,71.0,2.06,41.815,77.465,478.85,8.125
75%,594.75,156.3775,31.99,83.0,2.57,66.015,106.39999999999999,638.8625,11.95
max,756.0,193.47,38.99,100.0,8.84,137.75,663.85,1222.38,26.91
