,id,aqi,temperature,humidity,wind_speed,pm2_5,pm10,co,no2
count,359.0,359.0,359.0,359.0,359.0,359.0,359.0,359.0,359.0
mean,178.60724233983288,105.93033426183844,30.29395543175487,75.36768802228413,2.392228412256267,39.22952646239554,74.95217270194986,419.87835654596097,8.762562674094708
std,101.01243937404865,34.08836497551033,2.8818504410341244,11.208718820664654,1.156577518638788,18.860843081114986,45.55375283663046,196.31805873733995,5.414056720623973
min,1.0,2.12,22.99,46.0,0.0,0.51,2.78,18.08,0.0
25%,90.5,79.24000000000001,27.99,66.0,2.06,26.02,48.935,264.87,3.9800000000000004
50%,182.0,101.57,29.99,78.0,2.06,35.76,70.15,376.96,8.13
75%,266.5,133.02499999999998,32.49,83.0,3.09,48.629999999999995,92.5,570.48,12.13
max,346.0,187.49,38.99,100.0,8.23,126.18,663.85,1168.94,26.91
