,id,aqi,temperature,humidity,wind_speed,pm2_5,pm10,co,no2
count,542.0,542.0,542.0,542.0,542.0,542.0,542.0,542.0,542.0
mean,262.1180811808118,110.1409963099631,29.525276752767528,77.15682656826569,2.3585055350553503,41.253948339483394,67.38573800738006,481.89378228782294,9.111476014760147
std,145.39061061149138,34.98396186704643,3.1471388609564865,11.658390054903327,1.2448013073553972,19.31784880230011,40.62536356282187,214.4754803523218,5.483695345116813
min,1.0,2.12,22.99,46.0,0.0,0.51,2.78,18.08,0.0
25%,139.25,83.2325,26.99,70.0,1.54,27.509999999999998,43.6075,311.9725,4.58
50%,268.0,106.25999999999999,28.99,79.0,2.06,37.76,62.225,473.4,8.41
75%,387.75,144.6175,31.99,84.0,3.09,53.3625,83.285,628.6675,12.6825
max,503.0,187.49,38.99,100.0,8.23,126.18,663.85,1179.69,26.91
