,id,aqi,temperature,humidity,wind_speed,pm2_5,pm10,co,no2
count,963.0,963.0,963.0,963.0,963.0,963.0,963.0,963.0,963.0
mean,435.4558670820353,124.14390446521287,28.858110072689513,68.48494288681205,2.019148494288681,52.7209968847352,-20766353985.827404,508.1844029075805,8.70748701973001
std,232.668817110644,39.48277058536917,4.048591572603879,16.613014075270442,1.2505876796348951,29.04167029917705,455441454912.82306,227.84646080686855,5.106166884073827
min,1.0,2.12,14.99,27.0,0.0,0.51,-9998999486464.0,18.08,0.0
25%,241.5,90.36,26.99,57.0,1.03,30.84,55.489999999999995,324.345,4.62
50%,452.0,122.62,28.99,70.0,2.06,44.3,79.96,496.0,8.3
75%,636.5,158.54000000000002,31.99,83.0,2.57,70.13,111.78999999999999,655.755,12.059999999999999
max,814.0,232.49,38.99,100.0,8.84,182.28,663.85,1324.55,26.91
