,id,aqi,temperature,humidity,wind_speed,pm2_5,pm10,co,no2
count,337.0,337.0,337.0,337.0,337.0,337.0,337.0,337.0,337.0
mean,168.24035608308606,104.92175074183977,30.269287833827892,75.54005934718101,2.3910979228486644,38.45661721068249,76.01783382789318,409.44703264094954,8.80394658753709
std,95.45117692340574,33.647169761180294,2.908880711082853,11.183495119671022,1.1451194231864064,17.90553942482906,46.19330964231075,196.89388212575201,5.546607352976322
min,1.0,2.12,22.99,46.0,0.0,0.51,2.78,18.08,0.0
25%,85.0,78.72,27.99,66.0,2.06,25.35,51.8,246.97,3.87
50%,171.0,101.57,29.99,78.0,2.06,35.76,70.76,364.12,8.07
75%,252.0,129.69,31.99,83.0,3.09,47.66,93.27,560.17,12.54
max,329.0,183.63,38.99,100.0,8.23,118.7,663.85,1168.94,26.91
