,id,aqi,temperature,humidity,wind_speed,pm2_5,pm10,co,no2
count,366.0,366.0,366.0,366.0,366.0,366.0,366.0,366.0,366.0
mean,181.88524590163934,106.13027322404372,30.299071038251363,75.25409836065573,2.3984972677595624,39.288606557377044,74.4072950819672,422.5464754098361,8.788989071038252
std,102.76427581830134,33.9574036704035,2.88378446373787,11.24245486433457,1.1766992067984856,18.74466198274908,45.31390350070928,195.5544911856685,5.374030075203831
min,1.0,2.12,22.99,46.0,0.0,0.51,2.78,18.08,0.0
25%,92.25,80.93,27.99,66.0,2.06,26.39,48.239999999999995,266.23749999999995,4.0225
50%,185.5,101.60499999999999,29.99,78.0,2.06,35.81,69.3,381.66499999999996,8.184999999999999
75%,270.75,133.14249999999998,32.99,83.0,3.09,48.644999999999996,92.33,584.44,12.13
max,353.0,187.49,38.99,100.0,8.23,126.18,663.85,1168.94,26.91
