,id,aqi,temperature,humidity,wind_speed,pm2_5,pm10,co,no2
count,374.0,374.0,374.0,374.0,374.0,374.0,374.0,374.0,374.0
mean,185.63368983957218,106.82890374331551,30.260374331550803,75.35026737967914,2.407700534759358,39.564679144385025,74.04318181818181,425.5326737967915,8.811577540106951
std,104.77892999197306,33.96704053977803,2.869381465324624,11.198802474908474,1.2027847741924587,18.669371349147752,44.904827612763434,195.560592092136,5.39101779257089
min,1.0,2.12,22.99,46.0,0.0,0.51,2.78,18.08,0.0
25%,94.25,81.43,27.99,66.0,1.67,26.615000000000002,48.78,266.88,4.0225
50%,189.5,102.245,29.99,78.0,2.06,36.040000000000006,68.55,385.70000000000005,8.184999999999999
75%,275.75,133.96249999999998,31.99,83.0,3.09,49.05,92.175,587.5600000000001,12.3325
max,360.0,187.49,38.99,100.0,8.23,126.18,663.85,1168.94,26.91
