,id,aqi,temperature,humidity,wind_speed,pm2_5,pm10,co,no2
count,364.0,364.0,364.0,364.0,364.0,364.0,364.0,364.0,364.0
mean,180.9478021978022,106.14967032967031,30.28153846153846,75.34615384615384,2.383406593406593,39.30538461538462,74.60304945054945,422.3241483516483,8.79717032967033
std,102.26150791312438,34.048162232434365,2.881709078549165,11.201188521081418,1.1520387675029367,18.79440873175268,45.36085503452413,196.0655603615249,5.387183388698575
min,1.0,2.12,22.99,46.0,0.0,0.51,2.78,18.08,0.0
25%,91.75,80.6025,27.99,66.0,2.06,26.33,48.675000000000004,265.89,4.012499999999999
50%,184.5,101.60499999999999,29.99,78.0,2.06,35.81,69.64,378.865,8.184999999999999
75%,269.25,133.295,32.24,83.0,3.09,48.662499999999994,92.38749999999999,585.7,12.175
max,351.0,187.49,38.99,100.0,8.23,126.18,663.85,1168.94,26.91
