,id,aqi,temperature,humidity,wind_speed,pm2_5,pm10,co,no2
count,729.0,729.0,729.0,729.0,729.0,729.0,729.0,729.0,729.0
mean,341.6076817558299,112.04552812071331,29.998038408779156,72.27023319615913,2.206145404663923,42.93883401920439,-27432097283.395103,463.7121810699588,8.516735253772291
std,185.6397824875058,35.209824377893156,3.27841485729685,14.654152360392217,1.1866360180223767,20.858179256777237,523370567152.4812,205.74684788097284,5.263775572992748
min,1.0,2.12,22.99,31.0,0.0,0.51,-9998999486464.0,18.08,0.0
25%,185.0,84.35,27.99,62.0,1.54,27.97,49.06,300.65,4.09
50%,352.0,107.06,29.99,74.0,2.06,37.98,70.79,441.26,7.93
75%,507.0,151.04,31.99,83.0,3.09,55.58,92.27,612.09,12.01
max,642.0,187.49,38.99,100.0,8.23,126.18,663.85,1179.69,26.91
