,id,aqi,temperature,humidity,wind_speed,pm2_5,pm10,co,no2
count,770.0,770.0,770.0,770.0,770.0,770.0,770.0,770.0,770.0
mean,358.3285714285714,113.2958961038961,29.771805194805196,71.45194805194805,2.20961038961039,43.627233766233765,-25971427162.9067,464.2392987012987,8.429194805194804
std,193.9226176270972,35.66406840327835,3.4466667697297724,15.171525673401351,1.2178719438731849,21.055038291618878,509264755831.73016,204.5277473369247,5.207239821150883
min,1.0,2.12,19.99,29.0,0.0,0.51,-9998999486464.0,18.08,0.0
25%,195.25,84.5725,27.537499999999998,62.0,1.54,28.1175,49.3425,301.19,4.09
50%,370.5,108.28999999999999,28.99,74.0,2.06,38.485,71.905,440.59000000000003,7.859999999999999
75%,528.75,151.8325,31.99,83.0,3.09,57.21,93.5625,613.7925,11.9325
max,670.0,187.49,38.99,100.0,8.84,126.18,663.85,1179.69,26.91
