,id,aqi,temperature,humidity,wind_speed,pm2_5,pm10,co,no2
count,1405.0,1405.0,1405.0,1405.0,1405.0,1405.0,1405.0,1405.0,1405.0
mean,614.0170818505338,171.42566548042706,24.938035587188615,67.4220640569395,1.7416370106761563,105.6836797153025,-14233451070.130499,758.988227758007,10.784889679715302
std,333.0921580402166,91.25567643235863,7.1988993687396245,18.005790379475876,1.2527531603155175,98.11731343177047,377119216948.593,501.2807805351859,6.311346783769709
min,1.0,2.12,6.99,20.0,0.0,0.51,-9998999486464.0,18.08,0.0
25%,340.0,103.22,19.99,55.0,1.03,36.41,67.13,391.24,5.73
50%,623.0,156.95,26.99,70.0,2.06,67.11,108.87,623.85,10.54
75%,886.0,193.42,29.99,82.0,2.06,137.66,221.11,954.36,15.05
max,1214.0,493.9,38.99,100.0,8.84,491.16,663.85,2839.26,33.91
