,id,aqi,temperature,humidity,wind_speed,pm2_5,pm10,co,no2
count,1287.0,1287.0,1287.0,1287.0,1287.0,1287.0,1287.0,1287.0,1287.0
mean,564.1616161616162,158.19170163170162,25.952696192696195,66.41025641025641,1.7917171717171718,91.04926961926962,-15538460600.920067,684.6498290598291,10.304390054390055
std,302.3504738009358,79.31226179018492,6.558276415088935,17.61316188840442,1.267323782018041,84.17418839710997,394015539304.316,435.23173889366825,6.05977516380927
min,1.0,2.12,7.99,20.0,0.0,0.51,-9998999486464.0,18.08,0.0
25%,314.5,98.93,21.99,54.0,1.03,34.94,63.94,374.28999999999996,5.44
50%,574.0,154.54,27.85,70.0,2.06,62.37,100.71,592.93,9.91
75%,816.5,179.175,30.924999999999997,79.0,2.06,110.065,184.2,842.0450000000001,14.39
max,1100.0,493.9,38.99,100.0,8.84,491.16,663.85,2794.89,28.32
