,id,aqi,temperature,humidity,wind_speed,pm2_5,pm10,co,no2
count,561.0,561.0,561.0,561.0,561.0,561.0,561.0,561.0,561.0
mean,270.55080213903744,109.0543137254902,29.564188948306597,76.73440285204991,2.3437967914438507,40.70226381461676,67.52853832442068,474.42484848484855,8.979714795008913
std,149.84666449728724,34.8982836295299,3.1380903132693283,11.855034044127432,1.2374956080977078,19.22551622123928,39.97760737501831,215.50875816728973,5.4771039914172315
min,1.0,2.12,22.99,46.0,0.0,0.51,2.78,18.08,0.0
25%,144.0,81.3,26.99,70.0,1.54,26.55,44.19,298.96,4.35
50%,276.0,104.52,28.99,79.0,2.06,36.96,62.63,459.15,8.2
75%,400.0,143.75,31.99,84.0,3.09,52.96,82.26,624.1,12.51
max,518.0,187.49,38.99,100.0,8.23,126.18,663.85,1179.69,26.91
