,id,aqi,temperature,humidity,wind_speed,pm2_5,pm10,co,no2
count,605.0,605.0,605.0,605.0,605.0,605.0,605.0,605.0,605.0
mean,289.6479338842975,107.57300826446281,29.76705785123967,75.5801652892562,2.295884297520661,39.90155371900826,67.9816694214876,462.4231900826447,8.735421487603306
std,159.62967288931776,34.34377699216672,3.21994749324123,12.579506222178448,1.2234816593217621,18.847527739377284,38.86385864737809,213.62426285583894,5.443145397386257
min,1.0,2.12,22.99,37.0,0.0,0.51,2.78,18.08,0.0
25%,154.0,79.54,27.99,66.0,1.54,25.69,45.21,292.3,4.12
50%,297.0,102.16,28.99,78.0,2.06,35.99,63.22,431.75,8.0
75%,431.0,140.05,31.99,84.0,3.09,51.57,83.38,617.26,12.13
max,549.0,187.49,38.99,100.0,8.23,126.18,663.85,1179.69,26.91
