,id,aqi,temperature,humidity,wind_speed,pm2_5,pm10,co,no2
count,1395.0,1395.0,1395.0,1395.0,1395.0,1395.0,1395.0,1395.0,1395.0
mean,609.7483870967742,170.5226021505376,25.041605734767032,67.23225806451613,1.7434193548387096,104.66897491039427,-14335482979.363348,748.4226164874552,10.695870967741936
std,330.4303970013371,90.90723606854851,7.118699908061076,17.92869561716825,1.256387293525543,97.6872601064847,378467517440.2762,485.86477928759956,6.208208629542812
min,1.0,2.12,6.99,20.0,0.0,0.51,-9998999486464.0,18.08,0.0
25%,338.0,102.785,19.99,55.0,1.03,36.29,66.64,389.04499999999996,5.71
50%,621.0,156.76,26.99,70.0,2.06,66.71,108.34,620.33,10.48
75%,880.5,191.84500000000003,29.99,82.0,2.06,134.60500000000002,217.495,947.06,15.01
max,1204.0,493.9,38.99,100.0,8.84,491.16,663.85,2794.89,28.32
