,id,aqi,temperature,humidity,wind_speed,pm2_5,pm10,co,no2
count,1432.0,1432.0,1432.0,1432.0,1432.0,1432.0,1432.0,1432.0,1432.0
mean,625.5935754189944,172.9180097765363,24.698100558659224,67.58938547486034,1.7391829608938545,107.36865223463687,-13965082924.096748,775.6415712290502,10.902534916201116
std,340.347990063475,91.27891419150612,7.347413090941904,17.985135539961554,1.2482120109835324,98.27077385997123,373549566525.17725,516.9902827682979,6.391167510801218
min,1.0,2.12,6.99,20.0,0.0,0.51,-9998999486464.0,18.08,0.0
25%,345.75,104.19500000000001,19.99,55.0,1.03,36.8675,67.95,396.53499999999997,5.8125
50%,632.5,157.815,26.99,70.0,2.06,68.74000000000001,110.645,629.175,10.655000000000001
75%,900.25,196.5075,29.99,82.0,2.06,143.64,224.5575,998.8100000000001,15.1625
max,1241.0,493.9,38.99,100.0,8.84,491.16,663.85,2839.26,33.91
