,id,aqi,temperature,humidity,wind_speed,pm2_5,pm10,co,no2
count,560.0,560.0,560.0,560.0,560.0,560.0,560.0,560.0,560.0
mean,270.1089285714286,109.09005357142856,29.568785714285713,76.73214285714286,2.3461428571428575,40.72103571428571,67.51700000000001,474.54791071428576,8.982857142857142
std,149.6143662765896,34.919207136039724,3.1390049396655266,11.865512135024966,1.237352668139279,19.237558319292177,40.0124145797388,215.68170486219717,5.481494649559647
min,1.0,2.12,22.99,46.0,0.0,0.51,2.78,18.08,0.0
25%,143.75,81.2075,26.99,70.0,1.54,26.54,44.1875,298.8775,4.3275
50%,275.5,104.555,28.99,79.0,2.06,36.965,62.57,459.71,8.219999999999999
75%,399.25,143.81,31.99,84.0,3.09,53.0,82.44500000000001,624.1825,12.5175
max,518.0,187.49,38.99,100.0,8.23,126.18,663.85,1179.69,26.91
