,id,aqi,temperature,humidity,wind_speed,pm2_5,pm10,co,no2
count,1262.0,1262.0,1262.0,1262.0,1262.0,1262.0,1262.0,1262.0,1262.0
mean,553.7923930269413,153.54615689381933,26.14530110935024,66.30744849445325,1.801093502377179,85.78800316957211,-15846274805.27692,661.5854358161648,10.186513470681458
std,296.12052758502705,72.17328462588003,6.450536867634545,17.59615500282793,1.2704480064789399,75.23369407283253,397896020589.09784,402.15590230788706,6.008222680408566
min,1.0,2.12,7.99,20.0,0.0,0.51,-9998999486464.0,18.08,0.0
25%,308.25,98.2825,21.99,54.0,1.03,34.6375,63.1225,371.28249999999997,5.3825
50%,566.5,154.14,27.99,70.0,2.06,61.655,97.42,586.635,9.79
75%,800.75,175.845,30.99,79.0,2.06,103.62,171.7575,821.0450000000001,14.14
max,1070.0,449.62,38.99,100.0,8.84,424.12,663.85,2380.16,28.32
