,id,aqi,temperature,humidity,wind_speed,pm2_5,pm10,co,no2
count,251.0,251.0,251.0,251.0,251.0,251.0,251.0,251.0,251.0
mean,126.8207171314741,107.34657370517928,30.01760956175299,76.7808764940239,2.4149003984063744,40.01446215139442,70.11645418326692,441.05091633466134,8.871952191235058
std,72.94537496705097,36.88412028249482,2.842036147368329,10.091372197510369,1.1619550292674157,19.827521983585385,50.87817802336177,204.25680173829457,5.46260287534296
min,1.0,2.12,22.99,47.0,0.0,0.51,2.78,18.08,0.0
25%,63.5,77.3,27.99,70.0,2.06,24.634999999999998,44.99,274.78499999999997,4.105
50%,129.0,104.42,29.99,78.0,2.06,36.96,62.1,389.33,8.07
75%,190.5,141.79,31.99,83.0,3.09,52.92,77.525,606.77,12.22
max,251.0,183.63,38.99,100.0,8.23,118.7,663.85,1168.94,26.91
