,id,aqi,temperature,humidity,wind_speed,pm2_5,pm10,co,no2
count,504.0,504.0,504.0,504.0,504.0,504.0,504.0,504.0,504.0
mean,245.16865079365078,111.79406746031748,29.55373015873016,77.21825396825396,2.35859126984127,42.121984126984124,69.36859126984126,488.92678571428564,9.418650793650794
std,136.46624168142523,34.56575238722345,3.17089547383186,11.654570351007566,1.220299721845562,19.355530277361016,41.132890031525015,218.48008693713342,5.50892766885853
min,1.0,2.12,22.99,46.0,0.0,0.51,2.78,18.08,0.0
25%,129.75,84.36500000000001,26.99,70.0,1.54,28.0,44.8675,311.70750000000004,5.1
50%,252.0,108.67,28.99,79.0,2.06,38.74,64.39,481.7,8.97
75%,364.25,146.3925,31.99,84.0,3.09,54.037499999999994,85.83250000000001,636.7075,13.225000000000001
max,471.0,187.49,38.99,100.0,8.23,126.18,663.85,1179.69,26.91
