,id,aqi,temperature,humidity,wind_speed,pm2_5,pm10,co,no2
count,984.0,984.0,984.0,984.0,984.0,984.0,984.0,984.0,984.0
mean,443.7388211382114,125.1691768292683,28.67494918699187,68.0609756097561,2.006412601626016,53.65597560975609,-20323169598.34567,515.6055995934959,8.835873983739837
std,236.91369645868454,39.70344382173194,4.243397671924583,16.875474190644827,1.2509731050450374,29.580300156323016,450560359526.28094,233.1367541935344,5.208333904758092
min,1.0,2.12,13.99,20.0,0.0,0.51,-9998999486464.0,18.08,0.0
25%,246.75,90.655,26.68,56.0,1.03,31.005,56.572500000000005,327.5925,4.695
50%,460.5,124.83500000000001,28.99,70.0,2.06,45.28,81.82,500.54,8.41
75%,648.0,159.29749999999999,31.99,83.0,2.57,71.6375,114.4425,664.2525,12.28
max,831.0,232.49,38.99,100.0,8.84,182.28,663.85,1324.55,26.91
