,id,aqi,temperature,humidity,wind_speed,pm2_5,pm10,co,no2
count,1040.0,1040.0,1040.0,1040.0,1040.0,1040.0,1040.0,1040.0,1040.0
mean,465.7990384615385,128.77795192307693,28.171721153846157,67.35673076923077,1.9473942307692307,57.77966346153847,-19228845069.003883,534.6494038461539,9.105346153846153
std,248.33627539610802,41.73668168889324,4.75062632202588,17.21031801237891,1.2614918671405597,34.270955891136374,438274070381.35657,247.95474863136906,5.359620969333805
min,1.0,2.12,11.99,20.0,0.0,0.51,-9998999486464.0,18.08,0.0
25%,259.0,92.19500000000001,25.99,55.0,1.03,31.8325,57.4075,335.8,4.83
50%,483.5,133.41500000000002,28.99,70.0,2.06,48.815,84.58500000000001,520.27,8.77
75%,680.25,161.8775,30.99,82.0,2.335,76.57000000000001,120.0,681.9224999999999,12.705
max,875.0,242.45,38.99,100.0,8.84,192.33,663.85,1324.55,26.91
