,id,aqi,temperature,humidity,wind_speed,pm2_5,pm10,co,no2
count,672.0,672.0,672.0,672.0,672.0,672.0,672.0,672.0,672.0
mean,317.8764880952381,107.65973214285714,29.923050595238102,73.58630952380952,2.245059523809524,39.778571428571425,70.26556547619047,455.00806547619044,8.624732142857145
std,173.67509428050164,33.07485437879536,3.264723532108421,14.01228937126876,1.2070227919540886,18.066030371827246,37.790673712570324,208.3765028877189,5.368106837244775
min,1.0,2.12,22.99,31.0,0.0,0.51,2.78,18.08,0.0
25%,170.75,81.87,27.99,66.0,1.54,27.15,47.2875,291.76,4.05
50%,328.5,102.41499999999999,28.99,75.0,2.06,36.13,67.07,428.515,8.015
75%,471.25,135.1475,31.99,83.0,3.09,49.795,86.5375,602.505,12.13
max,598.0,187.49,38.99,100.0,8.23,126.18,663.85,1179.69,26.91
