,id,aqi,temperature,humidity,wind_speed,pm2_5,pm10,co,no2
count,533.0,533.0,533.0,533.0,533.0,533.0,533.0,533.0,533.0
mean,258.10881801125703,110.52609756097561,29.508048780487808,77.2795497185741,2.357767354596623,41.457617260787984,67.5633583489681,483.5798686679175,9.153076923076922
std,143.26936935902458,35.091972779245914,3.1511354233454667,11.61501386849308,1.2452996160540262,19.394188236608272,40.910460100751486,214.99823051243695,5.491042732412898
min,1.0,2.12,22.99,46.0,0.0,0.51,2.78,18.08,0.0
25%,137.0,83.39,26.99,70.0,1.54,27.54,43.46,312.16,4.61
50%,265.0,107.11,28.99,79.0,2.06,38.15,62.41,474.16,8.41
75%,383.0,145.27,31.99,84.0,3.09,53.63,83.41,631.53,12.73
max,495.0,187.49,38.99,100.0,8.23,126.18,663.85,1179.69,26.91
