,id,aqi,temperature,humidity,wind_speed,pm2_5,pm10,co,no2
count,832.0,832.0,832.0,832.0,832.0,832.0,832.0,832.0,832.0
mean,383.5588942307692,117.0613221153846,29.5296514423077,70.20432692307692,2.1167548076923075,46.48480769230769,-24036056379.495346,475.4542788461538,8.469663461538461
std,206.71349896620882,36.93049624962939,3.5817234621041156,15.921485472994009,1.2443358253245962,23.185729395824556,489946224156.1322,206.74290765796053,5.128812820289962
min,1.0,2.12,19.99,27.0,0.0,0.51,-9998999486464.0,18.08,0.0
25%,208.75,86.7525,26.99,59.0,1.03,29.1375,52.125,311.20500000000004,4.2575
50%,396.5,111.85499999999999,28.99,74.0,2.06,39.96,74.305,465.46000000000004,7.965
75%,562.25,154.48000000000002,31.99,83.0,3.09,62.3525,100.35499999999999,625.0274999999999,11.872499999999999
max,720.0,187.49,38.99,100.0,8.84,126.18,663.85,1179.69,26.91
