,id,aqi,temperature,humidity,wind_speed,pm2_5,pm10,co,no2
count,343.0,343.0,343.0,343.0,343.0,343.0,343.0,343.0,343.0
mean,171.08454810495627,106.01711370262389,30.30813411078717,75.43440233236151,2.376268221574344,39.31513119533527,76.39620991253645,412.3006413994169,8.769708454810495
std,96.98867342239873,34.374572424456815,2.9158094007485946,11.196317540568161,1.1431778618190875,19.05473152466047,45.97080781293007,196.91177997113394,5.522391943736875
min,1.0,2.12,22.99,46.0,0.0,0.51,2.78,18.08,0.0
25%,86.5,79.24000000000001,27.99,66.0,2.06,26.02,51.965,255.66500000000002,3.855
50%,174.0,101.98,29.99,78.0,2.06,35.99,71.06,367.72,8.06
75%,256.5,133.32999999999998,32.99,83.0,3.09,48.665,93.37,564.0999999999999,12.43
max,333.0,187.49,38.99,100.0,8.23,126.18,663.85,1168.94,26.91
