,id,aqi,temperature,humidity,wind_speed,pm2_5,pm10,co,no2
count,707.0,707.0,707.0,707.0,707.0,707.0,707.0,707.0,707.0
mean,332.5021216407355,110.44424328147099,29.99728429985856,72.75954738330977,2.2145544554455445,41.794314002828855,-28285712760.942688,459.05578500707213,8.532319660537484
std,181.06380930715568,34.52025073172205,3.281509055249177,14.467758579744139,1.1995239463259753,19.975933464178468,531439762052.33844,205.92296356405197,5.304908304451226
min,1.0,2.12,22.99,31.0,0.0,0.51,-9998999486464.0,18.08,0.0
25%,179.5,83.935,27.99,62.0,1.54,27.83,48.44,297.745,4.055
50%,342.0,105.11,29.99,74.0,2.06,37.25,69.6,435.26,7.93
75%,493.0,144.865,31.99,83.0,3.09,53.44499999999999,89.475,606.77,12.02
max,626.0,187.49,38.99,100.0,8.23,126.18,663.85,1179.69,26.91
