,id,aqi,temperature,humidity,wind_speed,pm2_5,pm10,co,no2
count,1472.0,1472.0,1472.0,1472.0,1472.0,1472.0,1472.0,1472.0,1472.0
mean,642.8736413043479,176.99434782608697,24.286875000000006,67.92459239130434,1.7275815217391304,111.85459239130437,-13585596966.049465,808.387058423913,11.19367527173913
std,351.26581289699305,94.00548050823366,7.662008176033154,17.902725103044602,1.2383212661791405,101.36842034952173,368442711630.58154,554.8134675586698,6.698443390753539
min,1.0,2.12,3.99,20.0,0.0,0.51,-9998999486464.0,18.08,0.0
25%,355.75,105.77250000000001,18.99,55.0,1.03,37.4925,69.44999999999999,402.2575,5.8825
50%,647.0,159.15499999999997,26.96,71.0,2.06,71.345,112.975,638.6949999999999,10.844999999999999
75%,920.25,205.07,29.99,82.0,2.06,154.61,236.6775,1057.96,15.532499999999999
max,1281.0,493.9,38.99,100.0,8.84,491.16,663.85,3066.3,33.91
