,id,aqi,temperature,humidity,wind_speed,pm2_5,pm10,co,no2
count,1127.0,1127.0,1127.0,1127.0,1127.0,1127.0,1127.0,1127.0,1127.0
mean,499.84738243123337,137.51757763975155,27.39815439219166,66.86512866015971,1.8738331854480927,67.99385980479147,-17744453281.087456,573.36793256433,9.42824312333629
std,266.08606119543884,51.86173411182958,5.435901032628598,17.35696428519296,1.2745366032269312,50.17554341622562,421033499534.5668,287.6481783601766,5.477644889536487
min,1.0,2.12,9.99,20.0,0.0,0.51,-9998999486464.0,18.08,0.0
25%,277.5,94.965,24.99,55.0,1.03,33.14,60.495,347.505,5.055
50%,520.0,148.33,27.99,70.0,2.06,54.75,89.54,550.74,9.2
75%,729.0,166.2,30.99,80.5,2.06,84.935,137.265,726.2049999999999,13.23
max,940.0,363.54,38.99,100.0,8.84,313.61,663.85,1714.68,26.91
