,id,aqi,temperature,humidity,wind_speed,pm2_5,pm10,co,no2
count,1319.0,1319.0,1319.0,1319.0,1319.0,1319.0,1319.0,1319.0,1319.0
mean,577.5617892342684,164.00746777862014,25.67232752084913,66.76497346474602,1.7794768764215316,97.45616376042456,-15161485048.54067,706.2874147081121,10.401137225170585
std,310.5249101336126,86.79280043349391,6.739563142101011,17.760314957384246,1.259852081739751,92.82050224665161,389210303265.18036,454.25615273336524,6.084681049203221
min,1.0,2.12,7.99,20.0,0.0,0.51,-9998999486464.0,18.08,0.0
25%,322.5,101.32,21.99,55.0,1.03,35.68,64.895,378.22,5.54
50%,588.0,155.09,26.99,70.0,2.06,63.43,102.53,601.94,10.05
75%,835.5,183.29,29.99,82.0,2.06,118.04,195.18,877.9300000000001,14.545
max,1132.0,493.9,38.99,100.0,8.84,491.16,663.85,2794.89,28.32
