,id,aqi,temperature,humidity,wind_speed,pm2_5,pm10,co,no2
count,1274.0,1274.0,1274.0,1274.0,1274.0,1274.0,1274.0,1274.0,1274.0
mean,558.7551020408164,156.0263736263736,26.059850863422298,66.32574568288854,1.7946389324960752,88.62733124018838,-15697016325.562622,673.6624332810046,10.235934065934067
std,299.08716265587765,76.50419011390942,6.492409458341005,17.618944125533332,1.2704222640189837,80.76654377976688,396019146770.4457,422.377842798091,6.030685134220493
min,1.0,2.12,7.99,20.0,0.0,0.51,-9998999486464.0,18.08,0.0
25%,311.25,98.4875,21.99,54.0,1.03,34.72,63.4775,372.0725,5.3975
50%,570.5,154.35,27.99,70.0,2.06,62.019999999999996,99.80000000000001,589.23,9.844999999999999
75%,807.75,177.6175,30.99,79.0,2.06,107.045,176.705,828.9375,14.205
max,1087.0,493.9,38.99,100.0,8.84,491.16,663.85,2794.89,28.32
