,id,aqi,temperature,humidity,wind_speed,pm2_5,pm10,co,no2
count,727.0,727.0,727.0,727.0,727.0,727.0,727.0,727.0,727.0
mean,340.7812929848693,111.89700137551581,30.000220082530948,72.30949105914718,2.20646492434663,42.824181568088036,-27507563851.18964,463.17888583218706,8.524731774415406
std,185.22364646230838,35.143689170554175,3.275199647939972,14.633980820139259,1.1882526554059532,20.770265681615484,524088984238.40576,205.77458205547833,5.268137229227468
min,1.0,2.12,22.99,31.0,0.0,0.51,-9998999486464.0,18.08,0.0
25%,184.5,84.3,27.99,62.0,1.54,27.965,49.05,300.03,4.09
50%,351.0,106.96,29.99,74.0,2.06,37.96,70.77,439.92,7.94
75%,506.5,149.47,31.99,83.0,3.09,55.39,91.935,610.3199999999999,12.01
max,641.0,187.49,38.99,100.0,8.23,126.18,663.85,1179.69,26.91
