,id,aqi,temperature,humidity,wind_speed,pm2_5,pm10,co,no2
count,1335.0,1335.0,1335.0,1335.0,1335.0,1335.0,1335.0,1335.0,1335.0
mean,584.3026217228464,165.1889138576779,25.53980524344569,66.89887640449439,1.7739625468164792,98.71352059925093,-14979774363.4149,715.8380074906366,10.44132584269663
std,314.67136868562216,87.69509225088584,6.814986569396299,17.789274355490377,1.2580136344425221,93.87234597670552,386872688006.10583,462.775241006885,6.082382167254007
min,1.0,2.12,7.99,20.0,0.0,0.51,-9998999486464.0,18.08,0.0
25%,326.5,101.58,20.99,55.0,1.03,35.75,65.43,380.78,5.57
50%,595.0,155.59,26.99,70.0,2.06,64.39,104.1,605.19,10.19
75%,844.5,184.225,29.99,82.0,2.06,119.85,197.775,888.99,14.64
max,1147.0,493.9,38.99,100.0,8.84,491.16,663.85,2794.89,28.32
