,id,aqi,temperature,humidity,wind_speed,pm2_5,pm10,co,no2
count,779.0,779.0,779.0,779.0,779.0,779.0,779.0,779.0,779.0
mean,361.98716302952505,113.8542105263158,29.739666238767658,71.17971758664955,2.1973042362002566,44.00207958921694,-25671372161.98729,465.2026700898588,8.44392811296534
std,195.7490388490368,35.83473759848866,3.4671031879235468,15.409443551368547,1.2244714188785346,21.237295353261864,506318185148.24927,204.12842053089977,5.197299276413138
min,1.0,2.12,19.99,27.0,0.0,0.51,-9998999486464.0,18.08,0.0
25%,197.5,84.805,27.085,62.0,1.185,28.310000000000002,49.805,303.40999999999997,4.095
50%,374.0,108.73,28.99,74.0,2.06,38.66,72.36,444.02,7.89
75%,533.0,152.20499999999998,31.99,83.0,3.09,58.035,94.425,615.1,11.925
max,679.0,187.49,38.99,100.0,8.84,126.18,663.85,1179.69,26.91
