,id,aqi,temperature,humidity,wind_speed,pm2_5,pm10,co,no2
count,1435.0,1435.0,1435.0,1435.0,1435.0,1435.0,1435.0,1435.0,1435.0
mean,626.8843205574913,173.05533101045296,24.6694425087108,67.61881533101045,1.738418118466899,107.5381463414634,-13935887628.285488,777.5926689895471,10.932313588850175
std,341.16011243001196,91.23781811778404,7.366494085680805,17.97783564856288,1.2472154505720694,98.24257512683485,373159165263.49396,518.277439847622,6.418239944725101
min,1.0,2.12,6.99,20.0,0.0,0.51,-9998999486464.0,18.08,0.0
25%,346.5,104.31,18.99,55.0,1.03,36.91,68.035,397.29499999999996,5.825
50%,634.0,157.85,26.99,70.0,2.06,68.83,110.73,629.51,10.7
75%,901.5,197.185,29.99,82.0,2.06,144.95,225.47,1003.95,15.21
max,1244.0,493.9,38.99,100.0,8.84,491.16,663.85,2839.26,33.91
