,id,aqi,temperature,humidity,wind_speed,pm2_5,pm10,co,no2
count,336.0,336.0,336.0,336.0,336.0,336.0,336.0,336.0,336.0
mean,167.76190476190476,104.77026785714285,30.273095238095244,75.51488095238095,2.3936309523809522,38.378125,76.0247619047619,408.79333333333335,8.786964285714285
std,95.1879672625954,33.58206793504102,2.9123779999827004,11.190604480657056,1.145881359593117,17.874085094527718,46.26202816020262,196.82094947853454,5.546098454802482
min,1.0,2.12,22.99,46.0,0.0,0.51,2.78,18.08,0.0
25%,84.75,78.6925,27.99,66.0,2.06,25.332500000000003,51.6075,246.8075,3.8225000000000002
50%,170.5,101.37,29.99,78.0,2.06,35.745,70.685,363.62,8.065000000000001
75%,252.0,129.5925,32.24,83.0,3.09,47.277499999999996,93.32,559.375,12.51
max,328.0,183.63,38.99,100.0,8.23,118.7,663.85,1168.94,26.91
