,id,aqi,temperature,humidity,wind_speed,pm2_5,pm10,co,no2
count,853.0,853.0,853.0,853.0,853.0,853.0,853.0,853.0,853.0
mean,392.01758499413836,118.29800703399765,29.461266119577964,69.69284876905041,2.0984525205158264,47.48369284876905,-23444312901.655727,482.94005861664715,8.553434935521688
std,210.98725774283537,37.320987622920505,3.6205820143671965,16.219501042204975,1.2426775939464645,23.899939823217856,483884834440.0023,213.08271959559457,5.16040560007861
min,1.0,2.12,19.99,27.0,0.0,0.51,-9998999486464.0,18.08,0.0
25%,214.0,87.51,26.99,59.0,1.03,29.47,53.04,312.49,4.32
50%,405.0,113.11,28.99,73.0,2.06,40.44,75.8,471.62,8.06
75%,572.0,155.09,31.99,83.0,2.89,63.43,102.15,630.65,11.95
max,733.0,187.49,38.99,100.0,8.84,126.18,663.85,1179.69,26.91
