,id,aqi,temperature,humidity,wind_speed,pm2_5,pm10,co,no2
count,1427.0,1427.0,1427.0,1427.0,1427.0,1427.0,1427.0,1427.0,1427.0
mean,623.4442887175893,172.63578135949544,24.741927119831818,67.55360896986686,1.7380588647512263,107.0633566923616,-14014014539.91846,773.2563209530483,10.888703573931323
std,338.99701116249673,91.2306768013039,7.321891027534395,18.00309013746695,1.2496583889604114,98.20290892786436,374202967117.9117,515.0130106108453,6.385477205784255
min,1.0,2.12,6.99,20.0,0.0,0.51,-9998999486464.0,18.08,0.0
25%,344.5,104.155,19.99,55.0,1.03,36.795,67.66,395.31500000000005,5.805
50%,631.0,157.68,26.99,70.0,2.06,68.48,110.46,627.4,10.65
75%,897.5,196.2,29.99,82.0,2.06,143.045,223.91,993.525,15.120000000000001
max,1236.0,493.9,38.99,100.0,8.84,491.16,663.85,2839.26,33.91
