,id,aqi,temperature,humidity,wind_speed,pm2_5,pm10,co,no2
count,949.0,949.0,949.0,949.0,949.0,949.0,949.0,949.0,949.0
mean,429.9473129610116,123.97622760800843,28.96891464699684,68.7513171759747,2.013688092729189,52.714752370916756,-21072706943.61173,506.68866174920976,8.69278187565859
std,229.8796450962689,39.642673030391805,3.939623659724356,16.481587695603196,1.248844230098394,29.20078902730724,458785051076.5425,228.43407645595997,5.107204068004822
min,1.0,2.12,16.99,27.0,0.0,0.51,-9998999486464.0,18.08,0.0
25%,238.0,89.91,26.99,58.0,1.03,30.64,55.38,320.79,4.57
50%,446.0,122.42,28.99,70.0,2.06,44.21,79.96,492.96,8.28
75%,630.0,158.55,31.99,83.0,2.57,70.2,112.55,652.44,12.04
max,803.0,232.49,38.99,100.0,8.84,182.28,663.85,1324.55,26.91
