,id,aqi,temperature,humidity,wind_speed,pm2_5,pm10,co,no2
count,419.0,419.0,419.0,419.0,419.0,419.0,419.0,419.0,419.0
mean,206.4964200477327,108.56150357995227,30.0499522673031,75.80668257756564,2.376348448687351,40.37551312649165,72.14527446300717,443.7917183770883,9.109785202863963
std,115.91211759903292,34.432718506018375,3.020216491117572,11.352480209670645,1.2099902260731545,18.934273420528818,43.59699110166056,198.41276238544458,5.508780568409038
min,1.0,2.12,22.99,46.0,0.0,0.51,2.78,18.08,0.0
25%,105.5,81.62,27.99,66.0,1.54,27.009999999999998,46.540000000000006,278.81,4.255
50%,210.0,103.34,29.99,78.0,2.06,36.79,66.34,421.3,8.49
75%,306.5,141.20999999999998,31.99,83.0,3.09,52.08,89.965,598.96,12.715
max,398.0,187.49,38.99,100.0,8.23,126.18,663.85,1168.94,26.91
