,id,aqi,temperature,humidity,wind_speed,pm2_5,pm10,co,no2
count,1402.0,1402.0,1402.0,1402.0,1402.0,1402.0,1402.0,1402.0,1402.0
mean,612.7353780313838,171.09736091298146,24.97144793152639,67.3623395149786,1.7427960057061338,105.32229671897288,-14263907813.41715,754.6518687589157,10.739714693295292
std,332.29212274143623,91.07613816273542,7.1699777037124575,17.977977080434634,1.2537933419123994,97.90996412495372,377522193144.808,492.9537453185935,6.241551565340974
min,1.0,2.12,6.99,20.0,0.0,0.51,-9998999486464.0,18.08,0.0
25%,339.25,103.0325,19.99,55.0,1.03,36.402499999999996,67.04,391.0525,5.715
50%,622.5,156.87,26.99,70.0,2.06,66.995,108.785,622.62,10.524999999999999
75%,884.75,193.3325,29.99,82.0,2.06,137.4875,219.4875,950.57,15.0275
max,1211.0,493.9,38.99,100.0,8.84,491.16,663.85,2794.89,31.58
