,id,aqi,temperature,humidity,wind_speed,pm2_5,pm10,co,no2
count,726.0,726.0,726.0,726.0,726.0,726.0,726.0,726.0,726.0
mean,340.3677685950413,111.82601928374656,30.006336088154274,72.31129476584022,2.2078512396694214,42.77355371900826,-27545453057.73545,462.93961432506893,8.52732782369146
std,185.01521579844453,35.11572916447459,3.273300654984727,14.64398887541704,1.188483384726465,20.73964741599695,524449303976.601,205.8152186420592,5.271303812540834
min,1.0,2.12,22.99,31.0,0.0,0.51,-9998999486464.0,18.08,0.0
25%,184.25,84.275,27.99,62.0,1.54,27.9625,49.045,299.72,4.09
50%,350.5,106.88499999999999,29.99,74.0,2.06,37.94,70.765,439.805,7.945
75%,505.75,149.425,31.99,83.0,3.09,55.1925,91.8825,609.5025,12.01
max,640.0,187.49,38.99,100.0,8.23,126.18,663.85,1179.69,26.91
