,id,aqi,temperature,humidity,wind_speed,pm2_5,pm10,co,no2
count,1125.0,1125.0,1125.0,1125.0,1125.0,1125.0,1125.0,1125.0,1125.0
mean,499.0657777777778,137.34758222222223,27.409546666666667,66.904,1.874417777777778,67.80180444444444,-17775998976.23072,572.5710755555555,9.431822222222221
std,265.67503015541797,51.70930820120658,5.433349116657934,17.345341811629932,1.2754094812566663,49.9560653062968,421407252087.22906,286.464254892539,5.477525836745123
min,1.0,2.12,9.99,20.0,0.0,0.51,-9998999486464.0,18.08,0.0
25%,277.0,94.81,24.99,55.0,1.03,33.08,60.37,347.03,5.07
50%,519.0,148.28,27.99,70.0,2.06,54.72,89.49,550.74,9.2
75%,729.0,166.07,30.99,82.0,2.06,84.69,136.86,725.65,13.23
max,939.0,363.54,38.99,100.0,8.84,313.61,663.85,1714.68,26.91
