,id,aqi,temperature,humidity,wind_speed,pm2_5,pm10,co,no2
count,1150.0,1150.0,1150.0,1150.0,1150.0,1150.0,1150.0,1150.0,1150.0
mean,508.86,139.0929391304348,27.16912173913044,66.74695652173914,1.8596434782608697,69.82400869565217,-17389564211.13961,583.2429739130436,9.52626956521739
std,270.86685211609574,52.80675288846042,5.64769615860088,17.40695429258013,1.2774621115022688,51.73986889660329,416805607792.4624,296.8685608205773,5.509618782327421
min,1.0,2.12,9.99,20.0,0.0,0.51,-9998999486464.0,18.08,0.0
25%,283.25,95.9075,23.99,55.0,1.03,33.5225,60.8375,349.55,5.1025
50%,528.0,151.05,27.99,70.0,2.06,55.6,91.72,556.65,9.29
75%,740.75,167.675,30.99,79.0,2.06,87.79249999999999,139.995,738.4125,13.36
max,961.0,363.54,38.99,100.0,8.84,313.61,663.85,1714.68,26.91
