,id,aqi,temperature,humidity,wind_speed,pm2_5,pm10,co,no2
count,513.0,513.0,513.0,513.0,513.0,513.0,513.0,513.0,513.0
mean,249.2027290448343,111.08941520467836,29.545789473684213,77.20857699805069,2.345321637426901,41.7816179337232,68.69001949317739,486.2799610136452,9.314853801169592
std,138.59606407439125,34.91779343666308,3.151807859581087,11.582641431962875,1.2154998103354187,19.42304743832029,41.11965476992793,217.63565485117203,5.5177078245216356
min,1.0,2.12,22.99,46.0,0.0,0.51,2.78,18.08,0.0
25%,132.0,83.85,26.99,70.0,1.54,27.86,44.51,311.1,4.83
50%,256.0,107.89,28.99,79.0,2.06,38.37,63.27,478.01,8.88
75%,370.0,145.64,31.99,84.0,3.09,53.74,85.43,635.57,12.93
max,478.0,187.49,38.99,100.0,8.23,126.18,663.85,1179.69,26.91
