,id,aqi,temperature,humidity,wind_speed,pm2_5,pm10,co,no2
count,1055.0,1055.0,1055.0,1055.0,1055.0,1055.0,1055.0,1055.0,1055.0
mean,471.71090047393363,129.96917535545023,28.047810426540288,67.16303317535545,1.9333744075829384,59.197090047393374,-18955449164.0013,540.6981516587679,9.174274881516588
std,251.43367062799925,42.72314287567224,4.858279738072281,17.307684352916443,1.265469210109554,36.220457049664226,435150206797.59174,253.0907897810731,5.395486361235063
min,1.0,2.12,11.99,20.0,0.0,0.51,-9998999486464.0,18.08,0.0
25%,262.5,93.25999999999999,25.99,55.0,1.03,32.29,58.0,337.96000000000004,4.845
50%,491.0,138.28,28.03,70.0,2.06,50.96,85.55,524.85,8.86
75%,689.5,162.42,30.99,82.0,2.225,77.62,122.595,687.75,12.795
max,886.0,249.94,38.99,100.0,8.84,199.88,663.85,1324.55,26.91
