,id,aqi,temperature,humidity,wind_speed,pm2_5,pm10,co,no2
count,383.0,383.0,383.0,383.0,383.0,383.0,383.0,383.0,383.0
mean,189.83812010443864,107.90052219321149,30.261853785900787,75.21932114882506,2.3887206266318537,40.064177545691905,73.86138381201044,428.88242819843344,8.84733681462141
std,107.0354440909398,34.290760226325915,2.8884471016782967,11.228420492797978,1.1985703450394487,18.82887340235477,44.43194817062515,195.3340332512045,5.399969527631424
min,1.0,2.12,22.99,46.0,0.0,0.51,2.78,18.08,0.0
25%,96.5,82.355,27.99,66.0,1.54,27.325,49.05,268.85,4.04
50%,194.0,102.92,29.99,78.0,2.06,36.3,67.37,389.33,8.2
75%,282.5,139.485,32.49,83.0,3.09,51.29,91.875,592.735,12.39
max,368.0,187.49,38.99,100.0,8.23,126.18,663.85,1168.94,26.91
