,id,aqi,temperature,humidity,wind_speed,pm2_5,pm10,co,no2
count,463.0,463.0,463.0,463.0,463.0,463.0,463.0,463.0,463.0
mean,226.68250539956804,109.91339092872569,29.82611231101512,76.7170626349892,2.3528941684665226,41.265421166306695,70.42313174946004,476.7594384449244,9.499740820734342
std,126.71871505513515,34.72684628922311,3.054676353351133,11.572838704579596,1.1964457842917366,19.51580486669618,42.498620572443606,219.35172915290173,5.6175642086502595
min,1.0,2.12,22.99,46.0,0.0,0.51,2.78,18.08,0.0
25%,118.5,83.43,27.99,70.0,1.54,27.564999999999998,44.775,296.46500000000003,4.904999999999999
50%,232.0,105.75,28.99,79.0,2.06,37.44,65.26,460.27,8.98
75%,337.0,144.39999999999998,31.99,84.0,3.09,53.165000000000006,87.735,627.355,13.45
max,438.0,187.49,38.99,100.0,8.23,126.18,663.85,1179.69,26.91
