,id,aqi,temperature,humidity,wind_speed,pm2_5,pm10,co,no2
count,308.0,308.0,308.0,308.0,308.0,308.0,308.0,308.0,308.0
mean,154.4090909090909,104.90954545454545,30.324805194805197,75.19155844155844,2.429025974025974,38.57292207792207,75.63288961038961,412.4605194805195,8.64948051948052
std,87.94791274854444,34.39171399223453,2.960023928237474,11.191507082967172,1.1602778334472095,18.408943352143886,47.891025786741515,199.52834388153255,5.4538569912542165
min,1.0,2.12,22.99,46.0,0.0,0.51,2.78,18.08,0.0
25%,77.75,77.405,27.99,66.0,2.06,24.8325,49.3025,249.45999999999998,3.8225000000000002
50%,156.5,101.765,29.99,78.0,2.06,35.879999999999995,69.34,366.49,7.91
75%,231.25,132.9075,32.99,83.0,3.09,48.615,93.135,561.9449999999999,12.3175
max,301.0,183.63,38.99,100.0,8.23,118.7,663.85,1168.94,26.91
