,id,aqi,temperature,humidity,wind_speed,pm2_5,pm10,co,no2
count,671.0,671.0,671.0,671.0,671.0,671.0,671.0,671.0,671.0
mean,317.4590163934426,107.59508196721309,29.924441132637853,73.59910581222057,2.2468703427719823,39.75502235469448,70.20637853949329,454.87895678092394,8.621162444113263
std,173.46689917353635,33.05700884362197,3.266959827662305,14.0188124916787,1.2070093964687731,18.069182884442778,37.78768280920821,208.50504969105967,5.371313146276576
min,1.0,2.12,22.99,31.0,0.0,0.51,2.78,18.08,0.0
25%,170.5,81.85,27.99,66.0,1.54,27.03,47.225,291.57,4.05
50%,328.0,102.38,28.99,75.0,2.06,36.09,67.01,428.25,8.0
75%,470.5,134.625,31.99,83.0,3.09,49.504999999999995,86.5,602.51,12.13
max,598.0,187.49,38.99,100.0,8.23,126.18,663.85,1179.69,26.91
