,id,aqi,temperature,humidity,wind_speed,pm2_5,pm10,co,no2
count,1268.0,1268.0,1268.0,1268.0,1268.0,1268.0,1268.0,1268.0,1268.0
mean,556.2673501577287,154.84326498422715,26.109865930599373,66.28391167192429,1.7974447949526813,87.25803627760254,-15771292430.245138,666.8089432176656,10.212011041009465
std,297.5929803938815,74.49190431258953,6.459619276511645,17.596184915985596,1.2705200077461918,78.15242407299259,396954255895.40826,408.76060746729917,6.020521192688096
min,1.0,2.12,7.99,20.0,0.0,0.51,-9998999486464.0,18.08,0.0
25%,309.75,98.425,21.99,54.0,1.03,34.667500000000004,63.2575,371.79999999999995,5.387499999999999
50%,568.0,154.26999999999998,27.99,70.0,2.06,61.95,98.49000000000001,587.75,9.835
75%,805.25,176.7475,30.99,79.0,2.06,105.365,174.14,823.46,14.1675
max,1081.0,493.9,38.99,100.0,8.84,491.16,663.85,2380.16,28.32
