,id,aqi,temperature,humidity,wind_speed,pm2_5,pm10,co,no2
count,586.0,586.0,586.0,586.0,586.0,586.0,586.0,586.0,586.0
mean,281.46928327645054,107.87215017064845,29.67109215017065,76.1433447098976,2.314078498293515,40.08890784982935,67.61532423208192,466.51334470989764,8.816092150170647
std,155.48322220806776,34.74938243049058,3.1743583512138622,12.212223037958125,1.2256150400130201,19.086422367881546,39.350676545588755,214.8420173449039,5.4565652060526215
min,1.0,2.12,22.99,37.0,0.0,0.51,2.78,18.08,0.0
25%,149.25,78.6375,27.3825,66.0,1.54,25.2975,44.7625,295.08,4.2325
50%,288.0,102.41499999999999,28.99,79.0,2.06,36.13,62.644999999999996,438.615,8.08
75%,417.75,141.37,31.99,84.0,3.09,52.14,82.23,620.165,12.335
max,534.0,187.49,38.99,100.0,8.23,126.18,663.85,1179.69,26.91
