,id,aqi,temperature,humidity,wind_speed,pm2_5,pm10,co,no2
count,961.0,961.0,961.0,961.0,961.0,961.0,961.0,961.0,961.0
mean,434.6690946930281,124.08645161290322,28.86303850156088,68.5681581685744,2.019063475546306,52.70945889698231,-20809572204.52324,508.1976586888658,8.710978147762747
std,232.2696591341274,39.50360892796167,4.0512977508724815,16.52963833164406,1.2518883058570593,29.070463878713205,455914638916.0081,228.0520991919757,5.105952314919355
min,1.0,2.12,14.99,27.0,0.0,0.51,-9998999486464.0,18.08,0.0
25%,241.0,90.33,26.99,57.0,1.03,30.83,55.48,324.3,4.63
50%,451.0,122.45,28.99,70.0,2.06,44.28,79.96,496.0,8.3
75%,635.0,158.55,31.99,83.0,2.57,70.13,111.95,655.9,12.08
max,812.0,232.49,38.99,100.0,8.84,182.28,663.85,1324.55,26.91
