,id,aqi,temperature,humidity,wind_speed,pm2_5,pm10,co,no2
count,1020.0,1020.0,1020.0,1020.0,1020.0,1020.0,1020.0,1020.0,1020.0
mean,457.921568627451,127.58090196078432,28.36940196078432,67.46176470588236,1.9744705882352942,56.40971568627452,-19605881251.41385,527.2991078431372,8.989823529411764
std,244.23536269360892,41.19104328943402,4.540099251356181,17.22048637394941,1.255036805765063,32.983081725268335,442545832214.8933,242.1958927392305,5.296003823151326
min,1.0,2.12,12.99,20.0,0.0,0.51,-9998999486464.0,18.08,0.0
25%,254.75,91.85,25.99,55.0,1.03,31.555,57.0925,331.135,4.7825
50%,476.5,130.3,28.99,70.0,2.06,47.459999999999994,83.285,515.56,8.625
75%,666.25,161.0975,30.99,82.0,2.4375,75.0625,117.95,675.235,12.524999999999999
max,860.0,242.45,38.99,100.0,8.84,192.33,663.85,1324.55,26.91
