,id,aqi,temperature,humidity,wind_speed,pm2_5,pm10,co,no2
count,1408.0,1408.0,1408.0,1408.0,1408.0,1408.0,1408.0,1408.0,1408.0
mean,615.2997159090909,171.62958806818185,24.915419034090913,67.43607954545455,1.743778409090909,105.92071022727272,-14203124114.218523,761.7451846590909,10.800589488636364
std,333.8934641916672,91.27477495515271,7.208296558127629,17.994950076564823,1.2530778309287327,98.15575196443025,376717528441.0713,504.8189851610876,6.322214094160235
min,1.0,2.12,6.99,20.0,0.0,0.51,-9998999486464.0,18.08,0.0
25%,340.75,103.235,19.99,55.0,1.03,36.4325,67.1375,391.2475,5.737500000000001
50%,624.0,157.095,26.99,70.0,2.06,67.53999999999999,109.03999999999999,624.265,10.57
75%,887.0,193.68,29.99,82.0,2.06,138.165,222.0675,958.825,15.06
max,1217.0,493.9,38.99,100.0,8.84,491.16,663.85,2839.26,33.91
