,id,aqi,temperature,humidity,wind_speed,pm2_5,pm10,co,no2
count,1001.0,1001.0,1001.0,1001.0,1001.0,1001.0,1001.0,1001.0,1001.0
mean,450.4425574425574,126.18872127872129,28.52645354645355,67.76123876123876,1.9913686313686314,54.812287712287706,-19978020860.206974,519.9016083916084,8.879580419580419
std,240.37056589161025,40.144918950761834,4.391684564047139,17.05438172622907,1.2536828247108696,30.731476795968312,446721905688.32227,234.92439267541056,5.210371870008533
min,1.0,2.12,13.99,20.0,0.0,0.51,-9998999486464.0,18.08,0.0
25%,251.0,90.89,25.99,55.0,1.03,31.17,56.95,329.72,4.73
50%,468.0,126.81,28.99,70.0,2.06,46.03,82.14,510.36,8.49
75%,655.0,159.98,30.99,83.0,2.55,72.9,116.28,670.39,12.32
max,844.0,232.49,38.99,100.0,8.84,182.28,663.85,1324.55,26.91
