,id,aqi,temperature,humidity,wind_speed,pm2_5,pm10,co,no2
count,1388.0,1388.0,1388.0,1388.0,1388.0,1388.0,1388.0,1388.0,1388.0
mean,606.7665706051873,169.68070605187322,25.10742795389049,67.11815561959654,1.746649855907781,103.73504322766573,-14407780085.413784,743.6944452449568,10.683825648414984
std,328.5758550950766,90.28066063675776,7.075336893331816,17.900200433044787,1.2568389761006338,96.9598102401226,379419978817.85,481.8685935854034,6.217182170035323
min,1.0,2.12,6.99,20.0,0.0,0.51,-9998999486464.0,18.08,0.0
25%,337.0,102.4325,20.99,55.0,1.03,36.150000000000006,66.4525,388.21000000000004,5.7075
50%,617.5,156.635,26.99,70.0,2.06,66.5,107.695,618.96,10.455
75%,876.25,190.4325,29.99,82.0,2.06,131.8625,214.14000000000001,934.845,15.01
max,1197.0,493.9,38.99,100.0,8.84,491.16,663.85,2794.89,28.32
