,id,aqi,temperature,humidity,wind_speed,pm2_5,pm10,co,no2
count,1443.0,1443.0,1443.0,1443.0,1443.0,1443.0,1443.0,1443.0,1443.0
mean,630.3305613305613,173.6430076230076,24.594989604989603,67.67844767844768,1.7359182259182258,108.20390852390852,-13858626988.388153,783.4572903672904,10.987352737352737
std,343.3312890050641,91.38648705010206,7.415293623644124,17.952371872291803,1.2452362091624758,98.43897751542774,372124049693.46747,524.1414123370741,6.472742500955306
min,1.0,2.12,6.99,20.0,0.0,0.51,-9998999486464.0,18.08,0.0
25%,348.5,104.555,18.99,55.0,1.03,36.96,68.205,398.52,5.835
50%,636.0,158.1,26.99,70.0,2.06,69.41,111.2,631.53,10.73
75%,904.5,197.675,29.99,82.0,2.06,145.89999999999998,229.205,1011.235,15.26
max,1252.0,493.9,38.99,100.0,8.84,491.16,663.85,2839.26,33.91
