,id,aqi,temperature,humidity,wind_speed,pm2_5,pm10,co,no2
count,981.0,981.0,981.0,981.0,981.0,981.0,981.0,981.0,981.0
mean,442.5565749235474,124.97428134556576,28.715779816513766,68.0632008154944,2.0104485219164117,53.42586136595311,-20385319964.73486,514.5997757390418,8.831529051987767
std,236.30701257891428,39.606768113882836,4.184667778542987,16.900008499860178,1.2504617117290573,29.32927312494982,451248060490.6946,232.75177372688458,5.215594992807826
min,1.0,2.12,14.99,20.0,0.0,0.51,-9998999486464.0,18.08,0.0
25%,246.0,90.64,26.93,56.0,1.03,30.96,56.4,327.15,4.68
50%,459.0,124.54,28.99,70.0,2.06,45.09,81.11,499.71,8.41
75%,647.0,159.27,31.99,83.0,2.57,71.53,114.02,662.56,12.31
max,829.0,232.49,38.99,100.0,8.84,182.28,663.85,1324.55,26.91
