,id,aqi,temperature,humidity,wind_speed,pm2_5,pm10,co,no2
count,401.0,401.0,401.0,401.0,401.0,401.0,401.0,401.0,401.0
mean,198.21197007481297,109.39600997506236,30.28206982543641,75.17456359102245,2.3572568578553614,40.83508728179551,73.91152119700747,437.58558603491275,9.015336658354114
std,111.52449262991114,34.64745843550289,2.864512428863283,11.154570873483708,1.1924499806529003,19.11402315199139,43.69512066501447,198.4383115081818,5.545223390349373
min,1.0,2.12,22.99,46.0,0.0,0.51,2.78,18.08,0.0
25%,101.0,83.47,27.99,66.0,1.54,27.59,49.17,275.22,4.09
50%,203.0,104.59,29.99,78.0,2.06,37.17,68.69,397.7,8.28
75%,295.0,143.6,31.99,83.0,3.09,52.96,91.33,599.23,12.7
max,384.0,187.49,38.99,100.0,8.23,126.18,663.85,1168.94,26.91
