,id,aqi,temperature,humidity,wind_speed,pm2_5,pm10,co,no2
count,808.0,808.0,808.0,808.0,808.0,808.0,808.0,808.0,808.0
mean,373.81559405940595,115.7006188118812,29.61870049504951,70.61386138613861,2.150309405940594,45.428873762376234,-24749998651.48654,470.808254950495,8.494504950495049
std,201.75606851233735,36.522104092575766,3.535027405168305,15.692266967144134,1.23710019020504,22.44230703547438,497160501080.52057,204.71658171069186,5.1703490018055
min,1.0,2.12,19.99,27.0,0.0,0.51,-9998999486464.0,18.08,0.0
25%,204.75,85.9875,26.99,61.0,1.03,28.794999999999998,51.525000000000006,308.8075,4.2175
50%,385.5,110.32,28.99,74.0,2.06,39.34,73.75999999999999,456.775,7.965
75%,550.25,154.0425,31.99,83.0,3.09,61.442499999999995,97.08,620.3475000000001,11.942499999999999
max,703.0,187.49,38.99,100.0,8.84,126.18,663.85,1179.69,26.91
