,id,aqi,temperature,humidity,wind_speed,pm2_5,pm10,co,no2
count,235.0,235.0,235.0,235.0,235.0,235.0,235.0,235.0,235.0
mean,118.87659574468086,107.64072340425531,29.93863829787234,77.06382978723404,2.4149787234042552,40.27944680851064,67.27055319148936,454.35982978723405,9.09995744680851
std,68.47737854924723,37.4463781285258,2.807090963311447,9.885680430690718,1.1735916726337514,20.21212793113672,50.86692640438798,203.14962197273027,5.484601949566626
min,1.0,2.12,22.99,47.0,0.0,0.51,2.78,18.08,0.0
25%,59.5,77.175,27.99,70.0,2.06,24.605,44.54,286.885,4.615
50%,120.0,104.42,28.99,78.0,2.06,37.29,60.86,403.87,8.15
75%,178.5,145.45499999999998,31.99,83.0,3.09,53.875,76.08500000000001,608.565,12.635
max,235.0,183.63,38.99,100.0,8.23,118.7,663.85,1168.94,26.91
