,id,aqi,temperature,humidity,wind_speed,pm2_5,pm10,co,no2
count,483.0,483.0,483.0,483.0,483.0,483.0,483.0,483.0,483.0
mean,235.7432712215321,110.39136645962732,29.601014492753624,77.24844720496894,2.378033126293996,41.444761904761904,69.55451345755694,485.7953623188406,9.540745341614908
std,131.51659382571302,34.4501396843321,3.190460756699335,11.679519466558427,1.2277385609339255,19.33006350960898,41.92373147155797,220.48916662076505,5.559882930287295
min,1.0,2.12,22.99,46.0,0.0,0.51,2.78,18.08,0.0
25%,124.5,83.765,26.99,70.0,1.54,27.79,44.44,305.825,5.215
50%,242.0,106.32,28.99,79.0,2.06,37.86,64.47,478.01,9.11
75%,349.5,144.39999999999998,31.99,84.0,3.09,53.165000000000006,86.575,636.2,13.45
max,452.0,187.49,38.99,100.0,8.23,126.18,663.85,1179.69,26.91
