,id,aqi,temperature,humidity,wind_speed,pm2_5,pm10,co,no2
count,397.0,397.0,397.0,397.0,397.0,397.0,397.0,397.0,397.0
mean,196.3551637279597,109.44370277078085,30.297607052896726,75.12594458438288,2.3615617128463477,40.87488664987406,74.13758186397986,436.8036272040302,8.989370277078084
std,110.52974966220539,34.710371367168996,2.8743970938761176,11.198812027858365,1.196357932380095,19.1700142214937,43.81401385167099,199.23456907395087,5.560027646579689
min,1.0,2.12,22.99,46.0,0.0,0.51,2.78,18.08,0.0
25%,100.0,83.39,27.99,66.0,1.54,27.54,49.32,273.3,4.05
50%,201.0,105.11,29.99,78.0,2.06,37.29,68.73,395.16,8.25
75%,292.0,143.6,32.99,83.0,3.09,52.96,91.86,601.02,12.54
max,380.0,187.49,38.99,100.0,8.23,126.18,663.85,1168.94,26.91
