,id,aqi,temperature,humidity,wind_speed,pm2_5,pm10,co,no2
count,1378.0,1378.0,1378.0,1378.0,1378.0,1378.0,1378.0,1378.0,1378.0
mean,602.5159651669086,168.10046444121917,25.200442670537015,66.98911465892598,1.7525979680696662,102.00774310595067,-14512335821.992846,735.7828592162554,10.64700290275762
std,325.9393509983753,88.60336414228031,7.009842506131164,17.87893679893163,1.2573326827632942,95.0788654499585,380793197864.88,473.75843334088347,6.207885989175626
min,1.0,2.12,6.99,20.0,0.0,0.51,-9998999486464.0,18.08,0.0
25%,335.25,102.2425,20.99,55.0,1.03,36.03,66.28,386.2825,5.685
50%,613.5,156.45,26.99,70.0,2.06,66.17,107.28999999999999,616.23,10.41
75%,869.75,189.4375,29.99,82.0,2.06,129.94,210.76250000000002,929.53,14.9975
max,1187.0,493.9,38.99,100.0,8.84,491.16,663.85,2794.89,28.32
