,id,aqi,temperature,humidity,wind_speed,pm2_5,pm10,co,no2
count,405.0,405.0,405.0,405.0,405.0,405.0,405.0,405.0,405.0
mean,200.05679012345678,109.07204938271605,30.23474074074074,75.31851851851852,2.368271604938271,40.67148148148147,73.46962962962962,438.34387654320994,9.012271604938272
std,112.50156977812566,34.6293074312189,2.893369467539114,11.202005556722836,1.2120179863828289,19.090230129928802,43.70380269961689,197.61437101641278,5.520001369933523
min,1.0,2.12,22.99,46.0,0.0,0.51,2.78,18.08,0.0
25%,102.0,83.13,27.99,66.0,1.54,27.4,48.81,276.33,4.16
50%,205.0,104.42,29.99,78.0,2.06,36.93,68.36,401.84,8.38
75%,297.0,142.69,31.99,83.0,3.09,52.8,91.15,598.69,12.54
max,386.0,187.49,38.99,100.0,8.23,126.18,663.85,1168.94,26.91
