,id,aqi,temperature,humidity,wind_speed,pm2_5,pm10,co,no2
count,372.0,372.0,372.0,372.0,372.0,372.0,372.0,372.0,372.0
mean,184.69892473118279,106.61766129032259,30.264516129032263,75.38978494623656,2.3957526881720423,39.48801075268817,74.13951612903226,425.88868279569897,8.84465053763441
std,104.27832185331803,33.93518448848799,2.8763119415640412,11.214940119961765,1.1895119944889945,18.69009408902181,45.00632457241159,196.02123256642042,5.385908351654861
min,1.0,2.12,22.99,46.0,0.0,0.51,2.78,18.08,0.0
25%,93.75,81.305,27.99,66.0,1.54,26.57,48.675000000000004,266.455,4.045
50%,188.5,102.095,29.99,78.0,2.06,36.005,68.71000000000001,387.16,8.219999999999999
75%,274.25,133.4075,32.24,83.0,3.09,48.7425,92.27,587.73,12.344999999999999
max,358.0,187.49,38.99,100.0,8.23,126.18,663.85,1168.94,26.91
