,id,aqi,temperature,humidity,wind_speed,pm2_5,pm10,co,no2
count,384.0,384.0,384.0,384.0,384.0,384.0,384.0,384.0,384.0
mean,190.3046875,108.02197916666667,30.261145833333334,75.22916666666667,2.3851822916666667,40.12223958333333,73.86057291666667,429.8359375,8.886927083333333
std,107.2859013360542,34.3285712780818,2.8847071772121624,11.215411968460199,1.1990111104252512,18.838666563625264,44.37390794961063,195.97164909160398,5.448432206518642
min,1.0,2.12,22.99,46.0,0.0,0.51,2.78,18.08,0.0
25%,96.75,82.6275,27.99,66.0,1.54,27.3525,49.055,268.935,4.045
50%,194.5,102.945,29.99,78.0,2.06,36.375,67.41499999999999,390.28999999999996,8.219999999999999
75%,283.25,139.79500000000002,32.24,83.0,3.09,51.36,91.8675,594.53,12.425
max,369.0,187.49,38.99,100.0,8.23,126.18,663.85,1168.94,26.91
