,id,aqi,temperature,humidity,wind_speed,pm2_5,pm10,co,no2
count,722.0,722.0,722.0,722.0,722.0,722.0,722.0,722.0,722.0
mean,338.71606648199446,111.52883656509697,30.009847645429364,72.42659279778394,2.208545706371191,42.54781163434903,-27698059446.480507,461.9382271468144,8.516246537396121
std,184.1865604059081,34.98422573842304,3.276861866758429,14.575672235172826,1.1901986296725708,20.57252170483612,525898050610.7726,205.7919086576892,5.278823935989852
min,1.0,2.12,22.99,31.0,0.0,0.51,-9998999486464.0,18.08,0.0
25%,183.25,84.205,27.99,62.0,1.54,27.9225,48.912499999999994,299.26750000000004,4.0675
50%,348.5,106.25999999999999,29.99,74.0,2.06,37.76,70.445,438.615,7.9350000000000005
75%,502.75,148.475,31.99,83.0,3.09,54.879999999999995,91.39,608.6325,12.004999999999999
max,636.0,187.49,38.99,100.0,8.23,126.18,663.85,1179.69,26.91
