,id,aqi,temperature,humidity,wind_speed,pm2_5,pm10,co,no2
count,493.0,493.0,493.0,493.0,493.0,493.0,493.0,493.0,493.0
mean,240.23123732251523,111.26539553752535,29.568336713995947,77.26166328600405,2.3778093306288035,41.91296146044624,69.58480730223123,489.1325152129818,9.483529411764707
std,133.8656318710301,34.656825165977075,3.1788568649270865,11.661140860608198,1.2223827475293807,19.45489364505449,41.534485860114025,220.37989165275573,5.535330473683874
min,1.0,2.12,22.99,46.0,0.0,0.51,2.78,18.08,0.0
25%,127.0,84.19,26.99,70.0,1.54,27.91,44.57,309.49,5.14
50%,247.0,107.62,28.99,79.0,2.06,38.3,64.7,480.33,9.06
75%,357.0,145.91,31.99,84.0,3.09,53.91,86.5,640.87,13.3
max,461.0,187.49,38.99,100.0,8.23,126.18,663.85,1179.69,26.91
