,id,aqi,temperature,humidity,wind_speed,pm2_5,pm10,co,no2
count,1272.0,1272.0,1272.0,1272.0,1272.0,1272.0,1272.0,1272.0,1272.0
mean,557.9253144654089,155.82091194968552,26.067822327044027,66.35298742138365,1.7942216981132075,88.39407232704401,-15721697169.330662,672.8385298742139,10.238427672955973
std,298.5882464473479,76.38798962251683,6.494397504917994,17.619380571219097,1.2707210729444616,80.61481003375496,396330115147.3316,422.1925445028524,6.031126034121149
min,1.0,2.12,7.99,20.0,0.0,0.51,-9998999486464.0,18.08,0.0
25%,310.75,98.455,21.99,54.0,1.03,34.707499999999996,63.3675,371.96,5.4125
50%,569.5,154.345,27.99,70.0,2.06,61.985,99.295,588.525,9.844999999999999
75%,807.0,177.115,30.99,79.0,2.06,106.08500000000001,175.4,827.2125,14.2125
max,1085.0,493.9,38.99,100.0,8.84,491.16,663.85,2794.89,28.32
