,id,aqi,temperature,humidity,wind_speed,pm2_5,pm10,co,no2
count,771.0,771.0,771.0,771.0,771.0,771.0,771.0,771.0,771.0
mean,358.73411154345007,113.35792477302206,29.77338521400778,71.40207522697796,2.208080415045395,43.66805447470817,-25937741783.76515,464.22164721141377,8.431491569390403
std,194.1235263877851,35.68249415237945,3.444707339573794,15.224781434024399,1.217822070797875,21.071868564070066,508934816493.9059,204.3954816100587,5.204248162911008
min,1.0,2.12,19.99,29.0,0.0,0.51,-9998999486464.0,18.08,0.0
25%,195.5,84.605,27.604999999999997,62.0,1.385,28.125,49.364999999999995,301.73,4.09
50%,371.0,108.34,28.99,74.0,2.06,38.49,71.96,441.26,7.87
75%,529.0,151.87,31.99,83.0,3.09,57.285,93.65,613.225,11.925
max,671.0,187.49,38.99,100.0,8.84,126.18,663.85,1179.69,26.91
