,id,aqi,temperature,humidity,wind_speed,pm2_5,pm10,co,no2
count,1093.0,1093.0,1093.0,1093.0,1093.0,1093.0,1093.0,1093.0,1093.0
mean,486.5919487648673,134.55809698078681,27.706367795059474,67.03385178408051,1.8944281793229645,64.4807319304666,-18296430792.68184,559.3359926806953,9.32150045745654
std,259.18021649763887,49.56255700994666,5.166285701435028,17.317117330578306,1.2717263394412501,46.423088349240295,427525987748.2702,275.8208731659672,5.4344440879542155
min,1.0,2.12,11.99,20.0,0.0,0.51,-9998999486464.0,18.08,0.0
25%,270.0,94.24,24.99,55.0,1.03,32.82,59.43,340.97,4.98
50%,507.0,143.99,27.99,70.0,2.06,53.12,87.51,540.72,8.98
75%,711.0,164.35,30.99,82.0,2.06,81.36,130.62,706.71,13.05
max,911.0,363.54,38.99,100.0,8.84,313.61,663.85,1714.68,26.91
