,id,aqi,temperature,humidity,wind_speed,pm2_5,pm10,co,no2
count,643.0,643.0,643.0,643.0,643.0,643.0,643.0,643.0,643.0
mean,305.751166407465,107.61104199066874,29.856438569206848,74.58786936236392,2.2618973561430793,39.81250388802488,69.31866251944012,457.51219284603417,8.651586314152409
std,167.66341907985486,33.51825026664557,3.2348158460932943,13.20446595490506,1.2079672462250375,18.348762190917615,38.239433456911414,210.11539017374017,5.394045491389268
min,1.0,2.12,22.99,34.0,0.0,0.51,2.78,18.08,0.0
25%,163.5,81.345,27.99,66.0,1.54,26.560000000000002,46.349999999999994,292.90999999999997,4.06
50%,314.0,102.38,28.99,78.0,2.06,36.09,65.56,428.78,8.0
75%,452.0,137.57999999999998,31.99,83.0,3.09,50.8,85.72,607.18,12.120000000000001
max,573.0,187.49,38.99,100.0,8.23,126.18,663.85,1179.69,26.91
