,id,aqi,temperature,humidity,wind_speed,pm2_5,pm10,co,no2
count,738.0,738.0,738.0,738.0,738.0,738.0,738.0,738.0,738.0
mean,345.31029810298105,112.51215447154472,29.963523035230356,72.08807588075881,2.215,43.15456639566395,-27097559510.594963,463.17766937669376,8.465609756097562
std,187.49211088508338,35.276698358094954,3.310432266516243,14.7688327013081,1.1877424911307373,20.843909200568127,520173862614.32697,204.82162627304135,5.260369352047341
min,1.0,2.12,19.99,31.0,0.0,0.51,-9998999486464.0,18.08,0.0
25%,187.25,84.47,27.99,62.0,1.54,28.035,49.2675,303.11,4.0525
50%,356.5,107.66,29.395,74.0,2.06,38.254999999999995,70.95500000000001,439.805,7.885
75%,512.75,151.215,31.99,83.0,3.09,55.9975,92.19749999999999,609.5025,11.95
max,648.0,187.49,38.99,100.0,8.23,126.18,663.85,1179.69,26.91
