,id,aqi,temperature,humidity,wind_speed,pm2_5,pm10,co,no2
count,827.0,827.0,827.0,827.0,827.0,827.0,827.0,827.0,827.0
mean,381.5332527206771,116.74261185006044,29.5643530834341,70.24425634824668,2.1245707376058043,46.210435308343406,-24181377156.40787,473.0286457073761,8.455102781136638
std,205.6830580821425,36.810299438388576,3.558261459091876,15.939073626158894,1.24256613847671,22.968523008782046,491423295228.03723,204.58475728276872,5.139868294525153
min,1.0,2.12,19.99,27.0,0.0,0.51,-9998999486464.0,18.08,0.0
25%,207.5,86.50999999999999,26.99,59.0,1.03,29.075,52.105000000000004,310.295,4.245
50%,394.0,111.78,28.99,74.0,2.06,39.89,74.16,460.27,7.94
75%,559.5,154.365,31.99,83.0,3.09,62.065,99.295,623.6,11.875
max,716.0,187.49,38.99,100.0,8.84,126.18,663.85,1179.69,26.91
