,id,aqi,temperature,humidity,wind_speed,pm2_5,pm10,co,no2
count,1451.0,1451.0,1451.0,1451.0,1451.0,1451.0,1451.0,1451.0,1451.0
mean,633.7829083390765,174.349255685734,24.5123983459683,67.7512060647829,1.730957960027567,108.95452101998622,-13782218292.024097,789.7917160578911,11.04815988973122
std,345.51030187358685,91.81124713159825,7.4785129286028535,17.9375004099846,1.244748186259751,98.91422367347171,371097500597.00836,532.1923708879422,6.542358289712462
min,1.0,2.12,6.99,20.0,0.0,0.51,-9998999486464.0,18.08,0.0
25%,350.5,104.605,18.99,55.0,1.03,37.07,68.38499999999999,399.61,5.845
50%,640.0,158.29,26.99,70.0,2.06,69.91,111.58,632.13,10.8
75%,908.5,198.22,29.99,82.0,2.06,146.95499999999998,231.335,1022.875,15.33
max,1260.0,493.9,38.99,100.0,8.84,491.16,663.85,2839.26,33.91
