,id,aqi,temperature,humidity,wind_speed,pm2_5,pm10,co,no2
count,1361.0,1361.0,1361.0,1361.0,1361.0,1361.0,1361.0,1361.0,1361.0
mean,595.3063923585598,166.3133284349743,25.35590007347539,66.80308596620132,1.761638501102131,100.01652461425422,-14693606736.682302,726.3699926524614,10.568523144746509
std,321.47750954449555,87.46425282156112,6.900324423447848,17.83385798053271,1.254046522656621,93.75953870791834,383162285855.9335,466.815701455633,6.173357553152053
min,1.0,2.12,7.99,20.0,0.0,0.51,-9998999486464.0,18.08,0.0
25%,331.0,101.98,20.99,55.0,1.03,35.94,65.97,384.0,5.62
50%,607.0,156.13,26.99,70.0,2.06,65.45,106.46,609.74,10.31
75%,861.0,186.88,29.99,82.0,2.06,124.99,205.77,907.12,14.94
max,1171.0,493.9,38.99,100.0,8.84,491.16,663.85,2794.89,28.32
