,id,aqi,temperature,humidity,wind_speed,pm2_5,pm10,co,no2
count,743.0,743.0,743.0,743.0,743.0,743.0,743.0,743.0,743.0
mean,347.35531628532976,112.37340511440108,29.92219380888291,72.0686406460296,2.222193808882907,43.07520861372812,-26915207158.203125,461.97158815612386,8.43872139973082
std,188.5060295478023,35.21593193966032,3.3410376400532713,14.736019429779592,1.2107495417936494,20.802331196554356,518423032801.70337,204.67901585647638,5.253675941345337
min,1.0,2.12,19.99,31.0,0.0,0.51,-9998999486464.0,18.08,0.0
25%,188.5,84.47999999999999,27.99,62.0,1.54,28.04,49.21,300.03,4.05
50%,358.0,107.53,29.15,74.0,2.06,38.19,70.89,438.95,7.85
75%,515.5,151.095,31.99,83.0,3.09,55.870000000000005,91.935,608.745,11.95
max,650.0,187.49,38.99,100.0,8.84,126.18,663.85,1179.69,26.91
