,id,aqi,temperature,humidity,wind_speed,pm2_5,pm10,co,no2
count,273.0,273.0,273.0,273.0,273.0,273.0,273.0,273.0,273.0
mean,137.6043956043956,105.48908424908424,30.177252747252744,75.89010989010988,2.4316849816849815,39.032014652014645,71.79846153846154,426.28227106227104,8.698498168498169
std,78.89636898762298,36.10999064699359,2.9109374371651926,10.689587996363443,1.177932237559094,19.374010524253933,49.396196282540394,203.86918464306763,5.448728428377567
min,1.0,2.12,22.99,46.0,0.0,0.51,2.78,18.08,0.0
25%,69.0,75.79,27.99,70.0,2.06,24.21,46.52,266.32,3.99
50%,140.0,101.57,29.99,78.0,2.06,35.86,64.73,371.27,8.03
75%,206.0,139.07,32.99,83.0,3.09,50.99,82.02,597.42,12.11
max,269.0,183.63,38.99,100.0,8.23,118.7,663.85,1168.94,26.91
