,id,aqi,temperature,humidity,wind_speed,pm2_5,pm10,co,no2
count,1151.0,1151.0,1151.0,1151.0,1151.0,1151.0,1151.0,1151.0,1151.0
mean,509.2536924413553,139.1137619461338,27.164622067767162,66.71329278887923,1.8598175499565597,69.83185925282363,-17374455988.441532,583.1254126846221,9.519582971329278
std,271.0783103953336,52.788515640124125,5.6473037976657485,17.436827259775317,1.276920228922254,51.718054223975656,416624663852.631,296.7662621677626,5.511893007088221
min,1.0,2.12,9.99,20.0,0.0,0.51,-9998999486464.0,18.08,0.0
25%,283.5,95.955,23.99,55.0,1.03,33.525000000000006,60.845,350.36,5.09
50%,528.0,151.05,27.99,70.0,2.06,55.6,91.86,556.25,9.29
75%,741.5,167.67000000000002,30.99,79.0,2.06,87.785,139.95999999999998,738.2049999999999,13.36
max,962.0,363.54,38.99,100.0,8.84,313.61,663.85,1714.68,26.91
