,id,aqi,temperature,humidity,wind_speed,pm2_5,pm10,co,no2
count,1291.0,1291.0,1291.0,1291.0,1291.0,1291.0,1291.0,1291.0,1291.0
mean,565.8295894655306,158.97836560805578,25.93499612703331,66.3454686289698,1.7901549186676995,91.92124709527496,-15490316647.159246,687.6295507358636,10.320255615801704
std,303.3614986195761,80.45994936406422,6.557025800234907,17.63220100828299,1.2672101962215891,85.52747260108193,393405136785.04083,438.33090184016805,6.068632939020402
min,1.0,2.12,7.99,20.0,0.0,0.51,-9998999486464.0,18.08,0.0
25%,315.5,99.035,21.99,54.0,1.03,35.07,63.96,374.43,5.44
50%,576.0,154.58,27.47,70.0,2.06,62.71,101.07,593.89,9.93
75%,819.5,179.79500000000002,30.85,79.0,2.06,111.27,184.89499999999998,848.02,14.455
max,1104.0,493.9,38.99,100.0,8.84,491.16,663.85,2794.89,28.32
