,id,aqi,temperature,humidity,wind_speed,pm2_5,pm10,co,no2
count,562.0,562.0,562.0,562.0,562.0,562.0,562.0,562.0,562.0
mean,270.9928825622776,109.02110320284697,29.564946619217082,76.72241992882562,2.3451245551601425,40.6846975088968,67.56087188612099,474.26752669039155,8.971387900355872
std,150.07942027912927,34.8760537421807,3.1353436439115194,11.847869421114515,1.2367927884535297,19.212887163374035,39.94931516243936,215.34889483428873,5.475779584969509
min,1.0,2.12,22.99,46.0,0.0,0.51,2.78,18.08,0.0
25%,144.25,81.32249999999999,26.99,70.0,1.54,26.555,44.2125,299.0725,4.3125
50%,276.5,104.47,28.99,79.0,2.06,36.945,62.644999999999996,458.365,8.184999999999999
75%,400.75,143.7125,31.99,84.0,3.09,52.935,82.815,624.0375,12.5075
max,519.0,187.49,38.99,100.0,8.23,126.18,663.85,1179.69,26.91
