,id,aqi,temperature,humidity,wind_speed,pm2_5,pm10,co,no2
count,256.0,256.0,256.0,256.0,256.0,256.0,256.0,256.0,256.0
mean,129.2890625,106.9415234375,30.103007812500003,76.31640625,2.4280859375,39.7999609375,70.78562500000001,436.3608203125,8.782265625
std,74.32210262583729,36.65133915140899,2.893003313597783,10.557660743159303,1.1614945782615098,19.69853846470664,50.65130903598469,205.3093297740403,5.483363032020711
min,1.0,2.12,22.99,46.0,0.0,0.51,2.78,18.08,0.0
25%,64.75,77.315,27.99,70.0,2.06,24.6425,45.269999999999996,268.935,4.0275
50%,131.5,102.945,29.99,78.0,2.06,36.375,62.55,385.70000000000005,8.045
75%,194.25,140.26,31.99,83.0,3.09,51.8825,78.6925,604.2225,12.175
max,255.0,183.63,38.99,100.0,8.23,118.7,663.85,1168.94,26.91
