,id,aqi,temperature,humidity,wind_speed,pm2_5,pm10,co,no2
count,1233.0,1233.0,1233.0,1233.0,1233.0,1233.0,1233.0,1233.0,1233.0
mean,541.9805352798054,148.3661476074615,26.399562043795623,66.21897810218978,1.8234063260340634,80.14390105433901,-16218977142.577187,640.3325709651257,10.052092457420926
std,289.26343643775334,64.30980015600124,6.2702981274210545,17.604762396005587,1.2713972824662425,66.12333392652236,402544296964.4383,379.5101644716478,5.941767782764808
min,1.0,2.12,7.99,20.0,0.0,0.51,-9998999486464.0,18.08,0.0
25%,302.0,97.83,22.99,54.0,1.03,34.42,62.47,364.9,5.3
50%,557.0,153.12,27.99,70.0,2.06,59.91,95.57,575.8,9.64
75%,784.0,173.31,30.99,79.0,2.06,98.7,161.74,795.97,13.94
max,1041.0,402.62,38.99,100.0,8.84,352.96,663.85,2380.16,28.32
