,id,aqi,temperature,humidity,wind_speed,pm2_5,pm10,co,no2
count,1417.0,1417.0,1417.0,1417.0,1417.0,1417.0,1417.0,1417.0,1417.0
mean,619.1531404375442,172.10925899788285,24.834742413549755,67.52223006351447,1.7397882851093858,106.45987297106562,-14112913726.731941,768.5090543401553,10.853994354269584
std,336.3048663242403,91.26169342196273,7.26095737970564,18.03969159906583,1.2514333974948444,98.18658377383308,375520120871.1086,512.4972598848706,6.375787244620751
min,1.0,2.12,6.99,20.0,0.0,0.51,-9998999486464.0,18.08,0.0
25%,343.0,103.34,19.99,55.0,1.03,36.67,67.33,394.2,5.79
50%,628.0,157.55,26.99,70.0,2.06,68.2,109.98,626.98,10.61
75%,892.0,194.62,29.99,82.0,2.06,139.99,222.99,979.78,15.07
max,1226.0,493.9,38.99,100.0,8.84,491.16,663.85,2839.26,33.91
