,id,aqi,temperature,humidity,wind_speed,pm2_5,pm10,co,no2
count,339.0,339.0,339.0,339.0,339.0,339.0,339.0,339.0,339.0
mean,169.19174041297936,105.2961946902655,30.264690265486724,75.57522123893806,2.3876106194690263,38.7558407079646,76.15061946902655,411.04064896755153,8.80929203539823
std,95.96866070182928,33.90028664901022,2.903171415484458,11.174626776978043,1.144160326987171,18.28175601695057,46.09601080719476,197.40128556964365,5.533488052742829
min,1.0,2.12,22.99,46.0,0.0,0.51,2.78,18.08,0.0
25%,85.5,78.78999999999999,27.99,66.0,2.06,25.53,51.81,248.63,3.89
50%,172.0,101.64,29.99,78.0,2.06,35.86,70.89,366.33,8.07
75%,253.5,131.53,31.99,83.0,3.09,48.275,93.37,562.14,12.52
max,330.0,183.63,38.99,100.0,8.23,118.7,663.85,1168.94,26.91
