,id,aqi,temperature,humidity,wind_speed,pm2_5,pm10,co,no2
count,1033.0,1033.0,1033.0,1033.0,1033.0,1033.0,1033.0,1033.0,1033.0
mean,463.0406582768635,128.34841239109392,28.242652468538243,67.39109390125847,1.958596321393998,57.297376573088094,-19359147021.728745,531.922545982575,9.058121974830591
std,246.89606900057836,41.51103257896182,4.675416464913465,17.20977497566639,1.2577859318094524,33.777677884168135,439755082095.65546,245.48794335162714,5.33811983825657
min,1.0,2.12,12.99,20.0,0.0,0.51,-9998999486464.0,18.08,0.0
25%,258.0,92.11,25.99,55.0,1.03,31.68,57.35,333.75,4.81
50%,480.0,132.79,28.99,70.0,2.06,48.46,83.81,519.15,8.74
75%,675.0,161.49,30.99,82.0,2.38,75.82,119.29,680.07,12.64
max,869.0,242.45,38.99,100.0,8.84,192.33,663.85,1324.55,26.91
