,id,aqi,temperature,humidity,wind_speed,pm2_5,pm10,co,no2
count,320.0,320.0,320.0,320.0,320.0,320.0,320.0,320.0,320.0
mean,160.121875,104.93628125000001,30.340375000000005,75.23125,2.4071249999999997,38.520687499999994,76.51050000000001,410.3721875,8.67975
std,91.01934492226567,33.90715313120478,2.9468094190753336,11.237377105028868,1.1577209194243347,18.116619645034575,47.2318305786671,199.27803912141846,5.551987353521954
min,1.0,2.12,22.99,46.0,0.0,0.51,2.78,18.08,0.0
25%,80.75,78.3425,27.99,66.0,2.06,25.205,51.815,246.3025,3.6500000000000004
50%,162.5,101.765,29.99,78.0,2.06,35.879999999999995,70.685,365.225,7.91
75%,240.25,130.0025,32.99,83.0,3.09,47.78,95.02250000000001,561.9449999999999,12.395
max,312.0,183.63,38.99,100.0,8.23,118.7,663.85,1168.94,26.91
