,id,aqi,temperature,humidity,wind_speed,pm2_5,pm10,co,no2
count,1172.0,1172.0,1172.0,1172.0,1172.0,1172.0,1172.0,1172.0,1172.0
mean,517.5469283276451,140.0988310580205,26.95500853242321,66.62798634812286,1.841433447098976,70.95002559726962,-17063138941.104248,591.135571672355,9.634266211604096
std,275.57061739989723,52.94103075823399,5.834137039499268,17.446411840865082,1.2788439457503407,52.14644334919026,412878455458.70416,302.84373479873454,5.572922310774812
min,1.0,2.12,8.99,20.0,0.0,0.51,-9998999486464.0,18.08,0.0
25%,288.0,96.3175,23.99,55.0,1.03,33.6775,61.275000000000006,356.5175,5.205
50%,534.0,151.59,27.99,70.0,2.06,56.775,92.755,561.03,9.37
75%,749.25,168.8825,30.99,79.0,2.06,90.13499999999999,143.525,750.8199999999999,13.49
max,982.0,363.54,38.99,100.0,8.84,313.61,663.85,1714.68,26.91
