,id,aqi,temperature,humidity,wind_speed,pm2_5,pm10,co,no2
count,721.0,721.0,721.0,721.0,721.0,721.0,721.0,721.0,721.0
mean,338.3037447988904,111.46239944521498,30.00231622746186,72.47572815533981,2.2083079056865467,42.507212205270456,-27736475617.828384,462.08823855755895,8.526532593619972
std,183.98067712507594,34.962903923479296,3.272877478420205,14.525830691618067,1.191007705710762,20.55783868802754,526262117109.3147,205.89526343731364,5.275243034354496
min,1.0,2.12,22.99,31.0,0.0,0.51,-9998999486464.0,18.08,0.0
25%,183.0,84.19,27.99,62.0,1.54,27.91,48.87,299.22,4.09
50%,348.0,106.2,29.99,74.0,2.06,37.66,70.28,438.95,7.94
75%,502.0,148.4,31.99,83.0,3.09,54.79,91.33,608.7,12.01
max,635.0,187.49,38.99,100.0,8.23,126.18,663.85,1179.69,26.91
