,id,aqi,temperature,humidity,wind_speed,pm2_5,pm10,co,no2
count,1439.0,1439.0,1439.0,1439.0,1439.0,1439.0,1439.0,1439.0,1439.0
mean,628.6066712995136,173.3291452397498,24.633502432244615,67.6400277970813,1.7371646977067405,107.84763029881861,-13897149927.38265,780.5690201528838,10.9464489228631
std,342.2447064095187,91.29599442444119,7.388763428235431,17.961509116301194,1.2459280636912207,98.32176309124483,372640529235.7082,521.6301445052325,6.428229561461777
min,1.0,2.12,6.99,20.0,0.0,0.51,-9998999486464.0,18.08,0.0
25%,347.5,104.47,18.99,55.0,1.03,36.945,68.13,397.855,5.825
50%,635.0,157.92,26.99,70.0,2.06,68.98,110.94,630.65,10.72
75%,903.0,197.43,29.99,82.0,2.06,145.425,226.74,1007.9100000000001,15.225000000000001
max,1248.0,493.9,38.99,100.0,8.84,491.16,663.85,2839.26,33.91
