,id,aqi,temperature,humidity,wind_speed,pm2_5,pm10,co,no2
count,1027.0,1027.0,1027.0,1027.0,1027.0,1027.0,1027.0,1027.0,1027.0
mean,460.6796494644596,128.0327263875365,28.30547224926972,67.41187925998052,1.966027263875365,56.9527653359299,-19472248174.138863,530.1693865628042,9.028578383641674
std,245.66945495151265,41.42231154497726,4.604616046282615,17.21333788217255,1.256309763345879,33.558312225750875,441036542075.53265,244.6208462757503,5.317148663227474
min,1.0,2.12,12.99,20.0,0.0,0.51,-9998999486464.0,18.08,0.0
25%,256.5,91.995,25.99,55.0,1.03,31.64,57.245000000000005,332.015,4.8
50%,479.0,131.43,28.99,70.0,2.06,48.02,83.43,518.15,8.7
75%,670.5,161.445,30.99,82.0,2.415,75.725,118.495,678.625,12.615
max,865.0,242.45,38.99,100.0,8.84,192.33,663.85,1324.55,26.91
