,id,aqi,temperature,humidity,wind_speed,pm2_5,pm10,co,no2
count,386.0,386.0,386.0,386.0,386.0,386.0,386.0,386.0,386.0
mean,191.23834196891193,108.27443005181347,30.2519689119171,75.2720207253886,2.3808290155440415,40.259533678756476,73.86979274611399,432.0443264248704,8.949792746113989
std,107.788104691974,34.41807007744818,2.8802459777834115,11.202091389132587,1.197992189028832,18.8866109323312,44.25887809633842,197.8585760881318,5.50473958321483
min,1.0,2.12,22.99,46.0,0.0,0.51,2.78,18.08,0.0
25%,97.25,82.95750000000001,27.99,66.0,1.54,27.384999999999998,49.087500000000006,269.79499999999996,4.05
50%,195.5,103.155,29.99,78.0,2.06,36.620000000000005,67.91,392.725,8.245000000000001
75%,284.75,140.05,31.99,83.0,3.09,51.615,91.72749999999999,597.1775,12.485
max,371.0,187.49,38.99,100.0,8.23,126.18,663.85,1168.94,26.91
