,id,aqi,temperature,humidity,wind_speed,pm2_5,pm10,co,no2
count,630.0,630.0,630.0,630.0,630.0,630.0,630.0,630.0,630.0
mean,300.3031746031746,107.6695873015873,29.829873015873016,75.01428571428572,2.2734285714285716,39.86982539682539,68.8870476190476,458.79114285714286,8.665222222222223
std,164.98944945625237,33.84267896287553,3.234410129663533,12.903017937890304,1.2144294062020213,18.527630845279184,38.425623938374414,211.37669413963513,5.407720077539634
min,1.0,2.12,22.99,34.0,0.0,0.51,2.78,18.08,0.0
25%,160.25,80.5625,27.99,66.0,1.54,26.33,45.8275,292.735,4.0675
50%,307.5,102.41499999999999,28.99,78.0,2.06,36.13,64.895,428.515,7.984999999999999
75%,445.0,139.23,31.99,83.75,3.09,51.175,85.60249999999999,608.6325,12.105
max,565.0,187.49,38.99,100.0,8.23,126.18,663.85,1179.69,26.91
