,id,aqi,temperature,humidity,wind_speed,pm2_5,pm10,co,no2
count,286.0,286.0,286.0,286.0,286.0,286.0,286.0,286.0,286.0
mean,143.85664335664336,105.30898601398601,30.252657342657336,75.57342657342657,2.434545454545455,38.869055944055944,73.46618881118881,420.7195454545455,8.658986013986015
std,82.24962267022971,35.469104114532165,2.9215767074668033,10.814213850292251,1.1856597703005238,19.00477796296028,48.93784439311694,202.28196635147864,5.462312024448557
min,1.0,2.12,22.99,46.0,0.0,0.51,2.78,18.08,0.0
25%,72.25,77.1275,27.99,67.0,2.06,24.5975,48.239999999999995,264.84000000000003,3.9625
50%,145.5,101.72999999999999,29.99,78.0,2.06,35.879999999999995,65.87,368.31,7.91
75%,214.75,136.26999999999998,32.99,83.0,3.09,50.4975,87.705,579.1725,12.125
max,281.0,183.63,38.99,100.0,8.23,118.7,663.85,1168.94,26.91
