,id,aqi,temperature,humidity,wind_speed,pm2_5,pm10,co,no2
count,424.0,424.0,424.0,424.0,424.0,424.0,424.0,424.0,424.0
mean,208.79009433962264,108.55353773584905,30.00443396226415,75.99764150943396,2.3677594339622643,40.35117924528302,71.78228773584907,447.0688443396227,9.189952830188679
std,117.12701798202768,34.258262191085855,3.03147065564789,11.423193779609091,1.2066386222420546,18.83219734290509,43.469017609292855,200.1325705527734,5.575343261184845
min,1.0,2.12,22.99,46.0,0.0,0.51,2.78,18.08,0.0
25%,106.75,82.6275,27.99,66.0,1.54,27.3525,45.862500000000004,279.7275,4.3275
50%,212.5,103.76,29.99,79.0,2.06,36.84,66.19,424.47,8.545
75%,310.25,140.26,31.99,84.0,3.09,51.765,89.5025,601.395,12.735
max,403.0,187.49,38.99,100.0,8.23,126.18,663.85,1168.94,26.91
