,id,aqi,temperature,humidity,wind_speed,pm2_5,pm10,co,no2
count,1327.0,1327.0,1327.0,1327.0,1327.0,1327.0,1327.0,1327.0,1327.0
mean,580.93142426526,165.13024114544086,25.60340617935192,66.91107761868876,1.7749585531273548,98.69474001507157,-15070081971.593475,713.618274302939,10.427061039939712
std,312.59794092314127,87.95355414118002,6.779916498419614,17.811936681765058,1.2580222132098577,94.14632805312353,388036214878.3993,463.04871619821125,6.085443474066632
min,1.0,2.12,7.99,20.0,0.0,0.51,-9998999486464.0,18.08,0.0
25%,324.5,101.53,20.99,55.0,1.03,35.73,65.28,378.76,5.545
50%,592.0,155.17,26.99,70.0,2.06,63.87,103.35,603.51,10.12
75%,840.5,184.45,29.99,82.0,2.06,120.285,198.575,884.515,14.6
max,1140.0,493.9,38.99,100.0,8.84,491.16,663.85,2794.89,28.32
