,id,aqi,temperature,humidity,wind_speed,pm2_5,pm10,co,no2
count,610.0,610.0,610.0,610.0,610.0,610.0,610.0,610.0,610.0
mean,291.7983606557377,107.60426229508198,29.77052459016394,75.49508196721311,2.2905737704918034,39.90037704918032,68.2150655737705,461.9900655737705,8.743360655737705
std,160.7261753591617,34.21058541178158,3.209181315560576,12.576105607829485,1.2207071486744232,18.771820809603067,38.790071445806,212.8307462995867,5.42715776413469
min,1.0,2.12,22.99,37.0,0.0,0.51,2.78,18.08,0.0
25%,155.25,79.59,27.99,66.0,1.54,25.7225,45.355,294.22,4.165
50%,298.5,102.22,28.99,78.0,2.06,36.010000000000005,63.555,429.985,8.015
75%,433.75,139.965,31.99,84.0,3.09,51.36,84.67,614.9425,12.265
max,554.0,187.49,38.99,100.0,8.23,126.18,663.85,1179.69,26.91
