,id,aqi,temperature,humidity,wind_speed,pm2_5,pm10,co,no2
count,1302.0,1302.0,1302.0,1302.0,1302.0,1302.0,1302.0,1302.0,1302.0
mean,570.4270353302611,161.1349539170507,25.83945468509985,66.45007680491551,1.7829339477726576,94.31519969278034,-15359446072.226551,696.4762749615976,10.383609831029185
std,306.1580409154461,83.51009745566093,6.618889368626519,17.6297268124224,1.2656835299921527,89.10829672565993,391741046953.6454,447.528285716039,6.1048358771303635
min,1.0,2.12,7.99,20.0,0.0,0.51,-9998999486464.0,18.08,0.0
25%,318.25,99.81,21.99,54.0,1.03,35.375,64.48,376.11249999999995,5.4799999999999995
50%,581.5,154.825,26.99,70.0,2.06,63.004999999999995,101.52,596.165,10.01
75%,825.75,180.495,30.2775,81.0,2.06,112.625,187.3575,853.6025,14.5475
max,1115.0,493.9,38.99,100.0,8.84,491.16,663.85,2794.89,28.32
