,id,aqi,temperature,humidity,wind_speed,pm2_5,pm10,co,no2
count,1130.0,1130.0,1130.0,1130.0,1130.0,1130.0,1130.0,1130.0,1130.0
mean,501.0212389380531,137.7020088495575,27.373176991150444,66.84424778761061,1.87341592920354,68.22117699115044,-17697344112.51658,574.4309646017699,9.447318584070796
std,266.70538459186974,51.923080125560176,5.452348669908025,17.347247738007557,1.2760628576807005,50.31283181899263,420474730642.0011,288.21188325266905,5.4859768224506436
min,1.0,2.12,9.99,20.0,0.0,0.51,-9998999486464.0,18.08,0.0
25%,278.25,95.1825,24.99,55.0,1.03,33.21,60.6275,348.0325,5.0725
50%,520.5,148.45,27.99,70.0,2.06,54.849999999999994,90.06,551.5350000000001,9.215
75%,729.75,166.4075,30.99,79.0,2.06,85.3425,137.4175,728.17,13.26
max,943.0,363.54,38.99,100.0,8.84,313.61,663.85,1714.68,26.91
