,id,aqi,temperature,humidity,wind_speed,pm2_5,pm10,co,no2
count,606.0,606.0,606.0,606.0,606.0,606.0,606.0,606.0,606.0
mean,290.07755775577556,107.55797029702971,29.770726072607257,75.55115511551155,2.29549504950495,39.89292079207921,68.02470297029703,462.33244224422435,8.741369636963697
std,159.84795128049356,34.31737869748919,3.218552284924105,12.589377274158798,1.2225076527909657,18.83314391270589,38.8461738651468,213.45933079499494,5.440615844334355
min,1.0,2.12,22.99,37.0,0.0,0.51,2.78,18.08,0.0
25%,154.25,79.55000000000001,27.99,66.0,1.54,25.695,45.24,292.735,4.13
50%,297.0,102.12,28.99,78.0,2.06,35.980000000000004,63.245000000000005,431.03499999999997,8.015
75%,431.75,140.05,31.99,84.0,3.09,51.5175,83.4025,616.6949999999999,12.265
max,550.0,187.49,38.99,100.0,8.23,126.18,663.85,1179.69,26.91
