,id,aqi,temperature,humidity,wind_speed,pm2_5,pm10,co,no2
count,414.0,414.0,414.0,414.0,414.0,414.0,414.0,414.0,414.0
mean,204.19806763285024,109.0485265700483,30.123140096618357,75.58454106280193,2.3789371980676326,40.6180193236715,72.74461352657003,442.83509661835745,9.07099033816425
std,114.69316639436032,34.33705605326207,2.961022465034131,11.231499834384843,1.2136734429287723,18.912400826607396,43.511005618104285,199.38458884800372,5.523058881115136
min,1.0,2.12,22.99,46.0,0.0,0.51,2.78,18.08,0.0
25%,104.25,83.2325,27.99,66.0,1.54,27.509999999999998,47.365,278.365,4.2425
50%,207.5,104.47,29.99,78.0,2.06,36.945,66.765,410.565,8.4
75%,303.75,141.9725,31.99,83.0,3.09,52.2675,90.50999999999999,600.5725,12.66
max,394.0,187.49,38.99,100.0,8.23,126.18,663.85,1168.94,26.91
