,id,aqi,temperature,humidity,wind_speed,pm2_5,pm10,co,no2
count,664.0,664.0,664.0,664.0,664.0,664.0,664.0,664.0,664.0
mean,314.5301204819277,107.33301204819277,29.904623493975908,73.87951807228916,2.2489307228915663,39.64350903614457,69.86069277108433,454.52201807228914,8.6230421686747
std,172.00259301068323,33.07104400677722,3.2578061041408257,13.768631224656207,1.2070377716633813,18.09738250633533,37.806584271799025,208.77194214427013,5.37857829326124
min,1.0,2.12,22.99,32.0,0.0,0.51,2.78,18.08,0.0
25%,168.75,81.73750000000001,27.99,66.0,1.54,26.7475,46.8675,291.76,4.045
50%,324.5,102.185,28.99,78.0,2.06,35.995000000000005,66.41499999999999,425.75,7.984999999999999
75%,466.0,134.21499999999997,31.99,83.0,3.09,49.1175,85.8275,602.505,12.13
max,592.0,187.49,38.99,100.0,8.23,126.18,663.85,1179.69,26.91
