,id,aqi,temperature,humidity,wind_speed,pm2_5,pm10,co,no2
count,797.0,797.0,797.0,797.0,797.0,797.0,797.0,797.0,797.0
mean,369.32622333751567,114.87659974905897,29.67129234629862,70.7590966122961,2.1696486825595986,44.63752823086575,-25091592110.439003,467.6166875784191,8.485909661229611
std,199.46337298670016,36.07942517156005,3.505388631577978,15.646123773401966,1.231186308268262,21.49849776891092,500575296959.14905,203.61868362499274,5.186688710610401
min,1.0,2.12,19.99,27.0,0.0,0.51,-9998999486464.0,18.08,0.0
25%,202.0,85.7,26.99,61.0,1.03,28.65,50.85,307.25,4.16
50%,382.0,109.84,28.99,74.0,2.06,39.15,73.28,450.41,7.95
75%,544.0,152.91,31.99,83.0,3.09,59.61,95.98,617.48,11.95
max,695.0,187.49,38.99,100.0,8.84,126.18,663.85,1179.69,26.91
