,id,aqi,temperature,humidity,wind_speed,pm2_5,pm10,co,no2
count,573.0,573.0,573.0,573.0,573.0,573.0,573.0,573.0,573.0
mean,275.82722513089004,108.54249563699825,29.62546247818499,76.3979057591623,2.336928446771379,40.432268760907505,67.65123909249564,470.36614310645734,8.878429319371728
std,152.60053372731062,34.79452731893796,3.1695213737309316,12.102944036380013,1.2281770518721276,19.143296259967144,39.690552852029256,215.4591723594163,5.482458643109368
min,1.0,2.12,22.99,37.0,0.0,0.51,2.78,18.08,0.0
25%,146.0,79.81,26.99,66.0,1.54,26.1,44.51,296.07,4.24
50%,282.0,103.34,28.99,79.0,2.06,36.67,62.63,448.95,8.13
75%,408.0,142.49,31.99,84.0,3.09,52.43,83.0,621.89,12.42
max,526.0,187.49,38.99,100.0,8.23,126.18,663.85,1179.69,26.91
