,id,aqi,temperature,humidity,wind_speed,pm2_5,pm10,co,no2
count,350.0,350.0,350.0,350.0,350.0,350.0,350.0,350.0,350.0
mean,174.39142857142858,106.41648571428573,30.30748571428571,75.38857142857142,2.386085714285714,39.48782857142857,75.99637142857142,416.7792285714285,8.740371428571429
std,98.7701359440207,34.348108066224285,2.9000053292257,11.278342748175067,1.1522017510633715,19.01664821443312,45.64923742656265,197.79904354035105,5.4781612929014605
min,1.0,2.12,22.99,46.0,0.0,0.51,2.78,18.08,0.0
25%,88.25,80.93,27.99,66.0,2.06,26.39,51.805,261.995,3.9225000000000003
50%,177.5,102.245,29.99,78.0,2.06,36.040000000000006,70.825,370.025,8.045
75%,260.75,133.4225,32.99,83.0,3.09,48.8875,92.9625,570.48,12.3325
max,338.0,187.49,38.99,100.0,8.23,126.18,663.85,1168.94,26.91
