,id,aqi,temperature,humidity,wind_speed,pm2_5,pm10,co,no2
count,978.0,978.0,978.0,978.0,978.0,978.0,978.0,978.0,978.0
mean,441.37423312883436,124.82072597137014,28.735388548057262,68.14621676891616,2.0124028629856854,53.276717791411045,-20447851621.690563,514.0616973415133,8.815705521472394
std,235.70082139530732,39.56902586320658,4.171058679033708,16.840515403645906,1.2498552846719082,29.24450552746038,451938920052.4794,232.8488827166175,5.213967498550095
min,1.0,2.12,14.99,20.0,0.0,0.51,-9998999486464.0,18.08,0.0
25%,245.25,90.58,26.99,56.0,1.03,30.9525,56.4,326.205,4.657500000000001
50%,457.5,124.42,28.99,70.0,2.06,45.045,80.975,499.48,8.385000000000002
75%,644.75,159.1625,31.99,83.0,2.57,71.3575,113.625,660.9200000000001,12.27
max,827.0,232.49,38.99,100.0,8.84,182.28,663.85,1324.55,26.91
