,id,aqi,temperature,humidity,wind_speed,pm2_5,pm10,co,no2
count,465.0,465.0,465.0,465.0,465.0,465.0,465.0,465.0,465.0
mean,227.59569892473118,109.9469247311828,29.80531182795699,76.77849462365592,2.347204301075269,41.2698064516129,70.31247311827957,478.57038709677414,9.536451612903228
std,127.20804971579183,34.657453958359206,3.0645071817141996,11.587391422159579,1.197005932193153,19.47433280266644,42.440772997443204,220.61042650182097,5.633267763987315
min,1.0,2.12,22.99,46.0,0.0,0.51,2.78,18.08,0.0
25%,119.0,83.47,27.99,70.0,1.54,27.59,44.75,296.86,4.93
50%,233.0,105.78,28.99,79.0,2.06,37.51,64.94,464.94,9.03
75%,338.0,144.39,31.99,84.0,3.09,53.13,87.7,629.09,13.49
max,439.0,187.49,38.99,100.0,8.23,126.18,663.85,1179.69,26.91
