,id,aqi,temperature,humidity,wind_speed,pm2_5,pm10,co,no2
count,474.0,474.0,474.0,474.0,474.0,474.0,474.0,474.0,474.0
mean,231.68354430379748,110.00921940928271,29.709662447257386,76.97679324894514,2.3743037974683547,41.300569620253164,69.86265822784809,483.620358649789,9.574915611814346
std,129.3803456915274,34.57619987052715,3.118901167830868,11.590324090722751,1.2308982095309764,19.439569111571306,42.2368510795181,221.75714192940856,5.598386215416462
min,1.0,2.12,22.99,46.0,0.0,0.51,2.78,18.08,0.0
25%,121.25,83.4975,27.99,70.0,1.54,27.6025,44.5125,299.72,5.2125
50%,237.5,105.765,28.99,79.0,2.06,37.474999999999994,64.715,474.52,9.114999999999998
75%,343.0,144.29,31.99,84.0,3.09,53.1275,86.7475,635.0,13.49
max,446.0,187.49,38.99,100.0,8.23,126.18,663.85,1179.69,26.91
