,id,aqi,temperature,humidity,wind_speed,pm2_5,pm10,co,no2
count,399.0,399.0,399.0,399.0,399.0,399.0,399.0,399.0,399.0
mean,197.28320802005013,109.49593984962405,30.291052631578946,75.1453634085213,2.3600501253132835,40.887443609022554,74.0783709273183,437.01095238095235,8.992756892230576
std,111.0262429647544,34.70498899817153,2.8686563651723906,11.173997197629305,1.1935387177833714,19.147397306140565,43.74071858594496,198.7679713656082,5.549911441055991
min,1.0,2.12,22.99,46.0,0.0,0.51,2.78,18.08,0.0
25%,100.5,83.43,27.99,66.0,1.54,27.564999999999998,49.285,274.26,4.07
50%,202.0,105.11,29.99,78.0,2.06,37.29,68.73,395.47,8.25
75%,293.5,143.79500000000002,32.49,83.0,3.09,53.045,91.595,600.125,12.524999999999999
max,382.0,187.49,38.99,100.0,8.23,126.18,663.85,1168.94,26.91
