,id,aqi,temperature,humidity,wind_speed,pm2_5,pm10,co,no2
count,1447.0,1447.0,1447.0,1447.0,1447.0,1447.0,1447.0,1447.0,1447.0
mean,632.0559778852798,173.99654457498272,24.55323427781617,67.71734623358672,1.7350310988251556,108.57758811333795,-13820317030.397074,786.7981133379407,11.004906703524535
std,344.4198305642201,91.60133916076909,7.447918181916521,17.949125018829985,1.2438293539259297,98.68013529648078,371609711733.66943,528.983176523,6.491483033909369
min,1.0,2.12,6.99,20.0,0.0,0.51,-9998999486464.0,18.08,0.0
25%,349.5,104.59,18.99,55.0,1.03,36.965,68.3,399.195,5.835
50%,638.0,158.2,26.99,70.0,2.06,69.52,111.44,632.13,10.77
75%,907.0,198.065,29.99,82.0,2.06,146.655,230.485,1018.6400000000001,15.295
max,1256.0,493.9,38.99,100.0,8.84,491.16,663.85,2839.26,33.91
