,id,aqi,temperature,humidity,wind_speed,pm2_5,pm10,co,no2
count,1434.0,1434.0,1434.0,1434.0,1434.0,1434.0,1434.0,1434.0,1434.0
mean,626.4539748953974,172.99509065550907,24.679679218967923,67.6094839609484,1.738193863319386,107.4670641562064,-13945605820.674591,776.83239888424,10.924407252440725
std,340.88927817360525,91.24109479030432,7.358846680076967,17.98063063883922,1.2476216094893344,98.23992650385927,373289162981.6003,517.6571525120927,6.41348468978684
min,1.0,2.12,6.99,20.0,0.0,0.51,-9998999486464.0,18.08,0.0
25%,346.25,104.255,19.24,55.0,1.03,36.9,68.00750000000001,397.0925,5.8225
50%,633.5,157.84,26.99,70.0,2.06,68.795,110.72,629.385,10.68
75%,901.0,196.965,29.99,82.0,2.06,144.525,224.65249999999997,1001.9000000000001,15.200000000000001
max,1243.0,493.9,38.99,100.0,8.84,491.16,663.85,2839.26,33.91
