,id,aqi,temperature,humidity,wind_speed,pm2_5,pm10,co,no2
count,1436.0,1436.0,1436.0,1436.0,1436.0,1436.0,1436.0,1436.0,1436.0
mean,627.3147632311977,173.12786211699162,24.658523676880222,67.62813370473538,1.737924791086351,107.62161559888578,-13926182970.980026,778.4201392757659,10.939122562674095
std,341.4310728538311,91.24742722328547,7.3755420692629015,17.975039282610176,1.246920950884342,98.25926160584203,373029303265.5577,519.0448519122081,6.421189415932341
min,1.0,2.12,6.99,20.0,0.0,0.51,-9998999486464.0,18.08,0.0
25%,346.75,104.36500000000001,18.99,55.0,1.03,36.92,68.0625,397.4975,5.827500000000001
50%,634.0,157.865,26.99,70.0,2.06,68.86500000000001,110.78999999999999,629.675,10.71
75%,902.0,197.3225,29.99,82.0,2.06,145.215,226.3625,1006.0350000000001,15.2125
max,1245.0,493.9,38.99,100.0,8.84,491.16,663.85,2839.26,33.91
