,id,aqi,temperature,humidity,wind_speed,pm2_5,pm10,co,no2
count,1411.0,1411.0,1411.0,1411.0,1411.0,1411.0,1411.0,1411.0,1411.0
mean,616.5832742735648,171.7878313253012,24.886520198440824,67.47838412473423,1.7437207654145994,106.11216158752659,-14172926117.73351,764.6248476257972,10.838320340184268
std,334.69602697346846,91.2436018934982,7.228038118709234,18.00035639355223,1.25194503028375,98.14044884288582,376317120778.93335,508.14385368324423,6.368933270692137
min,1.0,2.12,6.99,20.0,0.0,0.51,-9998999486464.0,18.08,0.0
25%,341.5,103.275,19.99,55.0,1.03,36.445,67.15,391.84000000000003,5.765000000000001
50%,625.0,157.23,26.99,70.0,2.06,67.63,109.19,624.67,10.6
75%,888.5,193.95,29.99,82.0,2.06,138.68,222.175,965.85,15.07
max,1220.0,493.9,38.99,100.0,8.84,491.16,663.85,2839.26,33.91
