,id,aqi,temperature,humidity,wind_speed,pm2_5,pm10,co,no2
count,956.0,956.0,956.0,956.0,956.0,956.0,956.0,956.0,956.0
mean,432.70188284518827,124.03609832635985,28.918859832635988,68.63179916317992,2.0220815899581592,52.72303347280335,-20918408879.66828,506.87300209205017,8.684267782426778
std,231.27270917019672,39.58377544233061,3.983361370576965,16.528015033515185,1.2539314332966562,29.139309664982765,457104081704.68005,227.9060627058842,5.099892287893224
min,1.0,2.12,16.99,27.0,0.0,0.51,-9998999486464.0,18.08,0.0
25%,239.75,90.10249999999999,26.99,57.75,1.03,30.7775,55.3675,323.145,4.6000000000000005
50%,449.5,122.435,28.99,70.0,2.06,44.245000000000005,79.96,493.64,8.265
75%,633.25,158.56,31.99,83.0,2.57,70.2675,112.07249999999999,652.5675000000001,12.032499999999999
max,808.0,232.49,38.99,100.0,8.84,182.28,663.85,1324.55,26.91
