,id,aqi,temperature,humidity,wind_speed,pm2_5,pm10,co,no2
count,1061.0,1061.0,1061.0,1061.0,1061.0,1061.0,1061.0,1061.0,1061.0
mean,474.0688030160226,130.48231856738926,27.990933081998115,67.11969839773798,1.924382657869934,59.80843543826579,-18848255293.429985,542.5785673892555,9.200933081998114
std,252.66492461282317,43.18576984024536,4.913109396284331,17.323334636490117,1.268034700079074,37.086368794747564,433919232194.7871,254.17954359598392,5.406954167904481
min,1.0,2.12,11.99,20.0,0.0,0.51,-9998999486464.0,18.08,0.0
25%,264.0,93.48,24.99,55.0,1.03,32.33,58.11,338.12,4.85
50%,493.0,139.26,27.99,70.0,2.06,51.22,85.74,526.27,8.88
75%,694.0,162.7,30.99,82.0,2.2,78.16,123.83,690.74,12.86
max,891.0,251.45,38.99,100.0,8.84,201.41,663.85,1324.55,26.91
