,id,aqi,temperature,humidity,wind_speed,pm2_5,pm10,co,no2
count,430.0,430.0,430.0,430.0,430.0,430.0,430.0,430.0,430.0
mean,211.53953488372093,108.84806976744186,29.98562790697674,76.07674418604651,2.3646511627906976,40.6133023255814,71.66544186046511,452.2423255813954,9.242906976744186
std,118.58472749131214,34.3970496071021,3.027215935162292,11.420186952394728,1.199708295619841,19.12145359721964,43.31496815060841,203.72992045994707,5.573386282443661
min,1.0,2.12,22.99,46.0,0.0,0.51,2.78,18.08,0.0
25%,108.25,83.1425,27.99,66.0,1.54,27.424999999999997,45.72,285.085,4.445
50%,215.5,103.76,29.99,79.0,2.06,36.84,66.19,429.82,8.68
75%,314.75,141.37,31.99,84.0,3.09,52.14,89.5275,606.9749999999999,12.8675
max,408.0,187.49,38.99,100.0,8.23,126.18,663.85,1168.94,26.91
