,id,aqi,temperature,humidity,wind_speed,pm2_5,pm10,co,no2
count,1424.0,1424.0,1424.0,1424.0,1424.0,1424.0,1424.0,1424.0,1424.0
mean,622.1558988764045,172.49093398876403,24.77019662921349,67.54213483146067,1.739192415730337,106.88617977528091,-14043538447.441126,771.9211657303371,10.867851123595505
std,338.18798012633766,91.26155300003816,7.303384651529497,18.019265708961903,1.2500855265970854,98.22027257750236,374596657104.5724,514.6948977491271,6.3747481685581615
min,1.0,2.12,6.99,20.0,0.0,0.51,-9998999486464.0,18.08,0.0
25%,343.75,104.0675,19.99,55.0,1.03,36.785,67.4375,395.045,5.79
50%,630.0,157.585,26.99,70.0,2.06,68.345,110.375,627.26,10.63
75%,896.25,195.8425,29.99,82.0,2.06,142.345,223.53,988.015,15.0925
max,1233.0,493.9,38.99,100.0,8.84,491.16,663.85,2839.26,33.91
