,id,aqi,temperature,humidity,wind_speed,pm2_5,pm10,co,no2
count,1232.0,1232.0,1232.0,1232.0,1232.0,1232.0,1232.0,1232.0,1232.0
mean,541.575487012987,148.21169642857143,26.409634740259744,66.21834415584415,1.824050324675325,79.97478896103897,-16232141897.1497,639.6701948051948,10.038814935064934
std,289.0308843986003,64.10672935774821,6.262856900177298,17.611897458981204,1.2717123839108664,65.88289629582064,402707501201.66486,378.9505998961068,5.925853410541061
min,1.0,2.12,7.99,20.0,0.0,0.51,-9998999486464.0,18.08,0.0
25%,301.75,97.78999999999999,22.99,53.75,1.03,34.4075,62.455,364.7775,5.295
50%,557.0,153.035,27.99,70.0,2.06,59.76,95.56,575.69,9.625
75%,783.25,173.3025,30.99,79.0,2.06,98.685,161.14,795.265,13.94
max,1040.0,402.62,38.99,100.0,8.84,352.96,663.85,2380.16,28.32
