,id,aqi,temperature,humidity,wind_speed,pm2_5,pm10,co,no2
count,440.0,440.0,440.0,440.0,440.0,440.0,440.0,440.0,440.0
mean,216.12954545454545,110.05602272727275,29.99027272727273,76.04318181818182,2.3483636363636364,41.4356590909091,71.96070454545455,462.83786363636364,9.32565909090909
std,121.03799000664982,34.92888594288869,3.0137799570179054,11.361945390857006,1.1932087840438155,19.74722250928278,42.9165313015368,215.10976929040834,5.616161394840894
min,1.0,2.12,22.99,46.0,0.0,0.51,2.78,18.08,0.0
25%,110.75,83.45,27.99,66.0,1.54,27.5775,46.2475,290.1925,4.7225
50%,220.5,105.25999999999999,29.99,79.0,2.06,37.36,66.34,437.195,8.79
75%,322.25,144.71,31.99,84.0,3.09,53.427499999999995,89.7525,609.0274999999999,13.225000000000001
max,418.0,187.49,38.99,100.0,8.23,126.18,663.85,1179.69,26.91
