,id,aqi,temperature,humidity,wind_speed,pm2_5,pm10,co,no2
count,506.0,506.0,506.0,506.0,506.0,506.0,506.0,506.0,506.0
mean,246.0671936758893,111.5697233201581,29.547549407114627,77.2411067193676,2.3553754940711467,42.030138339920946,69.26996047430829,488.729604743083,9.399328063241105
std,136.9421191267348,34.80436758643395,3.166133901731372,11.637136269500544,1.219383206083903,19.40120136579871,41.0813480502064,218.07170204933732,5.506619018322719
min,1.0,2.12,22.99,46.0,0.0,0.51,2.78,18.08,0.0
25%,130.25,84.35499999999999,26.99,70.0,1.54,27.98,44.8225,311.9725,4.9425
50%,252.5,108.215,28.99,79.0,2.06,38.615,64.13,480.19,8.935
75%,365.0,146.22500000000002,31.99,84.0,3.09,53.985,85.7775,636.445,13.1925
max,473.0,187.49,38.99,100.0,8.23,126.18,663.85,1179.69,26.91
