,id,aqi,temperature,humidity,wind_speed,pm2_5,pm10,co,no2
count,290.0,290.0,290.0,290.0,290.0,290.0,290.0,290.0,290.0
mean,145.78275862068966,105.33224137931035,30.218000000000004,75.7,2.4293793103448276,38.857,73.7563448275862,421.36606896551723,8.750241379310344
std,83.2920262655586,35.227757459862204,2.9177327074715294,10.814078354508046,1.1782388010224483,18.87429678701043,48.660321313473766,201.0691807998891,5.483258408912046
min,1.0,2.12,22.99,46.0,0.0,0.51,2.78,18.08,0.0
25%,73.25,77.285,27.99,70.0,2.06,24.6275,48.485,265.25,3.975
50%,147.5,101.935,29.99,78.0,2.06,35.96,66.28999999999999,370.025,8.045
75%,217.75,134.365,32.99,83.0,3.09,49.8225,89.41999999999999,570.48,12.355
max,285.0,183.63,38.99,100.0,8.23,118.7,663.85,1168.94,26.91
