,id,aqi,temperature,humidity,wind_speed,pm2_5,pm10,co,no2
count,1297.0,1297.0,1297.0,1297.0,1297.0,1297.0,1297.0,1297.0,1297.0
mean,568.3353893600616,160.2162760215883,25.8812798766384,66.38473400154201,1.7846491904394757,93.31769468003084,-15418657508.435373,692.6510562837317,10.340732459521973
std,304.8839729540066,82.3374991388443,6.594493170944943,17.615207588172392,1.2675626903256478,87.80343075484173,392494828902.0467,443.99406416085304,6.072146995833929
min,1.0,2.12,7.99,20.0,0.0,0.51,-9998999486464.0,18.08,0.0
25%,317.0,99.52,21.99,54.0,1.03,35.31,64.31,374.86,5.44
50%,579.0,154.74,26.99,70.0,2.06,62.84,101.35,595.48,9.99
75%,823.0,180.09,30.79,79.0,2.06,111.83,185.89,850.98,14.49
max,1110.0,493.9,38.99,100.0,8.84,491.16,663.85,2794.89,28.32
