,id,aqi,temperature,humidity,wind_speed,pm2_5,pm10,co,no2
count,1431.0,1431.0,1431.0,1431.0,1431.0,1431.0,1431.0,1431.0,1431.0
mean,625.1635220125786,172.91211740041928,24.706282320055905,67.58350803633823,1.7389587700908455,107.36382250174704,-13974841892.005041,775.5509154437456,10.900621942697414
std,340.0775371644098,91.3105518748808,7.3434531149662945,17.99004718601386,1.248619531027743,98.30495825052266,373679972825.5219,517.1596308241744,6.392991669011438
min,1.0,2.12,6.99,20.0,0.0,0.51,-9998999486464.0,18.08,0.0
25%,345.5,104.19,19.99,55.0,1.03,36.845,67.92,396.18,5.805
50%,632.0,157.8,26.99,70.0,2.06,68.72,110.58,629.09,10.65
75%,900.0,196.54500000000002,29.99,82.0,2.06,143.70999999999998,224.605,999.28,15.165
max,1240.0,493.9,38.99,100.0,8.84,491.16,663.85,2839.26,33.91
