,id,aqi,temperature,humidity,wind_speed,pm2_5,pm10,co,no2
count,1325.0,1325.0,1325.0,1325.0,1325.0,1325.0,1325.0,1325.0,1325.0
mean,580.0883018867925,165.05008301886792,25.623954716981135,66.87018867924529,1.7760830188679244,98.59723773584905,-15092829265.4243,712.1666867924529,10.419803773584906
std,312.0786327395671,87.98843921285312,6.764231270493888,17.792689876205863,1.258638540239323,94.17463805738926,388328740611.6967,461.84585851974373,6.087017333792395
min,1.0,2.12,7.99,20.0,0.0,0.51,-9998999486464.0,18.08,0.0
25%,324.0,101.49,21.06,55.0,1.03,35.73,65.26,378.69,5.54
50%,591.0,155.14,26.99,70.0,2.06,63.58,102.81,602.52,10.1
75%,839.0,184.13,29.99,82.0,2.06,119.66,198.57,883.84,14.6
max,1138.0,493.9,38.99,100.0,8.84,491.16,663.85,2794.89,28.32
