,id,aqi,temperature,humidity,wind_speed,pm2_5,pm10,co,no2
count,277.0,277.0,277.0,277.0,277.0,277.0,277.0,277.0,277.0
mean,139.53429602888087,105.19075812274367,30.203429602888082,75.81949458483754,2.4170036101083032,38.87324909747292,72.14169675090253,423.5551263537906,8.658736462093863
std,79.93468629539953,35.959865698996076,2.910352487415323,10.715182025079486,1.176782664043245,19.288551052994038,49.13653750278685,203.6845854476661,5.430826350286188
min,1.0,2.12,22.99,46.0,0.0,0.51,2.78,18.08,0.0
25%,70.0,75.79,27.99,70.0,2.06,24.21,46.56,264.93,3.99
50%,142.0,101.17,29.99,78.0,2.06,35.73,64.94,368.74,7.93
75%,208.0,138.28,32.99,83.0,3.09,50.96,83.38,596.45,12.01
max,272.0,183.63,38.99,100.0,8.23,118.7,663.85,1168.94,26.91
