,id,aqi,temperature,humidity,wind_speed,pm2_5,pm10,co,no2
count,960.0,960.0,960.0,960.0,960.0,960.0,960.0,960.0,960.0
mean,434.2760416666667,124.05368750000001,28.87019791666667,68.59791666666666,2.0190208333333333,52.69739583333333,-20831248842.348717,507.94320833333336,8.711
std,232.0707432525338,39.51113354460241,4.047322402041192,16.51247816578511,1.2525401425669935,29.083210000816603,456151784657.1444,228.0344412092172,5.108613699544947
min,1.0,2.12,14.99,27.0,0.0,0.51,-9998999486464.0,18.08,0.0
25%,240.75,90.2825,26.99,57.0,1.03,30.822499999999998,55.455,324.2075,4.625
50%,451.0,122.435,28.99,70.0,2.06,44.245000000000005,79.94,495.935,8.29
75%,635.0,158.55,31.99,83.0,2.57,70.1475,111.98,655.6825,12.0825
max,812.0,232.49,38.99,100.0,8.84,182.28,663.85,1324.55,26.91
