,id,aqi,temperature,humidity,wind_speed,pm2_5,pm10,co,no2
count,472.0,472.0,472.0,472.0,472.0,472.0,472.0,472.0,472.0
mean,230.77754237288136,110.05699152542373,29.738135593220342,76.90466101694915,2.3756355932203395,41.329343220338984,69.99141949152542,483.0151483050847,9.579088983050847
std,128.90073899591292,34.64008748536237,3.094560037301413,11.561587118563487,1.2315103954847106,19.475242223208685,42.279718842126904,222.0313417117354,5.609736097479125
min,1.0,2.12,22.99,46.0,0.0,0.51,2.78,18.08,0.0
25%,120.75,83.45,27.99,70.0,1.54,27.5775,44.557500000000005,299.2975,5.1525
50%,236.5,105.86500000000001,28.99,79.0,2.06,37.515,64.78999999999999,471.605,9.114999999999998
75%,342.25,144.39499999999998,31.99,84.0,3.09,53.1475,86.955,635.605,13.495000000000001
max,445.0,187.49,38.99,100.0,8.23,126.18,663.85,1179.69,26.91
