,id,aqi,temperature,humidity,wind_speed,pm2_5,pm10,co,no2
count,321.0,321.0,321.0,321.0,321.0,321.0,321.0,321.0,321.0
mean,160.5981308411215,104.89174454828661,30.34239875389408,75.22741433021807,2.402834890965732,38.497102803738315,76.51601246105919,410.5901246105919,8.708847352024922
std,91.2767282580578,33.86353415839877,2.9424248359981005,11.220015423604327,1.1584633143862677,18.093225182855694,47.15807651850153,199.00473386796463,5.567765562121917
min,1.0,2.12,22.99,46.0,0.0,0.51,2.78,18.08,0.0
25%,81.0,78.4,27.99,66.0,2.06,25.23,51.82,246.32,3.66
50%,163.0,101.64,29.99,78.0,2.06,35.86,70.76,366.33,7.93
75%,241.0,129.69,32.99,83.0,3.09,47.66,94.93,561.75,12.5
max,313.0,183.63,38.99,100.0,8.23,118.7,663.85,1168.94,26.91
