,id,aqi,temperature,humidity,wind_speed,pm2_5,pm10,co,no2
count,361.0,361.0,361.0,361.0,361.0,361.0,361.0,361.0,361.0
mean,179.54293628808864,105.861108033241,30.278421052631586,75.3961218836565,2.390387811634349,39.19102493074792,74.73759002770082,420.8885041551247,8.785678670360111
std,101.51069435296425,34.00767287428541,2.881622517494847,11.185600188863496,1.153624656976594,18.816061292356327,45.51842847814877,196.2406286523444,5.408033031910791
min,1.0,2.12,22.99,46.0,0.0,0.51,2.78,18.08,0.0
25%,91.0,79.62,27.99,66.0,2.06,26.33,48.77,264.93,3.99
50%,183.0,101.49,29.99,78.0,2.06,35.73,69.74,377.34,8.15
75%,268.0,132.79,31.99,83.0,3.09,48.6,92.5,573.83,12.31
max,348.0,187.49,38.99,100.0,8.23,126.18,663.85,1168.94,26.91
