,id,aqi,temperature,humidity,wind_speed,pm2_5,pm10,co,no2
count,1352.0,1352.0,1352.0,1352.0,1352.0,1352.0,1352.0,1352.0,1352.0
mean,591.491124260355,165.6455399408284,25.416028106508875,66.81952662721893,1.7672707100591716,99.24525887573967,-14791419209.567516,723.015,10.529023668639054
std,319.11342522605486,87.28932370919746,6.874604655663791,17.835666586603473,1.2541526665911844,93.51334794192866,384434546523.39453,465.7335560669643,6.143502950738366
min,1.0,2.12,7.99,20.0,0.0,0.51,-9998999486464.0,18.08,0.0
25%,329.75,101.845,20.99,55.0,1.03,35.8825,65.75,383.65999999999997,5.61
50%,600.5,155.805,26.99,70.0,2.06,64.875,105.655,608.19,10.25
75%,855.25,185.4525,29.99,82.0,2.06,122.2325,200.135,902.0725,14.89
max,1164.0,493.9,38.99,100.0,8.84,491.16,663.85,2794.89,28.32
