,id,aqi,temperature,humidity,wind_speed,pm2_5,pm10,co,no2
count,1243.0,1243.0,1243.0,1243.0,1243.0,1243.0,1243.0,1243.0,1243.0
mean,546.0394207562349,150.0975462590507,26.307771520514887,66.201126307321,1.812880128720837,82.02253419147225,-16088494619.467443,647.6507562349157,10.124046661303298
std,291.6035860956082,66.93610605805998,6.342315454133118,17.612388555061703,1.2731664183348173,69.14351143007036,400923093251.50793,387.4657949072397,5.990675278640737
min,1.0,2.12,7.99,20.0,0.0,0.51,-9998999486464.0,18.08,0.0
25%,304.0,98.025,22.99,53.5,1.03,34.505,62.644999999999996,367.185,5.335
50%,561.0,153.63,27.99,70.0,2.06,60.79,96.21,579.8,9.71
75%,789.5,174.04500000000002,30.99,79.0,2.06,100.14,164.785,804.995,14.055
max,1051.0,403.0,38.99,100.0,8.84,353.53,663.85,2380.16,28.32
