,id,aqi,temperature,humidity,wind_speed,pm2_5,pm10,co,no2
count,1048.0,1048.0,1048.0,1048.0,1048.0,1048.0,1048.0,1048.0,1048.0
mean,468.95324427480915,129.4917557251908,28.104494274809163,67.24809160305344,1.939408396946565,58.64333969465649,-19082059990.155296,538.4066030534351,9.135181297709924
std,249.98863146829325,42.40962738244386,4.8132483250256906,17.27648904489681,1.2635242904192887,35.59314400557492,436599670903.1748,251.37934585777788,5.3669319818101595
min,1.0,2.12,11.99,20.0,0.0,0.51,-9998999486464.0,18.08,0.0
25%,260.75,92.93,25.99,55.0,1.03,32.105000000000004,57.575,337.6775,4.8375
50%,487.5,135.485,28.83,70.0,2.06,49.81,84.87,523.565,8.81
75%,684.25,162.26,30.99,82.0,2.2625,77.3025,121.855,686.2925,12.73
max,881.0,249.94,38.99,100.0,8.84,199.88,663.85,1324.55,26.91
