,id,aqi,temperature,humidity,wind_speed,pm2_5,pm10,co,no2
count,979.0,979.0,979.0,979.0,979.0,979.0,979.0,979.0,979.0
mean,441.7681307456588,124.86593462717059,28.73360572012258,68.10112359550561,2.0135035750766086,53.31475995914198,-20426965154.046455,514.1201327885598,8.817538304392238
std,235.90245801826345,39.57407967116674,4.169298878817391,16.89093453580614,1.249690793141923,29.253776492588322,451708281084.85846,232.73699089654278,5.211616700922561
min,1.0,2.12,14.99,20.0,0.0,0.51,-9998999486464.0,18.08,0.0
25%,245.5,90.6,26.99,56.0,1.03,30.955,56.4,326.52,4.665
50%,458.0,124.47,28.99,70.0,2.06,45.06,81.0,499.5,8.39
75%,645.5,159.18,31.99,83.0,2.57,71.445,113.775,660.85,12.27
max,827.0,232.49,38.99,100.0,8.84,182.28,663.85,1324.55,26.91
