,id,aqi,temperature,humidity,wind_speed,pm2_5,pm10,co,no2
count,892.0,892.0,892.0,892.0,892.0,892.0,892.0,892.0,892.0
mean,407.5145739910314,120.54604260089687,29.28146860986547,69.2152466367713,2.0534641255605384,49.41892376681614,-22419281277.74171,493.1637331838565,8.59213004484305
std,218.69519402724688,38.06509004988007,3.7317764575005596,16.376554942690294,1.24633208020772,25.53886854330662,473200579736.0164,218.95869376832772,5.11704983846035
min,1.0,2.12,18.99,27.0,0.0,0.51,-9998999486464.0,18.08,0.0
25%,223.75,88.5175,26.99,58.0,1.03,30.0425,53.86,315.9375,4.4275
50%,423.5,116.55,28.99,70.5,2.06,41.975,77.555,479.73,8.13
75%,596.25,156.45,31.99,83.0,2.57,66.11500000000001,106.5725,639.2475,11.95
max,758.0,193.47,38.99,100.0,8.84,137.75,663.85,1222.38,26.91
