,id,aqi,temperature,humidity,wind_speed,pm2_5,pm10,co,no2
count,581.0,581.0,581.0,581.0,581.0,581.0,581.0,581.0,581.0
mean,279.3080895008606,108.16385542168675,29.66318416523236,76.19449225473322,2.3215834767642,40.235748709122205,67.66726333907057,467.9156626506024,8.831617900172118
std,154.38611387875878,34.75437340784846,3.184370237445411,12.235267169779668,1.2273035647313886,19.101938473544745,39.504328871235614,215.17306667869374,5.474004314937548
min,1.0,2.12,22.99,37.0,0.0,0.51,2.78,18.08,0.0
25%,148.0,79.58,26.99,66.0,1.54,25.71,44.57,296.07,4.18
50%,286.0,102.92,28.99,79.0,2.06,36.3,62.66,441.51,8.09
75%,414.0,142.12,31.99,84.0,3.09,52.29,83.0,620.4,12.36
max,530.0,187.49,38.99,100.0,8.23,126.18,663.85,1179.69,26.91
