,id,aqi,temperature,humidity,wind_speed,pm2_5,pm10,co,no2
count,1428.0,1428.0,1428.0,1428.0,1428.0,1428.0,1428.0,1428.0,1428.0
mean,623.8739495798319,172.7067857142857,24.73089635854342,67.5672268907563,1.737563025210084,107.1453781512605,-14004200804.068176,773.7959313725489,10.895077030812326
std,339.2669488566374,91.23816788729305,7.331185141571637,18.004136918879343,1.2493609633039213,98.2174125001117,374072012702.2088,515.2361923907396,6.387781493736422
min,1.0,2.12,6.99,20.0,0.0,0.51,-9998999486464.0,18.08,0.0
25%,344.75,104.1675,19.99,55.0,1.03,36.7975,67.75999999999999,395.39250000000004,5.8125
50%,631.0,157.69,26.99,70.0,2.06,68.575,110.465,628.245,10.65
75%,898.25,196.305,29.99,82.0,2.06,143.2475,224.27749999999997,996.045,15.137500000000001
max,1237.0,493.9,38.99,100.0,8.84,491.16,663.85,2839.26,33.91
