,id,aqi,temperature,humidity,wind_speed,pm2_5,pm10,co,no2
count,267.0,267.0,267.0,267.0,267.0,267.0,267.0,267.0,267.0
mean,134.68913857677902,105.64247191011235,30.114044943820225,76.08614232209737,2.4400374531835207,39.13696629213483,71.02307116104869,429.78445692883895,8.754344569288389
std,77.31021386143149,36.4572930897317,2.9020808139340373,10.67127032036697,1.1797057419923536,19.562555613094133,49.659427475042975,204.42961249449056,5.46032345027083
min,1.0,2.12,22.99,46.0,0.0,0.51,2.78,18.08,0.0
25%,67.5,75.51,27.99,70.0,2.06,24.05,45.845,267.26,4.005
50%,137.0,101.57,29.99,78.0,2.06,35.9,64.47,374.28,8.06
75%,202.5,139.2,31.99,83.0,3.09,51.2,79.30000000000001,598.145,12.120000000000001
max,265.0,183.63,38.99,100.0,8.23,118.7,663.85,1168.94,26.91
