,id,aqi,temperature,humidity,wind_speed,pm2_5,pm10,co,no2
count,1383.0,1383.0,1383.0,1383.0,1383.0,1383.0,1383.0,1383.0,1383.0
mean,604.6399132321042,168.92893709327552,25.15123644251627,67.06290672451193,1.7507302964569773,102.92118582791034,-14459868951.989546,739.7569631236441,10.657534345625452
std,327.2556861791802,89.55138708447589,7.048054477257348,17.90321153985067,1.25690600601632,96.1625965186833,380104727951.0397,477.99258658506267,6.207059813495096
min,1.0,2.12,6.99,20.0,0.0,0.51,-9998999486464.0,18.08,0.0
25%,336.5,102.33,20.99,55.0,1.03,36.075,66.34,387.16,5.6899999999999995
50%,615.0,156.57,26.99,70.0,2.06,66.3,107.55,617.7,10.43
75%,873.5,189.72500000000002,29.99,82.0,2.06,130.505,211.58999999999997,931.145,15.0
max,1192.0,493.9,38.99,100.0,8.84,491.16,663.85,2794.89,28.32
