,id,aqi,temperature,humidity,wind_speed,pm2_5,pm10,co,no2
count,510.0,510.0,510.0,510.0,510.0,510.0,510.0,510.0,510.0
mean,247.85882352941175,111.32680392156863,29.556901960784316,77.19411764705882,2.3510392156862747,41.90101960784313,68.95009803921567,487.25750980392155,9.347333333333331
std,137.88631628501972,34.87768034753934,3.157526669120058,11.613773270283792,1.2162060150939318,19.415480054739824,41.09941693607657,217.9002012346683,5.517429175080558
min,1.0,2.12,22.99,46.0,0.0,0.51,2.78,18.08,0.0
25%,131.25,84.205,26.99,70.0,1.54,27.9225,44.615,309.89250000000004,4.8575
50%,254.5,108.07,28.99,79.0,2.06,38.43,63.555,478.85,8.88
75%,367.75,145.8425,31.99,84.0,3.09,53.8675,85.6625,635.6750000000001,13.0875
max,476.0,187.49,38.99,100.0,8.23,126.18,663.85,1179.69,26.91
