,id,aqi,temperature,humidity,wind_speed,pm2_5,pm10,co,no2
count,977.0,977.0,977.0,977.0,977.0,977.0,977.0,977.0,977.0
mean,440.9795291709314,124.78232343909929,28.73615148413511,68.19549641760491,2.0112998976458547,53.25195496417605,-20468780845.659016,514.1506243602865,8.822333674513818
std,235.49793686790633,39.57105291649276,4.173126669338055,16.778439893826096,1.250019118349693,29.249223125559922,452169912668.0078,232.95152299633202,5.212513895018445
min,1.0,2.12,14.99,21.0,0.0,0.51,-9998999486464.0,18.08,0.0
25%,245.0,90.56,26.99,56.0,1.03,30.95,56.4,325.89,4.68
50%,457.0,124.37,28.99,70.0,2.06,45.03,80.95,499.5,8.39
75%,644.0,159.14,31.99,83.0,2.57,71.32,113.31,660.99,12.27
max,826.0,232.49,38.99,100.0,8.84,182.28,663.85,1324.55,26.91
