,id,aqi,temperature,humidity,wind_speed,pm2_5,pm10,co,no2
count,1078.0,1078.0,1078.0,1078.0,1078.0,1078.0,1078.0,1078.0,1078.0
mean,480.7430426716141,132.6077179962894,27.84249536178108,67.03803339517626,1.910278293135436,62.25313543599258,-18551019351.56114,551.6014749536179,9.284703153988868
std,256.1538749168757,46.52345722363343,5.044234119547824,17.32124356868839,1.2691413969061196,42.12238529120177,430487402931.1505,266.045785429859,5.436021441577124
min,1.0,2.12,11.99,20.0,0.0,0.51,-9998999486464.0,18.08,0.0
25%,267.25,93.7475,24.99,55.0,1.03,32.5175,58.8425,339.6775,4.915
50%,500.5,141.48000000000002,27.99,70.0,2.06,52.08,86.575,531.68,8.96
75%,703.0,163.615,30.99,82.0,2.1425,79.93,126.82,699.1899999999999,12.93
max,902.0,348.23,38.99,100.0,8.84,298.16,663.85,1655.54,26.91
