,id,aqi,temperature,humidity,wind_speed,pm2_5,pm10,co,no2
count,1062.0,1062.0,1062.0,1062.0,1062.0,1062.0,1062.0,1062.0,1062.0
mean,474.4613935969868,130.59269303201506,27.985282485875707,67.10263653483993,1.9245103578154426,59.938201506591334,-18830507406.801804,543.1514971751412,9.204171374764593
std,252.86968610331328,43.315017831504704,4.914244799205339,17.324094040495797,1.26744382538448,37.309324467729766,433715083659.13043,254.7448675654011,5.405435758625875
min,1.0,2.12,11.99,20.0,0.0,0.51,-9998999486464.0,18.08,0.0
25%,264.25,93.495,24.99,55.0,1.03,32.335,58.11,338.1925,4.8575
50%,493.5,139.485,27.99,70.0,2.06,51.29,85.755,526.835,8.88
75%,694.75,162.82,30.99,82.0,2.1925,78.3925,123.89,691.0175,12.8575
max,891.0,251.45,38.99,100.0,8.84,201.41,663.85,1324.55,26.91
