,id,aqi,temperature,humidity,wind_speed,pm2_5,pm10,co,no2
count,1138.0,1138.0,1138.0,1138.0,1138.0,1138.0,1138.0,1138.0,1138.0
mean,504.1502636203866,138.4525834797891,27.295790861159933,66.79613356766257,1.8683919156414768,69.09737258347978,-17572933958.776188,578.873409490334,9.485536028119506
std,268.3569625910284,52.63640621883893,5.5227626302131565,17.375836773955974,1.2776779720183202,51.35454532249881,418995487984.3902,293.74053405369307,5.505842129740721
min,1.0,2.12,9.99,20.0,0.0,0.51,-9998999486464.0,18.08,0.0
25%,279.5,95.5225,24.99,55.0,1.03,33.37,60.712500000000006,348.365,5.0825
50%,524.5,149.45499999999998,27.99,70.0,2.06,55.195,90.785,552.7,9.23
75%,733.75,166.8575,30.99,79.0,2.06,86.215,138.4375,730.7275,13.3275
max,949.0,363.54,38.99,100.0,8.84,313.61,663.85,1714.68,26.91
