,id,aqi,temperature,humidity,wind_speed,pm2_5,pm10,co,no2
count,1263.0,1263.0,1263.0,1263.0,1263.0,1263.0,1263.0,1263.0,1263.0
mean,554.2019002375297,153.79668250197943,26.14042755344418,66.30562153602534,1.8004829770387967,86.08026128266033,-15833728269.012402,662.4976088677752,10.188733174980205
std,296.36073330252924,72.69198870814606,6.4503064319352,17.589301920936013,1.2701298975784592,75.9177356844438,397738594264.34674,403.3015099241692,6.006359820956079
min,1.0,2.12,7.99,20.0,0.0,0.51,-9998999486464.0,18.08,0.0
25%,308.5,98.315,21.99,54.0,1.03,34.644999999999996,63.155,371.29499999999996,5.385
50%,567.0,154.15,27.99,70.0,2.06,61.71,97.53,586.83,9.79
75%,801.5,176.125,30.99,79.0,2.06,104.16,171.95,821.5450000000001,14.129999999999999
max,1071.0,469.96,38.99,100.0,8.84,454.91,663.85,2380.16,28.32
