,id,aqi,temperature,humidity,wind_speed,pm2_5,pm10,co,no2
count,224.0,224.0,224.0,224.0,224.0,224.0,224.0,224.0,224.0
mean,113.41964285714286,105.08348214285715,29.958437500000002,77.04910714285714,2.46,38.703125,66.22785714285715,435.0402232142857,8.915178571428571
std,65.42885615543877,36.47001879939712,2.829426214729131,9.982599170293625,1.178467500707684,19.27685363732133,51.37711071772598,181.8140287656697,5.228089273985142
min,1.0,2.12,22.99,47.0,0.0,0.51,19.51,18.08,0.76
25%,56.75,73.4675,27.99,70.0,2.06,23.8625,44.255,279.7275,4.7275
50%,113.5,102.13,28.99,78.0,2.06,36.040000000000006,60.09,395.31500000000005,8.094999999999999
75%,170.25,137.23,31.99,83.0,3.09,50.7275,74.675,597.8725000000001,12.175
max,224.0,183.63,38.99,100.0,8.23,118.7,663.85,1078.93,26.91
