,id,aqi,temperature,humidity,wind_speed,pm2_5,pm10,co,no2
count,723.0,723.0,723.0,723.0,723.0,723.0,723.0,723.0,723.0
mean,339.1286307053942,111.60248962655602,30.013969571230984,72.37206085753803,2.2090456431535266,42.602627939142465,-27659749543.91378,461.95161825726143,8.51311203319502
std,184.39295867689276,35.01603939405207,3.276466897240487,14.639193192451938,1.1894500705002233,20.611039521287676,525534738644.6501,205.64965932396922,5.2758402329232315
min,1.0,2.12,22.99,31.0,0.0,0.51,-9998999486464.0,18.08,0.0
25%,183.5,84.22,27.99,62.0,1.54,27.935000000000002,48.955,299.31500000000005,4.074999999999999
50%,349.0,106.32,29.99,74.0,2.06,37.86,70.61,438.95,7.93
75%,503.5,148.64499999999998,31.99,83.0,3.09,55.035,91.495,608.565,12.0
max,637.0,187.49,38.99,100.0,8.23,126.18,663.85,1179.69,26.91
