,id,aqi,temperature,humidity,wind_speed,pm2_5,pm10,co,no2
count,1426.0,1426.0,1426.0,1426.0,1426.0,1426.0,1426.0,1426.0,1426.0
mean,623.0147265077139,172.5738148667602,24.752272089761576,67.5476858345021,1.7381977559607293,106.9904347826087,-14023842039.765818,772.7738078541374,10.883948106591866
std,338.72720348308167,91.23263566904548,7.314019886776411,18.008014928315216,1.2500857705963988,98.19870346137489,374334059162.6133,514.8709232488997,6.385189050336196
min,1.0,2.12,6.99,20.0,0.0,0.51,-9998999486464.0,18.08,0.0
25%,344.25,104.1425,19.99,55.0,1.03,36.7925,67.56,395.2375,5.7975
50%,630.5,157.635,26.99,70.0,2.06,68.45500000000001,110.41999999999999,627.355,10.64
75%,897.0,196.12,29.99,82.0,2.06,142.89249999999998,223.59,991.2025,15.1075
max,1235.0,493.9,38.99,100.0,8.84,491.16,663.85,2839.26,33.91
