,id,aqi,temperature,humidity,wind_speed,pm2_5,pm10,co,no2
count,1035.0,1035.0,1035.0,1035.0,1035.0,1035.0,1035.0,1035.0,1035.0
mean,463.82801932367147,128.4326376811594,28.230570048309183,67.34782608695652,1.955806763285024,57.37224154589372,-19321738041.5688,532.0120386473429,9.066946859903382
std,247.30602540297838,41.51512876229615,4.679791523947693,17.22399878225039,1.2583725794441647,33.7882104007981,439330404610.1601,245.29289462276788,5.339069923864294
min,1.0,2.12,12.99,20.0,0.0,0.51,-9998999486464.0,18.08,0.0
25%,258.5,92.14500000000001,25.99,55.0,1.03,31.685000000000002,57.375,334.19,4.82
50%,481.0,132.91,28.99,70.0,2.06,48.6,83.94,519.15,8.76
75%,676.5,161.51999999999998,30.99,82.0,2.365,75.875,119.625,680.0250000000001,12.645
max,871.0,242.45,38.99,100.0,8.84,192.33,663.85,1324.55,26.91
