,id,aqi,temperature,humidity,wind_speed,pm2_5,pm10,co,no2
count,1423.0,1423.0,1423.0,1423.0,1423.0,1423.0,1423.0,1423.0,1423.0
mean,621.7266338721012,172.48462403373156,24.777069571328184,67.54884047786366,1.7396907940969781,106.88082220660577,-14053407413.431389,771.8665706254392,10.865860857343641
std,337.91856543252794,91.29332577348305,7.301344002826996,18.023823029956265,1.2503834753416474,98.25459432302537,374728163486.0936,514.871716949779,6.3765466517105835
min,1.0,2.12,6.99,20.0,0.0,0.51,-9998999486464.0,18.08,0.0
25%,343.5,104.005,19.99,55.0,1.03,36.78,67.41499999999999,394.93,5.79
50%,630.0,157.58,26.99,70.0,2.06,68.26,110.37,627.21,10.63
75%,896.0,195.905,29.99,82.0,2.06,142.47,223.56,988.51,15.094999999999999
max,1232.0,493.9,38.99,100.0,8.84,491.16,663.85,2839.26,33.91
