,id,aqi,temperature,humidity,wind_speed,pm2_5,pm10,co,no2
count,1345.0,1345.0,1345.0,1345.0,1345.0,1345.0,1345.0,1345.0,1345.0
mean,588.5271375464685,165.3386840148699,25.473263940520454,66.82230483271375,1.7711078066914496,98.85438661710039,-14868400574.941093,719.6220669144981,10.484133828996283
std,317.27854488486236,87.40859278944254,6.842498215117397,17.841450593130787,1.255025033356392,93.5954510467049,385432892069.1728,464.4305481505252,6.1221402954810396
min,1.0,2.12,7.99,20.0,0.0,0.51,-9998999486464.0,18.08,0.0
25%,329.0,101.69,20.99,55.0,1.03,35.79,65.56,383.13,5.59
50%,598.0,155.63,26.99,70.0,2.06,64.48,104.63,607.18,10.2
75%,849.0,184.8,29.99,82.0,2.06,120.96,198.57,897.11,14.77
max,1157.0,493.9,38.99,100.0,8.84,491.16,663.85,2794.89,28.32
