,id,aqi,temperature,humidity,wind_speed,pm2_5,pm10,co,no2
count,433.0,433.0,433.0,433.0,433.0,433.0,433.0,433.0,433.0
mean,212.91454965357968,109.25842956120093,29.969491916859123,76.12471131639722,2.360161662817552,40.945565819861436,71.84695150115473,456.950623556582,9.308198614318707
std,119.31600819238675,34.63065639491732,3.0231352104253,11.394977937519732,1.19742962435632,19.481042226186428,43.229316596151826,210.74463867643294,5.612042275923921
min,1.0,2.12,22.99,46.0,0.0,0.51,2.78,18.08,0.0
25%,109.0,83.18,27.99,66.0,1.54,27.5,45.81,286.57,4.61
50%,217.0,104.42,29.99,79.0,2.06,36.93,66.26,431.75,8.76
75%,317.0,142.34,31.99,84.0,3.09,52.43,90.39,607.52,13.14
max,411.0,187.49,38.99,100.0,8.23,126.18,663.85,1179.69,26.91
