,id,aqi,temperature,humidity,wind_speed,pm2_5,pm10,co,no2
count,376.0,376.0,376.0,376.0,376.0,376.0,376.0,376.0,376.0
mean,186.56914893617022,107.07476063829787,30.245638297872343,75.36702127659575,2.404468085106383,39.67058510638298,73.99970744680851,426.4934308510638,8.836382978723405
std,105.28128927943666,34.04321481797148,2.8690569167392566,11.17608769517369,1.2005395382821524,18.675961381503342,44.78888662359058,195.51857162785808,5.388847713776063
min,1.0,2.12,22.99,46.0,0.0,0.51,2.78,18.08,0.0
25%,94.75,81.43,27.99,66.0,1.54,26.705,48.800000000000004,267.64,4.0275
50%,190.5,102.33,29.99,78.0,2.06,36.075,68.38499999999999,387.16,8.219999999999999
75%,277.25,135.05,31.99,83.0,3.09,50.2125,91.985,587.73,12.344999999999999
max,362.0,187.49,38.99,100.0,8.23,126.18,663.85,1168.94,26.91
