,id,aqi,temperature,humidity,wind_speed,pm2_5,pm10,co,no2
count,955.0,955.0,955.0,955.0,955.0,955.0,955.0,955.0,955.0
mean,432.3089005235602,124.06395811518323,28.926115183246075,68.64816753926702,2.0231204188481677,52.7424502617801,-20940312972.79605,506.8035392670157,8.67730890052356
std,231.0743114119183,39.59513746587629,3.9791234414103034,16.528920854852842,1.2541767958185304,29.148389458699867,457343089341.0064,228.0153535992221,5.098021236535817
min,1.0,2.12,16.99,27.0,0.0,0.51,-9998999486464.0,18.08,0.0
25%,239.5,90.065,26.99,58.0,1.03,30.755000000000003,55.355000000000004,322.36,4.59
50%,449.0,122.45,28.99,70.0,2.06,44.28,79.96,493.64,8.25
75%,632.5,158.57,31.99,83.0,2.57,70.33500000000001,112.07499999999999,652.695,12.03
max,807.0,232.49,38.99,100.0,8.84,182.28,663.85,1324.55,26.91
