,id,aqi,temperature,humidity,wind_speed,pm2_5,pm10,co,no2
count,907.0,907.0,907.0,907.0,907.0,907.0,907.0,907.0,907.0
mean,413.425578831312,121.8093605292172,29.197265711135618,69.16097023153253,2.035402425578831,50.849801543550164,-22048510360.363834,499.5741675854465,8.603197353914002
std,221.62139754164645,39.09219261761146,3.7852128373476774,16.353723082535694,1.2489393858512645,27.95206699312136,469275726965.6626,225.1276903102375,5.100734973625171
min,1.0,2.12,18.99,27.0,0.0,0.51,-9998999486464.0,18.08,0.0
25%,227.5,89.08500000000001,26.99,58.0,1.03,30.25,54.400000000000006,318.44000000000005,4.48
50%,431.0,118.14,28.99,70.0,2.06,42.55,78.3,485.47,8.14
75%,606.0,156.87,31.99,83.0,2.57,66.995,108.06,644.005,11.95
max,771.0,232.49,38.99,100.0,8.84,182.28,663.85,1324.55,26.91
