,id,aqi,temperature,humidity,wind_speed,pm2_5,pm10,co,no2
count,521.0,521.0,521.0,521.0,521.0,521.0,521.0,521.0,521.0
mean,252.7619961612284,110.35928982725528,29.519980806142037,77.28982725527831,2.352783109404991,41.42278310940499,67.96255278310942,484.5842226487524,9.25418426103647
std,140.4539651350631,35.186732870097615,3.1425374056301605,11.550494168953334,1.2222363365910007,19.50371674956081,41.22536727701297,216.39421159572393,5.498040783614675
min,1.0,2.12,22.99,46.0,0.0,0.51,2.78,18.08,0.0
25%,134.0,83.18,26.99,70.0,1.54,27.5,43.63,312.16,4.81
50%,259.0,107.06,28.99,79.0,2.06,37.98,62.66,474.16,8.74
75%,375.0,145.1,31.99,84.0,3.09,53.48,84.77,632.13,12.8
max,484.0,187.49,38.99,100.0,8.23,126.18,663.85,1179.69,26.91
