,id,aqi,temperature,humidity,wind_speed,pm2_5,pm10,co,no2
count,620.0,620.0,620.0,620.0,620.0,620.0,620.0,620.0,620.0
mean,296.06935483870967,107.72704838709676,29.79341935483871,75.22903225806452,2.2818548387096773,39.92087096774194,68.57606451612904,460.78779032258063,8.703451612903224
std,162.88072098739335,34.04350023717158,3.2278624823739817,12.80772922807051,1.2194907216749071,18.650458471008168,38.62310808971182,212.02930919671786,5.422370526075205
min,1.0,2.12,22.99,34.0,0.0,0.51,2.78,18.08,0.0
25%,157.75,79.745,27.99,66.0,1.54,25.7925,45.6875,293.605,4.09
50%,303.5,102.41499999999999,28.99,78.0,2.06,36.13,64.39,431.03499999999997,7.984999999999999
75%,439.25,139.79500000000002,31.99,84.0,3.09,51.36,84.995,610.03,12.175
max,559.0,187.49,38.99,100.0,8.23,126.18,663.85,1179.69,26.91
