,id,aqi,temperature,humidity,wind_speed,pm2_5,pm10,co,no2
count,1128.0,1128.0,1128.0,1128.0,1128.0,1128.0,1128.0,1128.0,1128.0
mean,500.23847517730496,137.56370567375885,27.393359929078013,66.84663120567376,1.8730851063829788,68.04898049645391,-17728722382.62903,573.4782092198582,9.430124113475177
std,266.29213339998677,51.86186528221276,5.435874359251971,17.36038149880388,1.2742187487034093,50.18743335576164,420846995794.69604,287.5443871781843,5.475578610552572
min,1.0,2.12,9.99,20.0,0.0,0.51,-9998999486464.0,18.08,0.0
25%,277.75,95.0425,24.99,55.0,1.03,33.17,60.5575,347.7425,5.0625
50%,520.0,148.365,27.99,70.0,2.06,54.769999999999996,89.76,551.0450000000001,9.205
75%,729.0,166.25,30.99,79.75,2.06,85.035,137.305,725.9275,13.23
max,941.0,363.54,38.99,100.0,8.84,313.61,663.85,1714.68,26.91
