,id,aqi,temperature,humidity,wind_speed,pm2_5,pm10,co,no2
count,877.0,877.0,877.0,877.0,877.0,877.0,877.0,877.0,877.0
mean,401.6043329532497,119.52314709236032,29.3503078677309,69.3648802736602,2.073318129988597,48.34262257696693,-22802735350.32855,487.43210946408215,8.571242873432155
std,215.79347502295482,37.54109676406494,3.6947033878631386,16.36816845932428,1.2428542989808293,24.21617849448578,477225586816.60724,213.66507288351266,5.1309740262515895
min,1.0,2.12,18.99,27.0,0.0,0.51,-9998999486464.0,18.08,0.0
25%,220.0,87.89,26.99,58.0,1.03,29.77,53.65,314.0,4.39
50%,417.0,114.32,28.99,73.0,2.06,40.93,76.9,476.96,8.09
75%,587.0,155.86,31.99,83.0,2.57,65.06,104.55,635.06,11.95
max,749.0,187.49,38.99,100.0,8.84,126.18,663.85,1179.69,26.91
