,id,aqi,temperature,humidity,wind_speed,pm2_5,pm10,co,no2
count,913.0,913.0,913.0,913.0,913.0,913.0,913.0,913.0,913.0
mean,415.79408543263963,122.33854326396495,29.154282584884996,69.1829134720701,2.0287951807228914,51.49693318729463,-21903613248.03442,503.4123767798467,8.631774370208104
std,222.80455031353856,39.51019583826718,3.8155589188270547,16.328066644952862,1.2493386297281996,28.99433304455169,467732905942.7144,229.46355858709762,5.1024353840257675
min,1.0,2.12,18.99,27.0,0.0,0.51,-9998999486464.0,18.08,0.0
25%,229.0,89.21,26.99,58.0,1.03,30.28,54.5,319.37,4.55
50%,433.0,118.65,28.99,70.0,2.06,43.01,78.56,488.05,8.17
75%,611.0,157.55,31.99,83.0,2.57,68.2,108.85,647.43,11.95
max,775.0,232.49,38.99,100.0,8.84,182.28,663.85,1324.55,26.91
