,id,aqi,temperature,humidity,wind_speed,pm2_5,pm10,co,no2
count,1203.0,1203.0,1203.0,1203.0,1203.0,1203.0,1203.0,1203.0,1203.0
mean,529.8977556109726,143.74580216126353,26.64917705735661,66.46300914380714,1.8363507896924354,75.06975893599335,-16623440423.30949,615.0907315045719,9.860822942643392
std,282.40837664857133,57.5592308047346,6.099030410741836,17.518307607187673,1.275049990852778,58.08904569831998,407528513256.28906,341.7114787211777,5.783192403892357
min,1.0,2.12,7.99,20.0,0.0,0.51,-9998999486464.0,18.08,0.0
25%,295.5,97.25,22.99,54.5,1.03,34.105000000000004,62.095,361.525,5.26
50%,547.0,152.38,27.99,70.0,2.06,58.25,94.06,568.95,9.52
75%,767.5,171.11,30.99,79.0,2.06,94.445,152.435,771.54,13.705
max,1011.0,390.27,38.99,100.0,8.84,340.58,663.85,2362.04,28.32
