,id,aqi,temperature,humidity,wind_speed,pm2_5,pm10,co,no2
count,301.0,301.0,301.0,301.0,301.0,301.0,301.0,301.0,301.0
mean,151.06312292358805,105.40431893687706,30.276112956810632,75.421926910299,2.423920265780731,38.827707641196014,75.15063122923587,417.22990033222595,8.705847176079734
std,86.14526105488821,34.617577990831094,2.9364035554622885,10.966831095382116,1.1676348945430655,18.53803003901911,48.31743069811234,199.2073306557518,5.47831047829228
min,1.0,2.12,22.99,46.0,0.0,0.51,2.78,18.08,0.0
25%,76.0,77.41,27.99,66.0,2.06,24.89,49.06,264.81,3.96
50%,153.0,102.28,29.99,78.0,2.06,36.06,68.41,368.74,7.93
75%,226.0,133.4,32.99,83.0,3.09,48.67,92.5,565.67,12.36
max,295.0,183.63,38.99,100.0,8.23,118.7,663.85,1168.94,26.91
