,id,aqi,temperature,humidity,wind_speed,pm2_5,pm10,co,no2
count,520.0,520.0,520.0,520.0,520.0,520.0,520.0,520.0,520.0
mean,252.31730769230768,110.40553846153846,29.526769230769233,77.2673076923077,2.355326923076923,41.44688461538462,68.03119230769231,484.7685,9.264442307692308
std,140.22161543061273,35.20476101563643,3.141737419351521,11.550162376622142,1.2220319668416235,19.514729882216425,41.23525399911372,216.56166076691255,5.498342198615995
min,1.0,2.12,22.99,46.0,0.0,0.51,2.78,18.08,0.0
25%,133.75,83.1675,26.99,70.0,1.54,27.475,44.0125,312.0975,4.825
50%,259.0,107.08500000000001,28.99,79.0,2.06,38.065,62.665,474.52,8.75
75%,374.25,145.14249999999998,31.99,84.0,3.09,53.5175,84.78999999999999,632.42,12.822500000000002
max,483.0,187.49,38.99,100.0,8.23,126.18,663.85,1179.69,26.91
