,id,aqi,temperature,humidity,wind_speed,pm2_5,pm10,co,no2
count,950.0,950.0,950.0,950.0,950.0,950.0,950.0,950.0,950.0
mean,430.341052631579,124.00186315789473,28.95841052631579,68.75052631578947,2.016978947368421,52.71686315789474,-21050525146.743717,506.73606315789476,8.692557894736842
std,230.07878226243042,39.629658716037945,3.9508353013499278,16.472919781551894,1.2523005719165405,29.18547245417223,458543776797.0618,228.31836413144433,5.104517192498208
min,1.0,2.12,16.99,27.0,0.0,0.51,-9998999486464.0,18.08,0.0
25%,238.25,89.92999999999999,26.99,58.0,1.03,30.6575,55.405,321.57500000000005,4.58
50%,446.5,122.435,28.99,70.0,2.06,44.245000000000005,80.05,493.29999999999995,8.29
75%,630.0,158.55,31.99,83.0,2.57,70.1825,112.4325,652.2650000000001,12.0375
max,804.0,232.49,38.99,100.0,8.84,182.28,663.85,1324.55,26.91
