,id,aqi,temperature,humidity,wind_speed,pm2_5,pm10,co,no2
count,838.0,838.0,838.0,838.0,838.0,838.0,838.0,838.0,838.0
mean,385.9856801909308,117.413830548926,29.522207637231503,70.0143198090692,2.1114319809069215,46.76145584725536,-23863960509.610596,477.1317422434368,8.483472553699285
std,207.94663704139273,37.033589493610904,3.5828851459100264,16.044287130838427,1.2431535234807272,23.343378135488948,488191197346.4676,207.3343211499487,5.12234806462658
min,1.0,2.12,19.99,27.0,0.0,0.51,-9998999486464.0,18.08,0.0
25%,210.25,86.885,26.99,59.0,1.03,29.247500000000002,52.6025,311.96000000000004,4.27
50%,398.5,112.245,28.99,74.0,2.06,40.17,74.465,467.67,8.0
75%,564.0,154.735,31.99,83.0,3.06,62.815000000000005,100.6725,627.0625,11.887500000000001
max,725.0,187.49,38.99,100.0,8.84,126.18,663.85,1179.69,26.91
