,id,aqi,temperature,humidity,wind_speed,pm2_5,pm10,co,no2
count,1328.0,1328.0,1328.0,1328.0,1328.0,1328.0,1328.0,1328.0,1328.0
mean,581.3524096385543,165.14069277108433,25.596920180722897,66.90512048192771,1.7751731927710845,98.70306475903614,-15058734018.194363,714.0581927710844,10.427063253012047
std,312.85650780827194,87.92123287880408,6.781481716812545,17.80654742669175,1.2575724393510177,94.1113369512296,387890199696.32947,463.1517472915201,6.083150109728358
min,1.0,2.12,7.99,20.0,0.0,0.51,-9998999486464.0,18.08,0.0
25%,324.75,101.55,20.99,55.0,1.03,35.73,65.28999999999999,378.79499999999996,5.547499999999999
50%,592.5,155.245,26.99,70.0,2.06,63.885,103.43,603.7149999999999,10.129999999999999
75%,841.25,184.385,29.99,82.0,2.06,120.16250000000001,198.5725,885.505,14.6
max,1140.0,493.9,38.99,100.0,8.84,491.16,663.85,2794.89,28.32
