,id,aqi,temperature,humidity,wind_speed,pm2_5,pm10,co,no2
count,451.0,451.0,451.0,451.0,451.0,451.0,451.0,451.0,451.0
mean,221.17960088691797,110.0860532150776,29.952572062084258,76.26607538802661,2.3527050997782704,41.40334811529934,71.28015521064302,468.9512638580931,9.373592017738359
std,123.75248102858077,34.96668284634906,2.9924898649816254,11.370534137110397,1.1865553316482225,19.6856798626337,42.69797730543984,216.2350744536017,5.598281518254065
min,1.0,2.12,22.99,46.0,0.0,0.51,2.78,18.08,0.0
25%,115.0,83.285,27.99,70.0,1.54,27.52,45.56,294.4,4.824999999999999
50%,226.0,105.41,28.99,79.0,2.06,37.43,66.14,445.97,8.88
75%,329.5,145.185,31.99,84.0,3.09,53.555,88.84,619.775,13.29
max,428.0,187.49,38.99,100.0,8.23,126.18,663.85,1179.69,26.91
