,id,aqi,temperature,humidity,wind_speed,pm2_5,pm10,co,no2
count,341.0,341.0,341.0,341.0,341.0,341.0,341.0,341.0,341.0
mean,170.13782991202345,105.70008797653958,30.286539589442814,75.49853372434018,2.3811436950146625,39.11715542521994,76.37278592375367,411.6205278592375,8.774956011730204
std,96.47783229069859,34.223476071316924,2.909615760318324,11.189707622062414,1.1440691746349239,18.93069500454708,46.102513005812334,197.22876734827642,5.53573883807333
min,1.0,2.12,22.99,46.0,0.0,0.51,2.78,18.08,0.0
25%,86.0,78.86,27.99,66.0,2.06,25.71,51.82,250.29,3.84
50%,173.0,101.89,29.99,78.0,2.06,35.9,70.93,366.65,8.06
75%,255.0,132.79,32.99,83.0,3.09,48.6,93.47,562.53,12.5
max,331.0,187.49,38.99,100.0,8.23,126.18,663.85,1168.94,26.91
