,id,aqi,temperature,humidity,wind_speed,pm2_5,pm10,co,no2
count,1340.0,1340.0,1340.0,1340.0,1340.0,1340.0,1340.0,1340.0,1340.0
mean,586.4134328358209,165.19370895522388,25.51238059701492,66.83880597014925,1.7731044776119402,98.66409701492536,-14923879682.422956,716.8448880597015,10.460977611940297
std,315.97285425963975,87.53414136896961,6.819241015341374,17.81187858530171,1.2560564213687968,93.71055663398215,386150776904.7204,462.5731433961541,6.106703586432939
min,1.0,2.12,7.99,20.0,0.0,0.51,-9998999486464.0,18.08,0.0
25%,327.75,101.6275,20.99,55.0,1.03,35.775,65.4725,382.31,5.58
50%,597.5,155.60500000000002,26.99,70.0,2.06,64.44,104.53,606.595,10.19
75%,847.25,184.1775,29.99,82.0,2.06,119.755,196.1575,891.155,14.6875
max,1152.0,493.9,38.99,100.0,8.84,491.16,663.85,2794.89,28.32
