,id,aqi,temperature,humidity,wind_speed,pm2_5,pm10,co,no2
count,244.0,244.0,244.0,244.0,244.0,244.0,244.0,244.0,244.0
mean,123.34426229508196,107.9552868852459,29.94463114754098,77.06557377049181,2.4081967213114757,40.34454918032787,69.23426229508196,448.12131147540987,8.994754098360657
std,70.98626430535477,37.10586659992392,2.808703013953172,9.964742540984979,1.163501184532684,19.96389698739946,51.09638546996771,202.6444618397511,5.468765738694211
min,1.0,2.12,22.99,47.0,0.0,0.51,2.78,18.08,0.0
25%,61.75,77.375,27.99,70.0,2.06,24.83,44.787499999999994,283.42499999999995,4.234999999999999
50%,125.5,105.68,28.99,78.5,2.06,37.56,61.52,398.78,8.094999999999999
75%,185.25,145.14249999999998,31.99,83.0,3.09,53.5175,77.02000000000001,607.265,12.405
max,244.0,183.63,38.99,100.0,8.23,118.7,663.85,1168.94,26.91
