,id,aqi,temperature,humidity,wind_speed,pm2_5,pm10,co,no2
count,526.0,526.0,526.0,526.0,526.0,526.0,526.0,526.0,526.0
mean,254.98859315589354,110.25397338403042,29.520646387832702,77.29847908745248,2.363688212927757,41.35720532319392,67.68779467680608,483.6759125475285,9.212186311787073
std,141.62286559772846,35.066337057901244,3.139458788732357,11.580290216222684,1.2453415250573752,19.43287389435625,41.132555301165965,215.73224251024465,5.49407954693768
min,1.0,2.12,22.99,46.0,0.0,0.51,2.78,18.08,0.0
25%,135.25,83.2325,26.99,70.0,1.54,27.509999999999998,43.495000000000005,312.2425,4.737500000000001
50%,261.5,106.935,28.99,79.0,2.06,37.97,62.44,470.845,8.61
75%,378.75,144.6175,31.99,84.0,3.09,53.3625,84.23,632.13,12.745000000000001
max,489.0,187.49,38.99,100.0,8.23,126.18,663.85,1179.69,26.91
