,id,aqi,temperature,humidity,wind_speed,pm2_5,pm10,co,no2
count,1195.0,1195.0,1195.0,1195.0,1195.0,1195.0,1195.0,1195.0,1195.0
mean,526.6987447698745,142.45214225941422,26.72639330543933,66.51882845188284,1.8374476987447699,73.6507029288703,-16734727056.27755,607.985740585774,9.81676150627615
std,280.62190976107706,55.443209702424774,6.034234046832162,17.49702837559593,1.2784210567044947,55.53734168661685,408889209446.4543,329.3666671703399,5.758744858990178
min,1.0,2.12,7.99,20.0,0.0,0.51,-9998999486464.0,18.08,0.0
25%,293.5,97.105,23.985,55.0,1.03,34.08,61.925,360.65,5.245
50%,544.0,152.09,27.99,70.0,2.06,57.79,93.76,567.1,9.46
75%,761.5,170.37,30.99,79.0,2.06,93.00999999999999,151.31,764.915,13.645
max,1004.0,363.54,38.99,100.0,8.84,313.61,663.85,2285.75,28.32
