,id,aqi,temperature,humidity,wind_speed,pm2_5,pm10,co,no2
count,942.0,942.0,942.0,942.0,942.0,942.0,942.0,942.0,942.0
mean,427.19532908704883,123.74296178343948,29.01015923566879,68.87154989384288,2.007887473460722,52.631220806794055,-21229298185.309193,507.43299363057326,8.699129511677283
std,228.49487203357717,39.6967024522971,3.9040838962805724,16.409072473615716,1.2483277213818664,29.291811702816076,460484702794.81744,228.94299934841004,5.1154746878298
min,1.0,2.12,17.99,27.0,0.0,0.51,-9998999486464.0,18.08,0.0
25%,236.25,89.85,26.99,58.0,1.03,30.5925,55.3,320.5725,4.58
50%,444.5,121.98,28.99,70.0,2.06,44.129999999999995,79.765,493.64,8.29
75%,625.75,158.695,31.99,83.0,2.565,70.7925,111.455,653.7,12.0375
max,797.0,232.49,38.99,100.0,8.84,182.28,663.85,1324.55,26.91
