,id,aqi,temperature,humidity,wind_speed,pm2_5,pm10,co,no2
count,693.0,693.0,693.0,693.0,693.0,693.0,693.0,693.0,693.0
mean,326.65800865800867,109.36862914862914,29.97923520923521,73.02308802308802,2.2246320346320343,41.02111111111112,-28857141303.58794,457.08891774891777,8.573203463203463
std,178.10104599325095,34.0075746789711,3.279363812602366,14.351674621408211,1.2042473191729783,19.342556903850042,536773297401.5327,206.8309856151448,5.331521202781672
min,1.0,2.12,22.99,31.0,0.0,0.51,-9998999486464.0,18.08,0.0
25%,176.0,83.47,27.99,63.0,1.54,27.59,47.75,294.76,4.06
50%,337.0,104.18,29.99,74.0,2.06,36.8,68.17,431.75,7.97
75%,483.0,142.12,31.99,83.0,3.09,52.29,88.14,605.19,12.09
max,616.0,187.49,38.99,100.0,8.23,126.18,663.85,1179.69,26.91
