,id,aqi,temperature,humidity,wind_speed,pm2_5,pm10,co,no2
count,1142.0,1142.0,1142.0,1142.0,1142.0,1142.0,1142.0,1142.0,1142.0
mean,505.7171628721541,138.78717162872152,27.24743432574431,66.80560420315237,1.8663572679509632,69.49905429071804,-17511382525.492832,581.4559894921192,9.50875656742557
std,269.1878681594857,52.84676341034148,5.576671421105825,17.37942924920531,1.2769000882754797,51.710855530035786,418261697234.46356,296.50287434945096,5.5120837247716015
min,1.0,2.12,9.99,20.0,0.0,0.51,-9998999486464.0,18.08,0.0
25%,281.25,95.72999999999999,23.99,55.0,1.03,33.4075,60.7525,348.5775,5.09
50%,525.5,150.26999999999998,27.99,70.0,2.06,55.57,91.225,553.6500000000001,9.25
75%,736.0,167.39499999999998,30.99,79.0,2.06,87.25,139.11,734.3199999999999,13.36
max,953.0,363.54,38.99,100.0,8.84,313.61,663.85,1714.68,26.91
