,id,aqi,temperature,humidity,wind_speed,pm2_5,pm10,co,no2
count,524.0,524.0,524.0,524.0,524.0,524.0,524.0,524.0,524.0
mean,254.09732824427482,110.26795801526717,29.53030534351145,77.23473282442748,2.355038167938931,41.37114503816794,67.78020992366413,483.881354961832,9.221049618320611
std,141.15389020294663,35.1235303051896,3.1391101487666764,11.556174867037269,1.219643319358694,19.465915866507405,41.18103658412727,216.0330340663483,5.5006753144787
min,1.0,2.12,22.99,46.0,0.0,0.51,2.78,18.08,0.0
25%,134.75,83.1675,26.99,70.0,1.54,27.475,43.565,312.0975,4.7524999999999995
50%,260.5,106.935,28.99,79.0,2.06,37.97,62.55,470.845,8.61
75%,377.25,144.7475,31.99,84.0,3.09,53.427499999999995,84.47,632.13,12.7625
max,487.0,187.49,38.99,100.0,8.23,126.18,663.85,1179.69,26.91
