,id,aqi,temperature,humidity,wind_speed,pm2_5,pm10,co,no2
count,227.0,227.0,227.0,227.0,227.0,227.0,227.0,227.0,227.0
mean,114.90748898678414,105.7587665198238,29.919207048458148,77.15418502202643,2.4501762114537446,39.057709251101315,66.31845814977974,444.58991189427314,9.095726872246694
std,66.2581121187664,36.69631814948785,2.831043193442295,9.963118608552909,1.1750394324988316,19.39447266492413,51.041956260899845,198.64039792004272,5.435654072823935
min,1.0,2.12,22.99,47.0,0.0,0.51,19.51,18.08,0.76
25%,57.5,75.005,27.99,70.0,2.06,24.355,44.394999999999996,282.26,4.845
50%,116.0,102.38,28.99,79.0,2.06,36.17,60.75,397.7,8.15
75%,172.5,139.2,31.99,83.0,3.09,51.2,74.74000000000001,604.935,12.45
max,227.0,183.63,38.99,100.0,8.23,118.7,663.85,1168.94,26.91
