,id,aqi,temperature,humidity,wind_speed,pm2_5,pm10,co,no2
count,932.0,932.0,932.0,932.0,932.0,932.0,932.0,932.0,932.0
mean,423.26931330472104,123.26213519313305,29.072607296137342,68.95386266094421,2.017274678111588,52.2356330472103,-21457080356.8018,506.24213519313304,8.660010729613735
std,226.5328390711069,39.6344335187914,3.859039294897116,16.372510300785397,1.2494666005580972,29.192944782178436,462945877959.6956,229.50842489690524,5.1068791561230995
min,1.0,2.12,17.99,27.0,0.0,0.51,-9998999486464.0,18.08,0.0
25%,233.75,89.605,26.99,58.0,1.03,30.490000000000002,54.837500000000006,319.9225,4.5675
50%,440.0,120.87,28.99,70.0,2.06,43.620000000000005,79.27,492.365,8.219999999999999
75%,621.25,158.185,31.99,83.0,2.57,69.4675,110.6125,650.21,12.01
max,789.0,232.49,38.99,100.0,8.84,182.28,663.85,1324.55,26.91
