,id,aqi,temperature,humidity,wind_speed,pm2_5,pm10,co,no2
count,415.0,415.0,415.0,415.0,415.0,415.0,415.0,415.0,415.0
mean,204.6578313253012,108.9816626506024,30.10836144578313,75.6289156626506,2.3806506024096383,40.58402409638554,72.64190361445783,443.1181686746987,9.086409638554215
std,114.93681746846066,34.32260023428356,2.9727286566625684,11.254290970402943,1.2127091924100832,18.9022366835761,43.50876480626096,199.22711527401654,5.525320448958141
min,1.0,2.12,22.99,46.0,0.0,0.51,2.78,18.08,0.0
25%,104.5,83.155,27.99,66.0,1.54,27.45,47.225,278.40999999999997,4.245
50%,208.0,104.42,29.99,78.0,2.06,36.93,66.52,416.04,8.41
75%,304.0,141.825,31.99,83.0,3.09,52.245000000000005,90.47,600.125,12.715
max,395.0,187.49,38.99,100.0,8.23,126.18,663.85,1168.94,26.91
