,id,aqi,temperature,humidity,wind_speed,pm2_5,pm10,co,no2
count,529.0,529.0,529.0,529.0,529.0,529.0,529.0,529.0,529.0
mean,256.32703213610586,110.46398865784498,29.493062381852557,77.37051039697542,2.361965973534972,41.432287334593575,67.65739130434781,484.2073156899811,9.202211720226842
std,142.3297921777605,35.07908740098914,3.1520029823947473,11.588704332677302,1.246852214903476,19.403875049002004,41.01751584920025,215.23711611033298,5.480998704941874
min,1.0,2.12,22.99,46.0,0.0,0.51,2.78,18.08,0.0
25%,136.0,83.39,26.99,70.0,1.54,27.54,43.6,312.49,4.76
50%,263.0,107.11,28.99,79.0,2.06,38.15,62.41,474.16,8.6
75%,380.0,145.1,31.99,84.0,3.09,53.48,83.81,632.13,12.73
max,492.0,187.49,38.99,100.0,8.23,126.18,663.85,1179.69,26.91
