,id,aqi,temperature,humidity,wind_speed,pm2_5,pm10,co,no2
count,833.0,833.0,833.0,833.0,833.0,833.0,833.0,833.0,833.0
mean,383.96278511404563,117.12522208883553,29.530204081632657,70.16686674669867,2.116686674669868,46.5404681872749,-24007201569.766785,475.96517406962784,8.469459783913566
std,206.9178518433453,36.95434490926572,3.579605872647566,15.948603052605517,1.2435893572436305,23.22741117103716,489652405006.02277,207.1441071255145,5.125733045241924
min,1.0,2.12,19.99,27.0,0.0,0.51,-9998999486464.0,18.08,0.0
25%,209.0,86.81,26.99,59.0,1.03,29.14,52.13,311.24,4.26
50%,397.0,111.88,28.99,74.0,2.06,40.0,74.38,465.98,7.97
75%,563.0,154.54,31.99,83.0,3.09,62.36,100.37,626.1,11.87
max,720.0,187.49,38.99,100.0,8.84,126.18,663.85,1179.69,26.91
