,id,aqi,temperature,humidity,wind_speed,pm2_5,pm10,co,no2
count,737.0,737.0,737.0,737.0,737.0,737.0,737.0,737.0,737.0
mean,344.8995929443691,112.51127544097693,29.966200814111268,72.12211668928087,2.2152103120759836,43.15824966078697,-27134326891.32292,463.4784667571235,8.47561736770692
std,187.28694623708387,35.30064728362327,3.3118805331926824,14.749862264370025,1.188535356657071,20.85782432697562,520526162026.76715,204.7975443630359,5.256906888346172
min,1.0,2.12,19.99,31.0,0.0,0.51,-9998999486464.0,18.08,0.0
25%,187.0,84.46,27.99,62.0,1.54,28.03,49.25,304.01,4.06
50%,356.0,107.62,29.43,74.0,2.06,38.22,70.93,439.92,7.89
75%,512.0,151.24,31.99,83.0,3.09,56.01,92.27,609.74,11.95
max,647.0,187.49,38.99,100.0,8.23,126.18,663.85,1179.69,26.91
