,id,aqi,temperature,humidity,wind_speed,pm2_5,pm10,co,no2
count,1226.0,1226.0,1226.0,1226.0,1226.0,1226.0,1226.0,1226.0,1226.0
mean,539.1484502446982,147.31013050570962,26.456549755301797,66.28221859706362,1.8262561174551384,78.9850163132137,-16311581419.408207,635.4197389885808,10.000668841761827
std,287.6412745808471,62.94315369477588,6.232964486516464,17.58761977295082,1.2719366290141394,64.49460715850857,403690912754.4456,374.0727336407758,5.896809310303448
min,1.0,2.12,7.99,20.0,0.0,0.51,-9998999486464.0,18.08,0.0
25%,300.25,97.64750000000001,22.99,54.0,1.03,34.31,62.335,364.1925,5.285
50%,555.5,152.89999999999998,27.99,70.0,2.06,59.230000000000004,95.47999999999999,573.58,9.605
75%,779.75,172.79250000000002,30.99,79.0,2.06,97.705,160.16250000000002,790.6824999999999,13.89
max,1034.0,402.62,38.99,100.0,8.84,352.96,663.85,2380.16,28.32
