,id,aqi,temperature,humidity,wind_speed,pm2_5,pm10,co,no2
count,900.0,900.0,900.0,900.0,900.0,900.0,900.0,900.0,900.0
mean,410.66333333333336,121.21455555555556,29.237766666666673,69.16777777777777,2.0420777777777777,50.1571,-22219998775.89693,497.0128888888889,8.606977777777779
std,220.24698187622002,38.6226850715765,3.757045144971919,16.366616826193326,1.2482479888927567,26.820994203568464,471095126708.89496,223.34111865029556,5.111623842649037
min,1.0,2.12,18.99,27.0,0.0,0.51,-9998999486464.0,18.08,0.0
25%,225.75,88.91749999999999,26.99,58.0,1.03,30.18,54.177499999999995,316.41499999999996,4.470000000000001
50%,427.5,117.595,28.99,70.0,2.06,42.33,78.06,483.945,8.145
75%,599.25,156.66500000000002,31.99,83.0,2.57,66.5575,107.37,642.875,11.95
max,765.0,232.49,38.99,100.0,8.84,182.28,663.85,1324.55,26.91
