,id,aqi,temperature,humidity,wind_speed,pm2_5,pm10,co,no2
count,296.0,296.0,296.0,296.0,296.0,296.0,296.0,296.0,296.0
mean,148.66554054054055,105.44304054054054,30.264054054054053,75.47297297297297,2.4270945945945943,38.86962837837838,74.55233108108108,418.5472635135135,8.678614864864864
std,84.85001500181671,34.8943531181957,2.9367043301108797,10.961841949603206,1.1753376743083872,18.687165273607555,48.48988153375723,200.35954726765533,5.481512327536154
min,1.0,2.12,22.99,46.0,0.0,0.51,2.78,18.08,0.0
25%,74.75,77.375,27.99,66.0,2.06,24.6575,48.800000000000004,263.9375,3.9375
50%,150.5,102.33,29.99,78.0,2.06,36.115,67.41499999999999,368.76,7.91
75%,222.25,133.60750000000002,32.99,83.0,3.09,48.99,91.8675,568.3425,12.344999999999999
max,290.0,183.63,38.99,100.0,8.23,118.7,663.85,1168.94,26.91
