,id,aqi,temperature,humidity,wind_speed,pm2_5,pm10,co,no2
count,1114.0,1114.0,1114.0,1114.0,1114.0,1114.0,1114.0,1114.0,1114.0
mean,494.7648114901257,136.35091561938958,27.52679533213645,66.89138240574506,1.8855296229802514,66.62900359066427,-17951525001.057854,567.4467684021544,9.386364452423699
std,263.4144285504551,50.899434153870985,5.313440996146373,17.353878657706257,1.2736985280166322,48.6806256377562,423480834238.0987,281.67187395979664,5.466956869121437
min,1.0,2.12,10.99,20.0,0.0,0.51,-9998999486464.0,18.08,0.0
25%,274.25,94.69,24.99,55.0,1.03,32.8925,60.08,344.75,5.04
50%,515.5,146.455,27.99,70.0,2.06,54.01,88.985,544.53,9.114999999999998
75%,722.75,165.71499999999997,30.99,82.0,2.06,83.99249999999999,134.675,719.22,13.15
max,929.0,363.54,38.99,100.0,8.84,313.61,663.85,1714.68,26.91
