,id,aqi,temperature,humidity,wind_speed,pm2_5,pm10,co,no2
count,1391.0,1391.0,1391.0,1391.0,1391.0,1391.0,1391.0,1391.0,1391.0
mean,608.0438533429187,170.15166786484545,25.079856218547807,67.17109992810927,1.7454708842559308,104.25196980589503,-14376706511.371273,746.3018116462976,10.6878360891445
std,329.36976697815146,90.77196266227556,7.092993420465386,17.91754251153313,1.2563955142312633,97.5153879758897,379010901403.23596,484.8785340918347,6.213168909988618
min,1.0,2.12,6.99,20.0,0.0,0.51,-9998999486464.0,18.08,0.0
25%,337.5,102.55000000000001,20.49,55.0,1.03,36.225,66.505,388.65,5.71
50%,619.0,156.71,26.99,70.0,2.06,66.58,107.88,619.15,10.47
75%,878.5,191.255,29.99,82.0,2.06,133.47,216.16,941.75,15.01
max,1200.0,493.9,38.99,100.0,8.84,491.16,663.85,2794.89,28.32
