,id,aqi,temperature,humidity,wind_speed,pm2_5,pm10,co,no2
count,462.0,462.0,462.0,462.0,462.0,462.0,462.0,462.0,462.0
mean,226.22510822510822,109.89448051948052,29.836580086580085,76.6926406926407,2.3557575757575755,41.262380952380944,70.47770562770562,475.87577922077924,9.476883116883116
std,126.47288074301655,34.76210401490398,3.04966318560476,11.57343384159613,1.1961535287384377,19.536850456819568,42.52844531724475,218.76296061844087,5.602057708347318
min,1.0,2.12,22.99,46.0,0.0,0.51,2.78,18.08,0.0
25%,118.25,83.41,27.99,70.0,1.54,27.5525,44.7625,296.2675,4.8925
50%,231.5,105.58,28.99,79.0,2.06,37.435,65.33500000000001,459.71,8.97
75%,336.75,144.405,31.99,84.0,3.09,53.182500000000005,87.7525,626.65,13.445
max,437.0,187.49,38.99,100.0,8.23,126.18,663.85,1179.69,26.91
