,id,aqi,temperature,humidity,wind_speed,pm2_5,pm10,co,no2
count,1457.0,1457.0,1457.0,1457.0,1457.0,1457.0,1457.0,1457.0,1457.0
mean,636.3761153054221,175.05796156485928,24.4498490048044,67.78654770075498,1.729828414550446,109.72994509265614,-13725462415.587543,794.5313932738505,11.080679478380235
std,347.14956427825183,92.3607738337188,7.526678957616762,17.916446346320665,1.2425120936859306,99.51890806178578,370333139748.4802,537.3135163873083,6.574656011314426
min,1.0,2.12,6.99,20.0,0.0,0.51,-9998999486464.0,18.08,0.0
25%,352.0,105.11,18.99,55.0,1.03,37.25,68.67,401.24,5.85
50%,642.0,158.55,26.99,71.0,2.06,70.13,112.07,634.06,10.81
75%,911.0,198.94,29.99,82.0,2.06,148.35,232.62,1035.14,15.4
max,1266.0,493.9,38.99,100.0,8.84,491.16,663.85,2839.26,33.91
