,id,aqi,temperature,humidity,wind_speed,pm2_5,pm10,co,no2
count,778.0,778.0,778.0,778.0,778.0,778.0,778.0,778.0,778.0
mean,361.5796915167095,113.79967866323909,29.73677377892031,71.23393316195373,2.1974807197943442,43.974164524421596,-25704368784.484562,465.2642159383033,8.440655526992288
std,195.5440997015508,35.82543204533744,3.468392935115883,15.34483191056876,1.2252491996736408,21.23665140910864,506643058349.21686,204.25250256315053,5.19983946461448
min,1.0,2.12,19.99,27.0,0.0,0.51,-9998999486464.0,18.08,0.0
25%,197.25,84.7675,27.037499999999998,62.0,1.1775,28.26,49.7775,303.11,4.092499999999999
50%,373.5,108.68,28.99,74.0,2.06,38.65,72.34,444.47,7.885
75%,532.75,152.1575,31.99,83.0,3.09,57.865,94.365,615.1500000000001,11.9325
max,678.0,187.49,38.99,100.0,8.84,126.18,663.85,1179.69,26.91
