,id,aqi,temperature,humidity,wind_speed,pm2_5,pm10,co,no2
count,757.0,757.0,757.0,757.0,757.0,757.0,757.0,757.0,757.0
mean,353.05151915455747,112.48081902245706,29.8194715984148,71.87054161162483,2.225138705416116,43.09874504623514,-26417435822.247383,462.4281505944518,8.439682959048877
std,191.31365348278857,35.413359324419986,3.4182655160785664,14.81460888266985,1.2173463585443893,20.815525700675796,513613206543.6318,204.59547219543123,5.229326608432386
min,1.0,2.12,19.99,31.0,0.0,0.51,-9998999486464.0,18.08,0.0
25%,192.0,84.37,27.99,62.0,1.54,28.01,49.06,299.41,4.06
50%,365.0,107.7,28.99,74.0,2.06,38.29,70.98,438.95,7.85
75%,523.0,151.48,31.99,83.0,3.09,56.44,92.5,610.9,11.95
max,660.0,187.49,38.99,100.0,8.84,126.18,663.85,1179.69,26.91
