,id,aqi,temperature,humidity,wind_speed,pm2_5,pm10,co,no2
count,665.0,665.0,665.0,665.0,665.0,665.0,665.0,665.0,665.0
mean,314.94887218045113,107.34225563909773,29.89873684210526,73.8781954887218,2.2486466165413534,39.644902255639096,69.87945864661654,454.7267669172932,8.62699248120301
std,172.21192228527607,33.04699142879411,3.2588894966578366,13.758301646958994,1.20615076653742,18.083785514157654,37.78120408664361,208.68148184706484,5.375491961930062
min,1.0,2.12,22.99,32.0,0.0,0.51,2.78,18.08,0.0
25%,169.0,81.79,27.99,66.0,1.54,26.75,46.89,291.95,4.05
50%,325.0,102.21,28.99,78.0,2.06,36.0,66.49,426.33,8.0
75%,466.0,134.14,31.99,83.0,3.09,49.08,85.79,602.5,12.13
max,593.0,187.49,38.99,100.0,8.23,126.18,663.85,1179.69,26.91
