,id,aqi,temperature,humidity,wind_speed,pm2_5,pm10,co,no2
count,1398.0,1398.0,1398.0,1398.0,1398.0,1398.0,1398.0,1398.0,1398.0
mean,611.0278969957081,170.84738197424895,25.01002145922747,67.28755364806867,1.7433619456366236,105.02711015736766,-14304720139.732662,751.0443347639485,10.709763948497853
std,331.2274107715082,91.07978513447289,7.14375064650689,17.949112898792464,1.2552398404934966,97.88798451240339,378061509735.1359,488.738482755575,6.211284833726896
min,1.0,2.12,6.99,20.0,0.0,0.51,-9998999486464.0,18.08,0.0
25%,338.25,102.9325,19.99,55.0,1.03,36.324999999999996,66.8225,389.745,5.71
50%,621.5,156.79500000000002,26.99,70.0,2.06,66.75,108.54499999999999,620.585,10.504999999999999
75%,881.75,192.4925,29.99,82.0,2.06,135.86,218.35750000000002,948.5975,15.01
max,1207.0,493.9,38.99,100.0,8.84,491.16,663.85,2794.89,28.32
