,id,aqi,temperature,humidity,wind_speed,pm2_5,pm10,co,no2
count,528.0,528.0,528.0,528.0,528.0,528.0,528.0,528.0,528.0
mean,255.8806818181818,110.38573863636363,29.50348484848485,77.33901515151516,2.366439393939394,41.402765151515155,67.66780303030303,484.0544507575758,9.208219696969696
std,142.09369308563453,35.06611070188689,3.1458547128773784,11.577010219899115,1.2437782205741443,19.410380679109036,41.05571374628989,215.4124839463244,5.484452602942129
min,1.0,2.12,22.99,46.0,0.0,0.51,2.78,18.08,0.0
25%,135.75,83.3375,26.99,70.0,1.54,27.53,43.565,312.4075,4.7524999999999995
50%,262.5,107.08500000000001,28.99,79.0,2.06,38.065,62.44,473.4,8.61
75%,379.25,144.7475,31.99,84.0,3.09,53.427499999999995,83.95,632.13,12.735
max,491.0,187.49,38.99,100.0,8.23,126.18,663.85,1179.69,26.91
