,id,aqi,temperature,humidity,wind_speed,pm2_5,pm10,co,no2
count,496.0,496.0,496.0,496.0,496.0,496.0,496.0,496.0,496.0
mean,241.57862903225808,111.44582661290323,29.552741935483873,77.29838709677419,2.3737903225806454,41.97374999999999,69.53106854838708,489.0744959677419,9.476290322580645
std,134.57469806966276,34.6375362708044,3.1761571568143983,11.640562892918659,1.2207825559352719,19.414251217946454,41.416321867564676,219.72793926923134,5.519645899598693
min,1.0,2.12,22.99,46.0,0.0,0.51,2.78,18.08,0.0
25%,127.75,84.235,26.99,70.0,1.54,27.9475,44.705,310.6975,5.1925
50%,248.5,107.97999999999999,28.99,79.0,2.06,38.37,64.605,481.7,9.045
75%,358.25,146.015,31.99,84.0,3.09,53.934999999999995,86.4025,637.7875,13.285
max,464.0,187.49,38.99,100.0,8.23,126.18,663.85,1179.69,26.91
