,id,aqi,temperature,humidity,wind_speed,pm2_5,pm10,co,no2
count,1212.0,1212.0,1212.0,1212.0,1212.0,1212.0,1212.0,1212.0,1212.0
mean,533.5074257425742,145.2722524752475,26.565074257425746,66.44389438943894,1.8290841584158415,76.73511551155116,-16499999030.97145,622.0866419141914,9.896815181518154
std,284.43785366141884,60.087234313598266,6.167099414516989,17.520760007178183,1.275827894103389,61.07927842229148,406013849103.97,351.09454364092335,5.7893789471232955
min,1.0,2.12,7.99,20.0,0.0,0.51,-9998999486464.0,18.08,0.0
25%,297.0,97.4,22.99,54.0,1.03,34.2175,62.144999999999996,362.48,5.2775
50%,550.5,152.72,27.99,70.0,2.06,58.845,94.70500000000001,570.925,9.55
75%,773.25,171.81,30.99,79.0,2.06,95.7975,154.89249999999998,779.485,13.7325
max,1020.0,402.62,38.99,100.0,8.84,352.96,663.85,2362.04,28.32
