,id,aqi,temperature,humidity,wind_speed,pm2_5,pm10,co,no2
count,629.0,629.0,629.0,629.0,629.0,629.0,629.0,629.0,629.0
mean,299.88235294117646,107.6797933227345,29.82643879173291,75.04610492845786,2.2721303656597773,39.87661367249603,68.8641653418124,458.9291891891891,8.661828298887125
std,164.782037537748,33.86864274314737,3.235834543929937,12.888526408747142,1.2149583524814158,18.54159218899664,38.451909482019005,211.51649722248965,5.411352333047869
min,1.0,2.12,22.99,34.0,0.0,0.51,2.78,18.08,0.0
25%,160.0,80.44,27.99,66.0,1.54,26.33,45.81,292.3,4.06
50%,307.0,102.45,28.99,78.0,2.06,36.17,64.85,428.78,7.97
75%,445.0,139.26,31.99,84.0,3.09,51.22,85.66,608.7,12.11
max,564.0,187.49,38.99,100.0,8.23,126.18,663.85,1179.69,26.91
