,id,aqi,temperature,humidity,wind_speed,pm2_5,pm10,co,no2
count,411.0,411.0,411.0,411.0,411.0,411.0,411.0,411.0,411.0
mean,202.8199513381995,109.16394160583941,30.163041362530414,75.49148418491484,2.367518248175182,40.68087591240876,73.03182481751826,442.6971289537713,9.07956204379562
std,113.9650853294287,34.42330000813752,2.933437631399271,11.212658373098792,1.2073004239585863,18.962290581808805,43.537367710390164,200.09844421703647,5.53705868057372
min,1.0,2.12,22.99,46.0,0.0,0.51,2.78,18.08,0.0
25%,103.5,83.285,27.99,66.0,1.54,27.52,48.09,277.565,4.235
50%,206.0,104.59,29.99,78.0,2.06,37.17,67.16,403.87,8.41
75%,301.5,142.23000000000002,31.99,83.0,3.09,52.36,90.61500000000001,601.77,12.715
max,391.0,187.49,38.99,100.0,8.23,126.18,663.85,1168.94,26.91
