,id,aqi,temperature,humidity,wind_speed,pm2_5,pm10,co,no2
count,1480.0,1480.0,1480.0,1480.0,1480.0,1480.0,1480.0,1480.0,1480.0
mean,646.3635135135136,178.30389864864867,24.196081081081083,68.0,1.7258918918918917,113.35836486486487,-13512161304.402927,815.5028108108107,11.231033783783785
std,353.5008154509634,95.5407374005761,7.742646792787131,17.900785845158847,1.2355789424356232,103.29497542131814,367446247236.9546,562.989031779658,6.719906433389004
min,1.0,2.12,2.99,20.0,0.0,0.51,-9998999486464.0,18.08,0.0
25%,357.75,105.965,17.99,55.0,1.03,37.5875,69.665,403.5675,5.905
50%,649.0,159.285,26.39,71.0,2.06,71.58,113.91999999999999,640.9200000000001,10.885
75%,925.25,208.025,29.99,82.0,2.06,157.5875,238.7525,1067.5124999999998,15.6125
max,1293.0,493.9,38.99,100.0,8.84,491.16,663.85,3066.3,33.91
