,id,aqi,temperature,humidity,wind_speed,pm2_5,pm10,co,no2
count,992.0,992.0,992.0,992.0,992.0,992.0,992.0,992.0,992.0
mean,446.89415322580646,125.64111895161291,28.603901209677424,67.89012096774194,1.9964616935483874,54.18144153225806,-20159273067.592587,517.1887197580645,8.84616935483871
std,238.53901915414153,39.898101705915586,4.317974985347336,16.985154769039877,1.2522935892382343,30.08183349123451,448741750642.00244,233.35232424414676,5.199494487920691
min,1.0,2.12,13.99,20.0,0.0,0.51,-9998999486464.0,18.08,0.0
25%,248.75,90.805,25.99,56.0,1.03,31.0525,56.754999999999995,328.15999999999997,4.7075
50%,464.5,125.93,28.99,70.0,2.06,45.665000000000006,82.00999999999999,504.985,8.455
75%,651.0,159.625,31.99,83.0,2.57,72.41,115.4775,666.495,12.28
max,838.0,232.49,38.99,100.0,8.84,182.28,663.85,1324.55,26.91
