,id,aqi,temperature,humidity,wind_speed,pm2_5,pm10,co,no2
count,701.0,701.0,701.0,701.0,701.0,701.0,701.0,701.0,701.0
mean,330.00570613409417,110.01059914407988,29.991640513552067,72.82168330955777,2.2188159771754634,41.50945791726106,-28527815866.749397,458.2360770328103,8.552382310984306
std,179.80462403546906,34.34548317461346,3.2833903674206333,14.470201420934714,1.2029243636482931,19.815636386954928,533706021580.16266,206.42778553116977,5.318410331983025
min,1.0,2.12,22.99,31.0,0.0,0.51,-9998999486464.0,18.08,0.0
25%,178.0,83.68,27.99,62.0,1.54,27.72,48.19,296.07,4.06
50%,339.0,104.59,29.99,74.0,2.06,36.96,68.69,432.86,7.95
75%,489.0,143.99,31.99,83.0,3.09,53.12,88.72,606.36,12.03
max,622.0,187.49,38.99,100.0,8.23,126.18,663.85,1179.69,26.91
