,id,aqi,temperature,humidity,wind_speed,pm2_5,pm10,co,no2
count,288.0,288.0,288.0,288.0,288.0,288.0,288.0,288.0,288.0
mean,144.81944444444446,105.29545138888888,30.240416666666672,75.61111111111111,2.4319444444444445,38.853159722222216,73.62076388888889,420.7469444444444,8.697743055555556
std,82.77004396572165,35.34746309893724,2.9153682359557114,10.788825753086776,1.181932084913858,18.93987762753045,48.80217668904387,201.62536895603918,5.464464242074723
min,1.0,2.12,22.99,46.0,0.0,0.51,2.78,18.08,0.0
25%,72.75,77.2225,27.99,69.0,2.06,24.6125,48.34,264.9,3.9675000000000002
50%,146.5,101.72999999999999,29.99,78.0,2.06,35.879999999999995,66.19,368.76,7.9799999999999995
75%,216.25,135.05,32.99,83.0,3.09,50.2125,88.655,573.3775,12.3175
max,283.0,183.63,38.99,100.0,8.23,118.7,663.85,1168.94,26.91
