,id,aqi,temperature,humidity,wind_speed,pm2_5,pm10,co,no2
count,232.0,232.0,232.0,232.0,232.0,232.0,232.0,232.0,232.0
mean,117.38793103448276,106.98974137931036,29.950905172413794,77.0,2.432887931034483,39.907758620689656,67.16314655172413,451.05237068965516,9.07064655172414
std,67.643869004387,37.24263647167581,2.8216303582175137,9.930494379169579,1.1704577213336103,20.065781844101586,50.848345514593724,202.3067827619686,5.436538720529349
min,1.0,2.12,22.99,47.0,0.0,0.51,19.51,18.08,0.76
25%,58.75,76.9275,27.99,70.0,2.06,24.5675,44.555,286.075,4.7275
50%,118.5,103.155,28.99,78.0,2.06,36.67,60.845,402.04499999999996,8.125
75%,176.25,141.9425,31.99,83.0,3.09,53.427499999999995,75.715,607.265,12.405
max,232.0,183.63,38.99,100.0,8.23,118.7,663.85,1168.94,26.91
