,id,aqi,temperature,humidity,wind_speed,pm2_5,pm10,co,no2
count,783.0,783.0,783.0,783.0,783.0,783.0,783.0,783.0,783.0
mean,363.6181353767561,114.062809706258,29.71157088122606,71.11749680715198,2.192656449553001,44.097305236270756,-25540228497.773254,465.5631673052362,8.45970625798212
std,196.5716220269054,35.86147574675144,3.4853187094093263,15.405067352007087,1.2245832709329159,21.224637610709504,505024913921.4872,203.6839951147719,5.193352975775534
min,1.0,2.12,19.99,27.0,0.0,0.51,-9998999486464.0,18.08,0.0
25%,198.5,85.09,26.99,62.0,1.1,28.439999999999998,49.995000000000005,304.19,4.109999999999999
50%,376.0,108.98,28.99,74.0,2.06,38.74,72.54,445.97,7.93
75%,534.5,152.39999999999998,31.99,83.0,3.09,58.53,94.965,614.885,11.945
max,682.0,187.49,38.99,100.0,8.84,126.18,663.85,1179.69,26.91
