,id,aqi,temperature,humidity,wind_speed,pm2_5,pm10,co,no2
count,1184.0,1184.0,1184.0,1184.0,1184.0,1184.0,1184.0,1184.0,1184.0
mean,522.3108108108108,141.38798986486486,26.83965371621622,66.53716216216216,1.8384290540540542,72.41331925675676,-16890201719.143017,600.8494087837837,9.722753378378378
std,278.1858200613335,54.481563140617,5.932928894993993,17.508127924457224,1.2793645658458583,54.179573024326494,410782618239.16754,321.29981030327133,5.67542037826099
min,1.0,2.12,7.99,20.0,0.0,0.51,-9998999486464.0,18.08,0.0
25%,290.75,96.4775,23.99,55.0,1.03,33.8975,61.69,358.96000000000004,5.217499999999999
50%,539.5,151.87,27.99,70.0,2.06,57.285,93.43,565.3199999999999,9.41
75%,755.0,169.54000000000002,30.99,79.0,2.06,91.405,147.0225,755.6875,13.59
max,993.0,363.54,38.99,100.0,8.84,313.61,663.85,2285.75,28.32
