,id,aqi,temperature,humidity,wind_speed,pm2_5,pm10,co,no2
count,1425.0,1425.0,1425.0,1425.0,1425.0,1425.0,1425.0,1425.0,1425.0
mean,622.5852631578947,172.50932631578945,24.76192982456141,67.54175438596491,1.739417543859649,106.9149543859649,-14033683332.601969,772.23689122807,10.877312280701755
std,338.4575263074137,91.23214518928054,7.3074861949547305,18.01294333355729,1.2496754119473201,98.19178723116464,374465289077.555,514.6521665823695,6.3825099632671485
min,1.0,2.12,6.99,20.0,0.0,0.51,-9998999486464.0,18.08,0.0
25%,344.0,104.13,19.99,55.0,1.03,36.79,67.46,395.16,5.79
50%,630.0,157.59,26.99,70.0,2.06,68.43,110.38,627.31,10.63
75%,897.0,196.03,29.99,82.0,2.06,142.72,223.5,989.5,15.1
max,1234.0,493.9,38.99,100.0,8.84,491.16,663.85,2839.26,33.91
