,id,aqi,temperature,humidity,wind_speed,pm2_5,pm10,co,no2
count,702.0,702.0,702.0,702.0,702.0,702.0,702.0,702.0,702.0
mean,330.4230769230769,110.08588319088318,29.988789173789176,72.82905982905983,2.2185897435897433,41.56210826210827,-28487177952.276093,458.43158119658113,8.551766381766383
std,180.01630670372455,34.378891414594285,3.2819172293248666,14.461197389149412,1.2020809962754158,19.850574018002167,533326297825.6204,206.34552172719566,5.314640587916134
min,1.0,2.12,22.99,31.0,0.0,0.51,-9998999486464.0,18.08,0.0
25%,178.25,83.7225,27.99,62.0,1.54,27.74,48.239999999999995,296.2675,4.06
50%,339.5,104.59,29.845,74.0,2.06,36.965,68.71000000000001,433.425,7.96
75%,489.75,144.29,31.99,83.0,3.09,53.1275,88.75,606.0675,12.03
max,623.0,187.49,38.99,100.0,8.23,126.18,663.85,1179.69,26.91
