,id,aqi,temperature,humidity,wind_speed,pm2_5,pm10,co,no2
count,919.0,919.0,919.0,919.0,919.0,919.0,919.0,919.0,919.0
mean,418.1577801958651,122.63700761697498,29.12818280739935,69.11751904243744,2.0222742110990204,51.73869423286181,-21760608155.162216,504.66875952121876,8.653949945593036
std,223.98327562126164,39.55418071806974,3.8324715805008656,16.349108959597313,1.2506226540270173,29.06020604942716,466205202328.7726,229.62568045065143,5.115076945531892
min,1.0,2.12,18.99,27.0,0.0,0.51,-9998999486464.0,18.08,0.0
25%,230.5,89.305,26.99,58.0,1.03,30.385,54.54,319.54499999999996,4.555
50%,435.0,119.66,28.99,70.0,2.06,43.09,78.89,490.47,8.18
75%,613.5,157.69,31.99,83.0,2.57,68.6,109.225,649.22,12.01
max,779.0,232.49,38.99,100.0,8.84,182.28,663.85,1324.55,26.91
