,id,aqi,temperature,humidity,wind_speed,pm2_5,pm10,co,no2
count,394.0,394.0,394.0,394.0,394.0,394.0,394.0,394.0,394.0
mean,194.96192893401016,109.12936548223351,30.27964467005076,75.16243654822335,2.361243654822335,40.73956852791878,73.93629441624367,436.1227664974619,9.018197969543147
std,109.78413272788684,34.65087806962262,2.8758561288646325,11.220846201065847,1.197909003720121,19.17254107742427,43.90653008605993,199.53840417364316,5.565981922328756
min,1.0,2.12,22.99,46.0,0.0,0.51,2.78,18.08,0.0
25%,99.25,83.2325,27.99,66.0,1.54,27.509999999999998,49.2675,273.255,4.06
50%,199.5,104.555,29.99,78.0,2.06,37.065,68.55,394.93,8.265
75%,289.75,142.285,31.99,83.0,3.09,52.394999999999996,91.285,600.5725,12.66
max,378.0,187.49,38.99,100.0,8.23,126.18,663.85,1168.94,26.91
