,id,aqi,temperature,humidity,wind_speed,pm2_5,pm10,co,no2
count,885.0,885.0,885.0,885.0,885.0,885.0,885.0,885.0,885.0
mean,404.76158192090395,120.04606779661017,29.31541242937853,69.2677966101695,2.0627231638418078,48.86905084745763,-22596608927.63526,489.8653785310734,8.577502824858756
std,217.3463328115636,37.784523336295436,3.7137795225555643,16.394787695438307,1.2455031952886118,24.810926731929733,475066195078.12994,215.2001370549273,5.120710210088507
min,1.0,2.12,18.99,27.0,0.0,0.51,-9998999486464.0,18.08,0.0
25%,222.0,88.37,26.99,58.0,1.03,29.88,53.81,315.2,4.39
50%,420.0,115.55,28.99,71.0,2.06,41.52,77.29,478.01,8.12
75%,592.0,156.2,31.99,83.0,2.57,65.72,105.86,636.76,11.95
max,753.0,190.97,38.99,100.0,8.84,132.92,663.85,1179.69,26.91
