,id,aqi,temperature,humidity,wind_speed,pm2_5,pm10,co,no2
count,1086.0,1086.0,1086.0,1086.0,1086.0,1086.0,1086.0,1086.0,1086.0
mean,483.8674033149171,133.91377532228358,27.770837937384904,67.02117863720073,1.9037937384898715,63.70825046040516,-18414363589.429745,556.9440607734807,9.313609576427254
std,257.7743608499341,49.03421343049799,5.109294028760629,17.330256775358425,1.2690081651887022,45.526165846244865,428900352620.4591,274.7269400289831,5.4398329510184915
min,1.0,2.12,11.99,20.0,0.0,0.51,-9998999486464.0,18.08,0.0
25%,268.25,94.02499999999999,24.99,55.0,1.03,32.6225,59.2725,340.2,4.9425
50%,504.5,142.59,27.99,70.0,2.06,52.614999999999995,86.91499999999999,536.5699999999999,8.98
75%,708.0,164.095,30.99,82.0,2.0675,80.8575,128.6675,702.4575,13.037500000000001
max,907.0,363.54,38.99,100.0,8.84,313.61,663.85,1714.68,26.91
