,id,aqi,temperature,humidity,wind_speed,pm2_5,pm10,co,no2
count,531.0,531.0,531.0,531.0,531.0,531.0,531.0,531.0,531.0
mean,257.2184557438795,110.62990583804142,29.493050847457628,77.35028248587571,2.358888888888889,41.51094161958568,67.6795856873823,484.46866290018835,9.181770244821092
std,142.80022104479028,35.11710476352299,3.14739930305663,11.577372812551468,1.2459068413980028,19.411169733749542,40.94353886201097,214.91108021757339,5.4812019987304375
min,1.0,2.12,22.99,46.0,0.0,0.51,2.78,18.08,0.0
25%,136.5,83.43,26.99,70.0,1.54,27.564999999999998,43.615,312.70500000000004,4.745
50%,264.0,107.53,28.99,79.0,2.06,38.19,62.47,474.88,8.49
75%,381.5,145.45499999999998,31.99,84.0,3.09,53.685,83.61,631.8299999999999,12.73
max,493.0,187.49,38.99,100.0,8.23,126.18,663.85,1179.69,26.91
