,id,aqi,temperature,humidity,wind_speed,pm2_5,pm10,co,no2
count,750.0,750.0,750.0,750.0,750.0,750.0,750.0,750.0,750.0
mean,350.20666666666665,112.13437333333333,29.855866666666667,72.036,2.2263466666666663,42.94530666666667,-26663998557.62983,461.42044000000004,8.444053333333335
std,189.9119779478016,35.38122026542588,3.399743724470763,14.711739678881361,1.2207837388627238,20.838605812983925,516001307744.98145,204.66735164614357,5.238262596560962
min,1.0,2.12,19.99,31.0,0.0,0.51,-9998999486464.0,18.08,0.0
25%,190.25,84.275,27.99,62.0,1.54,27.9625,48.912499999999994,299.26750000000004,4.06
50%,361.5,107.17,28.99,74.0,2.06,38.09,70.845,438.145,7.85
75%,519.0,151.1175,31.99,83.0,3.09,55.915,91.95750000000001,608.7674999999999,11.9475
max,655.0,187.49,38.99,100.0,8.84,126.18,663.85,1179.69,26.91
