,id,aqi,temperature,humidity,wind_speed,pm2_5,pm10,co,no2
count,1286.0,1286.0,1286.0,1286.0,1286.0,1286.0,1286.0,1286.0,1286.0
mean,563.7449455676516,157.94841368584758,25.964331259720066,66.39813374805598,1.7915085536547435,90.76503110419905,-15550543385.653933,683.415101088647,10.297838258164852
std,302.098219323454,78.86123632383942,6.5475261122481,17.614641847319373,1.2677947008205719,83.58677059767561,394168584400.3866,433.14022376377125,6.057570700706075
min,1.0,2.12,7.99,20.0,0.0,0.51,-9998999486464.0,18.08,0.0
25%,314.25,98.91,21.99,54.0,1.03,34.925,63.935,374.28499999999997,5.44
50%,573.5,154.54,27.855,70.0,2.06,62.364999999999995,100.63499999999999,592.855,9.905000000000001
75%,815.75,178.745,30.9575,79.0,2.06,109.2325,183.9725,839.1775,14.365
max,1099.0,493.9,38.99,100.0,8.84,491.16,663.85,2794.89,28.32
