,id,aqi,temperature,humidity,wind_speed,pm2_5,pm10,co,no2
count,752.0,752.0,752.0,752.0,752.0,752.0,752.0,752.0,752.0
mean,351.0186170212766,112.2458244680851,29.83494680851064,72.03856382978724,2.224534574468085,42.99434840425532,-26593083667.58174,462.0476994680851,8.443537234042555
std,190.31043998615868,35.400020392556016,3.4197182972947724,14.694486662720605,1.2199522141986467,20.832548910670297,515315596294.6965,204.76851135295314,5.231358660682169
min,1.0,2.12,19.99,31.0,0.0,0.51,-9998999486464.0,18.08,0.0
25%,190.75,84.32499999999999,27.99,62.0,1.54,27.9675,48.9975,299.3625,4.06
50%,362.5,107.38,28.99,74.0,2.06,38.17,70.88499999999999,438.615,7.85
75%,520.0,151.245,31.99,83.0,3.09,56.114999999999995,92.27,610.03,11.942499999999999
max,656.0,187.49,38.99,100.0,8.84,126.18,663.85,1179.69,26.91
