,id,aqi,temperature,humidity,wind_speed,pm2_5,pm10,co,no2
count,501.0,501.0,501.0,501.0,501.0,501.0,501.0,501.0,501.0
mean,243.82235528942115,111.80075848303392,29.55510978043912,77.21756487025948,2.366546906187625,42.138103792415166,69.48299401197605,488.8771457085828,9.420279441117763
std,135.75587788100196,34.6675862243617,3.1788758764576133,11.681890722750467,1.2178539535984638,19.411912100491428,41.2287390034908,219.1205725942608,5.5240909769623165
min,1.0,2.12,22.99,46.0,0.0,0.51,2.78,18.08,0.0
25%,129.0,84.35,26.99,70.0,1.54,27.97,44.8,311.1,4.98
50%,251.0,108.36,28.99,79.0,2.06,38.74,64.51,483.07,8.96
75%,362.0,146.58,31.99,84.0,3.09,54.12,85.96,636.76,13.27
max,468.0,187.49,38.99,100.0,8.23,126.18,663.85,1179.69,26.91
