,id,aqi,temperature,humidity,wind_speed,pm2_5,pm10,co,no2
count,317.0,317.0,317.0,317.0,317.0,317.0,317.0,317.0,317.0
mean,158.69400630914828,105.11946372239748,30.30268138801262,75.39747634069401,2.407160883280757,38.61511041009464,76.3931545741325,412.09741324921134,8.703091482649842
std,90.24967685716521,34.014611594529285,2.9303015466832547,11.143471435612224,1.1622409127304605,18.176030860770872,47.437278671301215,199.22672236436316,5.549946564444267
min,1.0,2.12,22.99,46.0,0.0,0.51,2.78,18.08,0.0
25%,80.0,78.17,27.99,66.0,2.06,25.13,51.8,246.97,3.68
50%,161.0,101.98,29.99,78.0,2.06,35.99,70.28,366.65,7.93
75%,238.0,130.94,32.99,83.0,3.09,48.14,95.3,562.53,12.36
max,309.0,183.63,38.99,100.0,8.23,118.7,663.85,1168.94,26.91
