,id,aqi,temperature,humidity,wind_speed,pm2_5,pm10,co,no2
count,1296.0,1296.0,1296.0,1296.0,1296.0,1296.0,1296.0,1296.0,1296.0
mean,567.917438271605,160.0709413580247,25.885054012345684,66.38966049382717,1.784837962962963,93.159375,-15430554621.033882,692.3084722222222,10.345262345679012
std,304.62973812184117,82.20269015998122,6.59563736685642,17.621113639830277,1.2680337638380834,87.65193166072369,392646108110.93677,443.99393584450996,6.072298255910012
min,1.0,2.12,7.99,20.0,0.0,0.51,-9998999486464.0,18.08,0.0
25%,316.75,99.41499999999999,21.99,54.0,1.03,35.275000000000006,64.225,374.785,5.4625
50%,578.5,154.735,27.085,70.0,2.06,62.790000000000006,101.32499999999999,595.385,9.995000000000001
75%,823.0,180.0675,30.8025,79.0,2.06,111.80000000000001,185.8225,850.185,14.4925
max,1109.0,493.9,38.99,100.0,8.84,491.16,663.85,2794.89,28.32
