,id,aqi,temperature,humidity,wind_speed,pm2_5,pm10,co,no2
count,826.0,826.0,826.0,826.0,826.0,826.0,826.0,826.0,826.0
mean,381.1283292978208,116.69397094430992,29.562627118644073,70.28450363196126,2.124648910411622,46.18530266343826,-24210652431.526936,473.0524697336562,8.453813559322034
std,205.4775852911557,36.80599902972509,3.560070921859529,15.906626850257101,1.2433169459561957,22.971057873935145,491720315749.5816,204.70756261366202,5.142848625479043
min,1.0,2.12,19.99,27.0,0.0,0.51,-9998999486464.0,18.08,0.0
25%,207.25,86.475,26.99,59.0,1.03,29.0475,52.1025,309.89250000000004,4.2425
50%,393.5,111.78,28.99,74.0,2.06,39.885000000000005,74.115,462.0,7.9350000000000005
75%,558.75,154.35,31.99,83.0,3.09,62.035,99.3575,623.725,11.877500000000001
max,715.0,187.49,38.99,100.0,8.84,126.18,663.85,1179.69,26.91
