,id,aqi,temperature,humidity,wind_speed,pm2_5,pm10,co,no2
count,623.0,623.0,623.0,623.0,623.0,623.0,623.0,623.0,623.0
mean,297.34349919743175,107.67115569823436,29.803996789727126,75.1637239165329,2.279133226324238,39.889261637239166,68.63951845906902,460.08685393258423,8.696500802568218
std,163.51826397872796,33.973432441328235,3.2271521266999925,12.826902255803054,1.2176432958993275,18.611873879144255,38.540997577923534,211.86957280696222,5.41672175329803
min,1.0,2.12,22.99,34.0,0.0,0.51,2.78,18.08,0.0
25%,158.5,79.78,27.99,66.0,1.54,25.950000000000003,45.709999999999994,293.17,4.09
50%,304.0,102.38,28.99,78.0,2.06,36.09,64.51,429.65,8.0
75%,440.5,139.485,31.99,84.0,3.09,51.29,84.81,609.265,12.13
max,561.0,187.49,38.99,100.0,8.23,126.18,663.85,1179.69,26.91
