,id,aqi,temperature,humidity,wind_speed,pm2_5,pm10,co,no2
count,567.0,567.0,567.0,567.0,567.0,567.0,567.0,567.0,567.0
mean,273.19223985890653,108.77453262786597,29.595149911816574,76.57319223985891,2.3416754850088184,40.55599647266314,67.55901234567901,472.39296296296305,8.932028218694887
std,151.22673898085404,34.86333287628003,3.145185552469925,11.925320666847838,1.2331631511691739,19.191945694131412,39.835625643397485,215.51867041199083,5.479996190377519
min,1.0,2.12,22.99,46.0,0.0,0.51,2.78,18.08,0.0
25%,145.0,80.685,26.99,70.0,1.54,26.33,44.325,297.745,4.255
50%,279.0,104.18,28.99,79.0,2.06,36.89,62.51,454.49,8.17
75%,404.5,143.14499999999998,31.99,84.0,3.09,52.83,82.63,623.6,12.469999999999999
max,522.0,187.49,38.99,100.0,8.23,126.18,663.85,1179.69,26.91
