,id,aqi,temperature,humidity,wind_speed,pm2_5,pm10,co,no2
count,258.0,258.0,258.0,258.0,258.0,258.0,258.0,258.0,258.0
mean,130.2751937984496,106.72825581395348,30.090503875968995,76.37209302325581,2.4351550387596896,39.69003875968992,70.77286821705427,435.9240697674419,8.818372093023255
std,74.87154917871969,36.59097796113412,2.888241042744978,10.535520624250035,1.1705581557970182,19.662348512467407,50.455544352862304,204.61693706332815,5.480401131431637
min,1.0,2.12,22.99,46.0,0.0,0.51,2.78,18.08,0.0
25%,65.25,77.285,27.99,70.0,2.06,24.6275,45.42,269.79499999999996,4.035
50%,132.5,102.785,29.99,78.0,2.06,36.29,62.650000000000006,385.70000000000005,8.065000000000001
75%,195.75,140.05,31.99,83.0,3.09,51.615,78.495,602.8875,12.265
max,257.0,183.63,38.99,100.0,8.23,118.7,663.85,1168.94,26.91
