,id,aqi,temperature,humidity,wind_speed,pm2_5,pm10,co,no2
count,903.0,903.0,903.0,903.0,903.0,903.0,903.0,903.0,903.0
mean,411.8471760797342,121.48027685492802,29.210365448504984,69.2015503875969,2.0387153931339976,50.47950166112957,-22146178181.26314,498.2615171650055,8.608527131782946
std,220.83547996912046,38.83794087584166,3.7819053638549986,16.350217755537702,1.2503572482204526,27.365861525340478,470312796575.63165,224.02452271289903,5.10534268012141
min,1.0,2.12,18.99,27.0,0.0,0.51,-9998999486464.0,18.08,0.0
25%,226.5,89.0,26.99,58.0,1.03,30.21,54.305,317.33000000000004,4.48
50%,429.0,117.97,28.99,71.0,2.06,42.44,78.25,485.4,8.14
75%,601.5,156.74,31.99,83.0,2.57,66.68,107.56,643.5150000000001,11.95
max,768.0,232.49,38.99,100.0,8.84,182.28,663.85,1324.55,26.91
