,id,aqi,temperature,humidity,wind_speed,pm2_5,pm10,co,no2
count,994.0,994.0,994.0,994.0,994.0,994.0,994.0,994.0,994.0
mean,447.682092555332,125.75184104627766,28.59260563380282,67.83098591549296,1.9965895372233402,54.29971830985915,-20118711149.50004,517.3696177062374,8.840472837022133
std,238.94457750507974,39.93844007847829,4.32189311204151,17.02245438551537,1.251035075387632,30.187999695248593,448290528882.24866,233.41262525763761,5.197374916234727
min,1.0,2.12,13.99,20.0,0.0,0.51,-9998999486464.0,18.08,0.0
25%,249.25,90.825,25.99,55.25,1.03,31.0625,56.805,328.3075,4.702500000000001
50%,465.5,126.03,28.99,70.0,2.06,45.72,82.05,504.985,8.455
75%,651.75,159.745,31.8175,83.0,2.565,72.4475,115.67250000000001,666.605,12.27
max,839.0,232.49,38.99,100.0,8.84,182.28,663.85,1324.55,26.91
