,id,aqi,temperature,humidity,wind_speed,pm2_5,pm10,co,no2
count,1211.0,1211.0,1211.0,1211.0,1211.0,1211.0,1211.0,1211.0,1211.0
mean,533.1056977704377,145.0597440132122,26.578761354252688,66.43600330305533,1.8293228736581337,76.50701899256813,-16513624133.769777,620.8578695293146,9.890966143682906
std,284.211181043812,59.6546781344334,6.151203775357824,17.525843733146395,1.2763279083177423,60.5859008442249,406181311573.4761,348.622666498155,5.788187127488169
min,1.0,2.12,7.99,20.0,0.0,0.51,-9998999486464.0,18.08,0.0
25%,297.0,97.37,22.99,54.0,1.03,34.205,62.129999999999995,362.24,5.275
50%,550.0,152.72,27.99,70.0,2.06,58.84,94.48,570.58,9.54
75%,772.5,171.78,30.99,79.0,2.06,95.74000000000001,154.12,778.4749999999999,13.72
max,1019.0,390.27,38.99,100.0,8.84,340.58,663.85,2362.04,28.32
