,id,aqi,temperature,humidity,wind_speed,pm2_5,pm10,co,no2
count,456.0,456.0,456.0,456.0,456.0,456.0,456.0,456.0,456.0
mean,223.48026315789474,109.86804824561403,29.898157894736844,76.48684210526316,2.351754385964912,41.28015350877193,70.85802631578947,472.2249561403509,9.4422149122807
std,124.99955008594566,34.936202815579335,3.0206372417824414,11.505175238062693,1.182815412471752,19.648722235068846,42.67007577501427,217.62667567481887,5.614983225428467
min,1.0,2.12,22.99,46.0,0.0,0.51,2.78,18.08,0.0
25%,116.75,83.1675,27.99,70.0,1.54,27.475,45.18,295.72,4.8475
50%,228.5,105.25999999999999,28.99,79.0,2.06,37.36,65.53999999999999,451.325,8.895
75%,332.25,144.71,31.99,84.0,3.09,53.427499999999995,88.05,623.9125,13.434999999999999
max,433.0,187.49,38.99,100.0,8.23,126.18,663.85,1179.69,26.91
