,id,aqi,temperature,humidity,wind_speed,pm2_5,pm10,co,no2
count,1406.0,1406.0,1406.0,1406.0,1406.0,1406.0,1406.0,1406.0,1406.0
mean,614.4445234708393,171.51857041251776,24.92882645803699,67.43598862019914,1.7418634423897579,105.78743243243244,-14223327705.02202,760.4030014224752,10.796009957325747
std,333.3591195904417,91.28968731296322,7.2046170429591925,18.006952769013783,1.252336042864253,98.1595145528253,376985178041.8903,503.90257002049776,6.322864385121746
min,1.0,2.12,6.99,20.0,0.0,0.51,-9998999486464.0,18.08,0.0
25%,340.25,103.225,19.99,55.0,1.03,36.4175,67.1325,391.2425,5.7325
50%,623.5,156.97,26.99,70.0,2.06,67.31,108.905,623.975,10.57
75%,886.0,193.45749999999998,29.99,82.0,2.06,137.7275,221.815,956.25,15.057500000000001
max,1215.0,493.9,38.99,100.0,8.84,491.16,663.85,2839.26,33.91
