,id,aqi,temperature,humidity,wind_speed,pm2_5,pm10,co,no2
count,1433.0,1433.0,1433.0,1433.0,1433.0,1433.0,1433.0,1433.0,1433.0
mean,626.0237264480112,172.94378925331472,24.68923237962317,67.59944173063504,1.7386880669923237,107.40498953244939,-13955337576.48269,776.1093928820655,10.91348220516399
std,340.6185705592796,91.25225584616643,7.352515092218254,17.982884467357565,1.247916737069338,98.2460854730179,373419296656.4455,517.1130702144092,6.402361510230341
min,1.0,2.12,6.99,20.0,0.0,0.51,-9998999486464.0,18.08,0.0
25%,346.0,104.2,19.99,55.0,1.03,36.89,67.98,396.89,5.82
50%,633.0,157.83,26.99,70.0,2.06,68.76,110.71,629.26,10.66
75%,901.0,196.62,29.99,82.0,2.06,143.85,224.51,1000.22,15.17
max,1242.0,493.9,38.99,100.0,8.84,491.16,663.85,2839.26,33.91
