,id,aqi,temperature,humidity,wind_speed,pm2_5,pm10,co,no2
count,1367.0,1367.0,1367.0,1367.0,1367.0,1367.0,1367.0,1367.0,1367.0
mean,597.848573518654,166.79416971470374,25.301623994147775,66.86027798098024,1.7606730065837601,100.56835405998537,-14629113947.821552,729.1851719092904,10.603123628383322
std,323.0493523922513,87.60081561555221,6.937872952777539,17.84093359354515,1.2566172668010358,93.94883008908279,382321096122.37103,468.013978929218,6.184906234211903
min,1.0,2.12,7.99,20.0,0.0,0.51,-9998999486464.0,18.08,0.0
25%,332.5,102.12,20.99,55.0,1.03,35.980000000000004,66.17,384.3,5.675
50%,610.0,156.2,26.99,70.0,2.06,65.72,106.69,614.36,10.36
75%,863.5,188.21499999999997,29.99,82.0,2.06,127.58,207.7,916.185,14.965
max,1177.0,493.9,38.99,100.0,8.84,491.16,663.85,2794.89,28.32
