,id,aqi,temperature,humidity,wind_speed,pm2_5,pm10,co,no2
count,1419.0,1419.0,1419.0,1419.0,1419.0,1419.0,1419.0,1419.0,1419.0
mean,620.0105708245243,172.2517829457364,24.8131148696265,67.54545454545455,1.7409654686398874,106.6246793516561,-14093022375.089676,769.8711486962649,10.865144467935165
std,336.8422314478522,91.27628133919694,7.278676346689439,18.03792076320534,1.2510928304150384,98.21544241904725,375255577426.67053,513.424258360412,6.378543592991252
min,1.0,2.12,6.99,20.0,0.0,0.51,-9998999486464.0,18.08,0.0
25%,343.0,103.61,19.99,55.0,1.03,36.72,67.35,394.45,5.79
50%,629.0,157.56,26.99,70.0,2.06,68.21,110.03,627.09,10.62
75%,893.5,195.06,29.99,82.0,2.06,140.825,223.25,982.5250000000001,15.094999999999999
max,1228.0,493.9,38.99,100.0,8.84,491.16,663.85,2839.26,33.91
