,id,aqi,temperature,humidity,wind_speed,pm2_5,pm10,co,no2
count,494.0,494.0,494.0,494.0,494.0,494.0,494.0,494.0,494.0
mean,240.68016194331983,111.29925101214573,29.565141700404862,77.26315789473684,2.375080971659919,41.92216599190283,69.55151821862347,489.01736842105265,9.48066801619433
std,134.10151361762334,34.62983469143821,3.17642512140431,11.649355506612398,1.222647135428314,19.436229213751055,41.49893651857955,220.1711441077737,5.5300794076283175
min,1.0,2.12,22.99,46.0,0.0,0.51,2.78,18.08,0.0
25%,127.25,84.205,26.99,70.0,1.54,27.9225,44.615,309.89250000000004,5.1575
50%,247.5,107.755,28.99,79.0,2.06,38.334999999999994,64.605,480.19,9.045
75%,357.75,145.8425,31.99,84.0,3.09,53.8675,86.4675,639.8425,13.295
max,462.0,187.49,38.99,100.0,8.23,126.18,663.85,1179.69,26.91
