,id,aqi,temperature,humidity,wind_speed,pm2_5,pm10,co,no2
count,812.0,812.0,812.0,812.0,812.0,812.0,812.0,812.0,812.0
mean,375.44458128078816,115.92971674876847,29.619298029556653,70.4692118226601,2.1473275862068966,45.58541871921182,-24628077475.337948,471.09327586206894,8.486785714285714
std,202.58686619648253,36.58378871964555,3.5288870445181098,15.796885483958548,1.2353035943592285,22.536720498952057,495935973446.6299,204.66713443536915,5.1677592363542955
min,1.0,2.12,19.99,27.0,0.0,0.51,-9998999486464.0,18.08,0.0
25%,205.0,86.11,26.99,59.75,1.03,28.8325,51.7575,308.8075,4.2175
50%,387.5,110.875,28.99,74.0,2.06,39.685,73.83,456.775,7.965
75%,553.25,154.135,31.99,83.0,3.09,61.6275,97.25,620.4925,11.942499999999999
max,706.0,187.49,38.99,100.0,8.84,126.18,663.85,1179.69,26.91
