,id,aqi,temperature,humidity,wind_speed,pm2_5,pm10,co,no2
count,373.0,373.0,373.0,373.0,373.0,373.0,373.0,373.0,373.0
mean,185.1662198391421,106.71898123324397,30.26378016085791,75.36461126005362,2.4058713136729217,39.52458445040214,74.08876675603217,425.65825737265425,8.825093833780162
std,104.52840451502604,33.945989066316905,2.8724784968702033,11.210403778306496,1.203879305098636,18.678316942882994,44.95647710796401,195.80816424739186,5.391909640795633
min,1.0,2.12,22.99,46.0,0.0,0.51,2.78,18.08,0.0
25%,94.0,81.43,27.99,66.0,1.54,26.57,48.77,266.5,4.03
50%,189.0,102.21,29.99,78.0,2.06,36.02,68.69,387.1,8.2
75%,275.0,133.43,31.99,83.0,3.09,48.96,92.27,587.71,12.34
max,359.0,187.49,38.99,100.0,8.23,126.18,663.85,1168.94,26.91
