,id,aqi,temperature,humidity,wind_speed,pm2_5,pm10,co,no2
count,572.0,572.0,572.0,572.0,572.0,572.0,572.0,572.0,572.0
mean,275.38986013986016,108.604493006993,29.614335664335666,76.45104895104895,2.337412587412588,40.46344405594405,67.66353146853147,470.87802447552457,8.890611888111888
std,152.37422858289585,34.793290915595406,3.161074837585058,12.04643884786238,1.2291973165988237,19.14548810392857,39.72420126939152,215.2987545760772,5.4794892007964355
min,1.0,2.12,22.99,37.0,0.0,0.51,2.78,18.08,0.0
25%,145.75,80.2825,26.99,69.0,1.54,26.2725,44.474999999999994,296.6625,4.2475000000000005
50%,281.5,103.61,28.99,79.0,2.06,36.730000000000004,62.644999999999996,449.68,8.14
75%,407.25,142.54000000000002,31.99,84.0,3.09,52.5225,83.095,622.255,12.425
max,526.0,187.49,38.99,100.0,8.23,126.18,663.85,1179.69,26.91
