,id,aqi,temperature,humidity,wind_speed,pm2_5,pm10,co,no2
count,809.0,809.0,809.0,809.0,809.0,809.0,809.0,809.0,809.0
mean,374.22249690976514,115.77729295426451,29.617923362175528,70.57478368355996,2.1489245982694682,45.5053152039555,-24719405327.87825,471.17920889987636,8.489975278121136
std,201.96306381793684,36.564591000909935,3.5329083591734163,15.721891686495988,1.2369616862970931,22.53355346726648,496853518988.68805,204.86174686983782,5.1687544939946655
min,1.0,2.12,19.99,27.0,0.0,0.51,-9998999486464.0,18.08,0.0
25%,205.0,86.02,26.99,61.0,1.03,28.81,51.63,309.17,4.23
50%,386.0,110.43,28.99,74.0,2.06,39.35,73.83,456.93,7.96
75%,551.0,154.05,31.99,83.0,3.09,61.57,97.23,620.4,11.94
max,703.0,187.49,38.99,100.0,8.84,126.18,663.85,1179.69,26.91
