,id,aqi,temperature,humidity,wind_speed,pm2_5,pm10,co,no2
count,367.0,367.0,367.0,367.0,367.0,367.0,367.0,367.0,367.0
mean,182.3542234332425,106.18062670299727,30.29822888283379,75.26430517711172,2.3961580381471386,39.30441416893733,74.34659400544959,423.12070844686644,8.808637602179836
std,103.01631192064372,33.92469928735283,2.8798873634498356,11.22878843025954,1.1759447810000128,18.72148638845278,45.26689585968842,195.59675299734218,5.3798677840420455
min,1.0,2.12,22.99,46.0,0.0,0.51,2.78,18.08,0.0
25%,92.5,80.93,27.99,66.0,2.06,26.45,48.29,266.265,4.025
50%,186.0,101.64,29.99,78.0,2.06,35.86,69.0,383.57,8.2
75%,271.5,133.02499999999998,32.99,83.0,3.09,48.629999999999995,92.31,586.1700000000001,12.22
max,354.0,187.49,38.99,100.0,8.23,126.18,663.85,1168.94,26.91
