,id,aqi,temperature,humidity,wind_speed,pm2_5,pm10,co,no2
count,910.0,910.0,910.0,910.0,910.0,910.0,910.0,910.0,910.0
mean,414.610989010989,122.05257142857143,29.1779010989011,69.16153846153846,2.032087912087912,51.14365934065933,-21975822962.830273,501.1938131868132,8.626208791208791
std,222.2144285242192,39.25870716427075,3.7957845721616796,16.33819062436404,1.2491440558842568,28.379146466045263,468502411227.4346,226.54048986812498,5.109075384792378
min,1.0,2.12,18.99,27.0,0.0,0.51,-9998999486464.0,18.08,0.0
25%,228.25,89.14999999999999,26.99,58.0,1.03,30.2725,54.462500000000006,318.83750000000003,4.4975000000000005
50%,432.5,118.36,28.99,70.0,2.06,42.61,78.41999999999999,487.245,8.16
75%,608.75,156.98000000000002,31.99,83.0,2.57,67.455,108.55749999999999,646.165,11.98
max,774.0,232.49,38.99,100.0,8.84,182.28,663.85,1324.55,26.91
