,id,aqi,temperature,humidity,wind_speed,pm2_5,pm10,co,no2
count,830.0,830.0,830.0,830.0,830.0,830.0,830.0,830.0,830.0
mean,382.74939759036147,116.91908433734939,29.547819277108438,70.20361445783132,2.120614457831325,46.34597590361446,-24093974587.964603,474.0410963855422,8.46421686746988
std,206.30228291442685,36.86086229327435,3.565468812978563,15.937475434608244,1.2430859624515258,23.039936753309973,490535452722.53455,204.9718998290848,5.133606491573963
min,1.0,2.12,19.99,27.0,0.0,0.51,-9998999486464.0,18.08,0.0
25%,208.25,86.6375,26.99,59.0,1.03,29.1325,52.115,311.135,4.2524999999999995
50%,395.5,111.82,28.99,74.0,2.06,39.91,74.23,464.33500000000004,7.955
75%,561.0,154.4375,31.99,83.0,3.09,62.205,100.24000000000001,624.3475,11.877500000000001
max,719.0,187.49,38.99,100.0,8.84,126.18,663.85,1179.69,26.91
