,id,aqi,temperature,humidity,wind_speed,pm2_5,pm10,co,no2
count,858.0,858.0,858.0,858.0,858.0,858.0,858.0,858.0,858.0
mean,394.0198135198135,118.58965034965033,29.436375291375295,69.61771561771562,2.095827505827506,47.72615384615385,-23307691030.80457,484.39987179487184,8.555617715617716
std,211.99205381062043,37.41278202906258,3.6417817563305928,16.259154524780474,1.2401211323710137,24.075651041134556,482474507377.7958,213.95246637460895,5.1540967519634915
min,1.0,2.12,19.99,27.0,0.0,0.51,-9998999486464.0,18.08,0.0
25%,215.25,87.53,26.99,58.25,1.03,29.485,53.1525,312.5925,4.327500000000001
50%,407.5,113.28999999999999,28.99,73.0,2.06,40.54,76.17,472.31,8.065000000000001
75%,573.75,155.1625,31.99,83.0,2.735,63.7975,102.425,632.13,11.95
max,737.0,187.49,38.99,100.0,8.84,126.18,663.85,1179.69,26.91
