,id,aqi,temperature,humidity,wind_speed,pm2_5,pm10,co,no2
count,476.0,476.0,476.0,476.0,476.0,476.0,476.0,476.0,476.0
mean,232.5861344537815,110.01993697478993,29.685630252100843,77.03781512605042,2.3729831932773107,41.2959243697479,69.75170168067227,483.7402731092437,9.556134453781514
std,129.85482962047632,34.50376353837084,3.1349583094430535,11.61716690961052,1.2302894514925264,19.398743393555286,42.18253693854687,221.325846560008,5.595638694064843
min,1.0,2.12,22.99,46.0,0.0,0.51,2.78,18.08,0.0
25%,121.75,83.5525,27.99,70.0,1.54,27.6275,44.3475,300.34,5.1525
50%,238.5,105.86500000000001,28.99,79.0,2.06,37.515,64.605,474.52,9.1
75%,344.25,144.09,31.99,84.0,3.09,53.1225,86.7025,633.86,13.49
max,447.0,187.49,38.99,100.0,8.23,126.18,663.85,1179.69,26.91
