,id,aqi,temperature,humidity,wind_speed,pm2_5,pm10,co,no2
count,548.0,548.0,548.0,548.0,548.0,548.0,548.0,548.0,548.0
mean,264.79014598540147,109.74675182481752,29.5321897810219,77.0529197080292,2.3580474452554747,41.05518248175182,67.43870437956205,478.9045985401459,9.050109489051097
std,146.80850282717023,34.99797504244712,3.1447482038412335,11.712855273700159,1.2402112596224788,19.30642499840208,40.42627755062089,215.26237336784044,5.489739139503817
min,1.0,2.12,22.99,46.0,0.0,0.51,2.78,18.08,0.0
25%,140.75,81.805,26.99,70.0,1.54,27.14,43.652499999999996,307.005,4.4575000000000005
50%,270.5,105.86500000000001,28.99,79.0,2.06,37.515,62.295,468.17,8.33
75%,391.25,144.4525,31.99,84.0,3.09,53.205,83.38749999999999,627.3325,12.6075
max,508.0,187.49,38.99,100.0,8.23,126.18,663.85,1179.69,26.91
