,id,aqi,temperature,humidity,wind_speed,pm2_5,pm10,co,no2
count,1089.0,1089.0,1089.0,1089.0,1089.0,1089.0,1089.0,1089.0,1089.0
mean,485.03673094582183,134.12683195592285,27.754912764003677,66.98347107438016,1.901386593204775,63.975849403122126,-18363635314.468945,557.4981083562901,9.31317722681359
std,258.3792358761643,49.1354313985606,5.1119614286214805,17.327079030234167,1.2688542069072668,45.74914234208247,428309718097.009,274.63845234412685,5.440934902802985
min,1.0,2.12,11.99,20.0,0.0,0.51,-9998999486464.0,18.08,0.0
25%,269.0,94.13,24.99,55.0,1.03,32.66,59.37,340.95,4.93
50%,506.0,143.6,27.99,70.0,2.06,52.86,87.09,539.09,8.98
75%,709.0,164.18,30.99,82.0,2.06,81.02,129.68,703.46,13.05
max,909.0,363.54,38.99,100.0,8.84,313.61,663.85,1714.68,26.91
