,id,aqi,temperature,humidity,wind_speed,pm2_5,pm10,co,no2
count,246.0,246.0,246.0,246.0,246.0,246.0,246.0,246.0,246.0
mean,124.33739837398375,107.94654471544715,29.985650406504064,76.90650406504065,2.4221138211382116,40.324593495934955,69.75882113821137,445.77878048780497,8.93170731707317
std,71.54536154719047,36.95480961009542,2.83525836272605,10.079854548978117,1.168935501813523,19.883649000854497,51.21954073689543,203.48328317874322,5.4910423094890914
min,1.0,2.12,22.99,47.0,0.0,0.51,2.78,18.08,0.0
25%,62.25,77.5175,27.99,70.0,2.06,24.9225,44.8225,279.3225,4.0775
50%,126.5,105.68,28.99,78.0,2.06,37.56,61.785,396.58500000000004,8.08
75%,186.75,144.4975,31.99,83.0,3.09,53.4625,77.3875,607.18,12.3475
max,246.0,183.63,38.99,100.0,8.23,118.7,663.85,1168.94,26.91
