,id,aqi,temperature,humidity,wind_speed,pm2_5,pm10,co,no2
count,1386.0,1386.0,1386.0,1386.0,1386.0,1386.0,1386.0,1386.0,1386.0
mean,605.9155844155844,169.3369191919192,25.129242424242427,67.08946608946609,1.7491702741702742,103.36383838383838,-14428570533.501293,741.7972799422799,10.677474747474747
std,328.04733206450584,89.8902632047633,7.056964253828711,17.897157191213584,1.2559910281059032,96.53509677095408,379693434124.10614,479.6175059848302,6.218746409341193
min,1.0,2.12,6.99,20.0,0.0,0.51,-9998999486464.0,18.08,0.0
25%,337.0,102.3975,20.99,55.0,1.03,36.11,66.3775,387.55,5.702500000000001
50%,616.5,156.60000000000002,26.99,70.0,2.06,66.41499999999999,107.59,618.585,10.434999999999999
75%,875.0,190.2225,29.99,82.0,2.06,131.4575,213.1525,933.56,15.0075
max,1195.0,493.9,38.99,100.0,8.84,491.16,663.85,2794.89,28.32
