,id,aqi,temperature,humidity,wind_speed,pm2_5,pm10,co,no2
count,1164.0,1164.0,1164.0,1164.0,1164.0,1164.0,1164.0,1164.0,1164.0
mean,514.3788659793814,139.61284364261167,27.035524054982815,66.64604810996563,1.846125429553265,70.38128006872851,-17180411375.05145,586.9996391752577,9.588505154639176
std,273.84277882598246,52.71664549619086,5.7633564773542725,17.465361169325515,1.2788150233225943,51.74179135193045,414293634381.616,298.43825797863303,5.546670385347225
min,1.0,2.12,8.99,20.0,0.0,0.51,-9998999486464.0,18.08,0.0
25%,286.75,96.125,23.99,55.0,1.03,33.5825,61.11,354.875,5.1775
50%,531.5,151.485,27.99,70.0,2.06,56.489999999999995,92.37,559.595,9.335
75%,747.25,168.63,30.99,79.0,2.06,89.64750000000001,142.39,745.4025,13.4525
max,974.0,363.54,38.99,100.0,8.84,313.61,663.85,1714.68,26.91
