,id,aqi,temperature,humidity,wind_speed,pm2_5,pm10,co,no2
count,850.0,850.0,850.0,850.0,850.0,850.0,850.0,850.0,850.0
mean,390.8176470588235,118.14471764705881,29.466458823529415,69.78588235294117,2.1010117647058824,47.38204705882354,-23527057535.852108,482.2464117647059,8.528658823529412
std,210.3878317187778,37.296848384148326,3.622990071281785,16.16482499879716,1.242782190682441,23.877961719445107,484736990347.6159,213.0366076643416,5.14981455531487
min,1.0,2.12,19.99,27.0,0.0,0.51,-9998999486464.0,18.08,0.0
25%,213.25,87.39750000000001,26.99,59.0,1.03,29.4625,52.964999999999996,312.2425,4.305
50%,404.5,113.055,28.99,73.0,2.06,40.415,75.61,471.065,8.04
75%,570.75,155.07500000000002,31.99,83.0,2.935,63.415,101.8175,629.7575,11.9325
max,731.0,187.49,38.99,100.0,8.84,126.18,663.85,1179.69,26.91
