,id,aqi,temperature,humidity,wind_speed,pm2_5,pm10,co,no2
count,969.0,969.0,969.0,969.0,969.0,969.0,969.0,969.0,969.0
mean,437.82146542827655,124.39510835913315,28.80010319917441,68.39938080495357,2.017275541795666,52.902662538699694,-20637769749.793377,511.6384829721362,8.775861713106295
std,233.87677344831422,39.49178632058737,4.108427212802078,16.633272180117004,1.2501504898792757,29.058179321243575,454030694164.9676,231.54171164138944,5.172842316330289
min,1.0,2.12,14.99,27.0,0.0,0.51,-9998999486464.0,18.08,0.0
25%,243.0,90.43,26.99,57.0,1.03,30.9,55.85,325.21,4.65
50%,454.0,123.09,28.99,70.0,2.06,44.55,80.58,498.67,8.38
75%,641.0,158.73,31.99,83.0,2.57,70.9,112.68,659.54,12.12
max,820.0,232.49,38.99,100.0,8.84,182.28,663.85,1324.55,26.91
