,id,aqi,temperature,humidity,wind_speed,pm2_5,pm10,co,no2
count,953.0,953.0,953.0,953.0,953.0,953.0,953.0,953.0,953.0
mean,431.52256033578175,124.11487932843653,28.929129066107034,68.7208814270724,2.018730325288563,52.77991605456453,-20984259065.179058,507.1756977964323,8.687481636935992
std,230.6771539033148,39.61948486141576,3.982690011019018,16.469469923419048,1.2509373643768567,29.167109065751614,457822231507.9975,228.1056447494354,5.097590009336411
min,1.0,2.12,16.99,27.0,0.0,0.51,-9998999486464.0,18.08,0.0
25%,239.0,89.99,26.99,58.0,1.03,30.71,55.48,323.93,4.61
50%,448.0,122.62,28.99,70.0,2.06,44.3,80.14,493.64,8.28
75%,631.0,158.59,31.99,83.0,2.57,70.47,112.08,652.95,12.03
max,806.0,232.49,38.99,100.0,8.84,182.28,663.85,1324.55,26.91
