,id,aqi,temperature,humidity,wind_speed,pm2_5,pm10,co,no2
count,1353.0,1353.0,1353.0,1353.0,1353.0,1353.0,1353.0,1353.0,1353.0
mean,591.9150036954915,165.66630450849962,25.414235033259427,66.79822616407982,1.7674870657797486,99.2741019955654,-14780486896.599077,722.9782926829267,10.525691056910567
std,319.376198599431,87.26037894017504,6.872378296961892,17.8462764365566,1.2537140256077774,93.4847786060181,384292558077.3767,465.5632433868324,6.142453840734065
min,1.0,2.12,7.99,20.0,0.0,0.51,-9998999486464.0,18.08,0.0
25%,330.0,101.89,20.99,55.0,1.03,35.89,65.8,383.69,5.61
50%,601.0,155.82,26.99,70.0,2.06,64.92,105.86,608.43,10.24
75%,856.0,185.55,29.99,82.0,2.06,122.42,200.75,902.06,14.88
max,1165.0,493.9,38.99,100.0,8.84,491.16,663.85,2794.89,28.32
