,id,aqi,temperature,humidity,wind_speed,pm2_5,pm10,co,no2
count,1110.0,1110.0,1110.0,1110.0,1110.0,1110.0,1110.0,1110.0,1110.0
mean,493.20540540540543,136.0414054054054,27.55305405405406,66.95675675675676,1.883972972972973,66.25202702702703,-18016215182.17979,566.1781351351351,9.363108108108108
std,262.60154919712147,50.712941478188924,5.301805700427237,17.3327359926867,1.2731954570869979,48.34232293529296,424242488558.5589,280.8612138500114,5.435478977936678
min,1.0,2.12,10.99,20.0,0.0,0.51,-9998999486464.0,18.08,0.0
25%,273.25,94.65,24.99,55.0,1.03,32.875,60.055,344.0025,5.04
50%,513.5,145.77499999999998,27.99,70.0,2.06,53.825,88.595,543.905,9.1
75%,720.0,165.5525,30.99,82.0,2.06,83.685,133.9,717.4150000000001,13.137500000000001
max,925.0,363.54,38.99,100.0,8.84,313.61,663.85,1714.68,26.91
