,id,aqi,temperature,humidity,wind_speed,pm2_5,pm10,co,no2
count,891.0,891.0,891.0,891.0,891.0,891.0,891.0,891.0,891.0
mean,407.1212121212121,120.4795622895623,29.285162738496073,69.21997755331088,2.0557687991021325,49.34953984287318,-22444443209.778694,492.7994612794613,8.58354657687991
std,218.502057967556,38.034620732992416,3.732240139949529,16.385142776909827,1.2451288225273445,25.468954150462373,473465751060.1608,218.8110645194021,5.113494571572587
min,1.0,2.12,18.99,27.0,0.0,0.51,-9998999486464.0,18.08,0.0
25%,223.5,88.475,26.99,58.0,1.03,30.015,53.86,315.905,4.415
50%,423.0,116.44,28.99,71.0,2.06,41.86,77.48,479.41,8.13
75%,595.5,156.415,31.99,83.0,2.57,66.055,106.50999999999999,638.6949999999999,11.95
max,757.0,193.47,38.99,100.0,8.84,137.75,663.85,1222.38,26.91
