,id,aqi,temperature,humidity,wind_speed,pm2_5,pm10,co,no2
count,1137.0,1137.0,1137.0,1137.0,1137.0,1137.0,1137.0,1137.0,1137.0
mean,503.7590149516271,138.37954265611256,27.30661389621812,66.7915567282322,1.8682233948988567,69.00758135444151,-17588389485.779243,578.3721372031662,9.474300791556727
std,268.15014445954847,52.60184055114534,5.513105837129489,17.382796633144295,1.2782275536554624,51.287695611809774,419179539910.485,293.38243592853587,5.4951984377920695
min,1.0,2.12,9.99,20.0,0.0,0.51,-9998999486464.0,18.08,0.0
25%,279.0,95.46,24.99,55.0,1.03,33.36,60.7,348.3,5.08
50%,524.0,149.43,27.99,70.0,2.06,55.19,90.68,552.64,9.23
75%,733.0,166.79,30.99,79.0,2.06,86.08,138.19,730.39,13.32
max,948.0,363.54,38.99,100.0,8.84,313.61,663.85,1714.68,26.91
