,id,aqi,temperature,humidity,wind_speed,pm2_5,pm10,co,no2
count,1171.0,1171.0,1171.0,1171.0,1171.0,1171.0,1171.0,1171.0,1171.0
mean,517.1502988898377,139.98035012809564,26.969496157130664,66.61571306575577,1.8430059777967547,70.81501280956446,-17077710366.573938,590.2845260461144,9.628138343296328
std,275.35348151802737,52.807972605772385,5.815500302039319,17.44880352177564,1.2782562304023892,51.963388017449105,413054560072.9175,301.5677965520774,5.571351793306217
min,1.0,2.12,8.99,20.0,0.0,0.51,-9998999486464.0,18.08,0.0
25%,288.0,96.275,23.99,55.0,1.03,33.675,61.24,356.455,5.2
50%,534.0,151.57,27.99,70.0,2.06,56.68,92.58,560.31,9.37
75%,749.0,168.835,30.99,79.0,2.06,90.03999999999999,143.29,748.6700000000001,13.485
max,981.0,363.54,38.99,100.0,8.84,313.61,663.85,1714.68,26.91
