,id,aqi,temperature,humidity,wind_speed,pm2_5,pm10,co,no2
count,340.0,340.0,340.0,340.0,340.0,340.0,340.0,340.0,340.0
mean,169.66470588235293,105.53794117647057,30.272705882352945,75.54705882352941,2.3851176470588236,39.01297058823529,76.34523529411766,411.72247058823535,8.794676470588234
std,96.22303516811027,34.14248733142433,2.9026516768116455,11.170209941806027,1.143395934663263,18.860436349437087,46.167649385657285,197.51045364309954,5.531889013728646
min,1.0,2.12,22.99,46.0,0.0,0.51,2.78,18.08,0.0
25%,85.75,78.825,27.99,66.0,2.06,25.62,51.815,249.45999999999998,3.8625
50%,172.5,101.765,29.99,78.0,2.06,35.879999999999995,70.91,366.49,8.065000000000001
75%,254.25,132.2875,32.24,83.0,3.09,48.457499999999996,93.4725,563.3149999999999,12.51
max,330.0,187.49,38.99,100.0,8.23,126.18,663.85,1168.94,26.91
