,id,aqi,temperature,humidity,wind_speed,pm2_5,pm10,co,no2
count,800.0,800.0,800.0,800.0,800.0,800.0,800.0,800.0,800.0
mean,370.55125,115.11965000000001,29.646237500000005,70.77,2.1615124999999997,44.886624999999995,-24997498639.42892,468.70539999999994,8.487425
std,200.08857831571248,36.22937169057541,3.523648939083054,15.622970156011293,1.236016487872073,21.840722270474366,499637016565.97034,204.05372831042988,5.177594274609163
min,1.0,2.12,19.99,27.0,0.0,0.51,-9998999486464.0,18.08,0.0
25%,202.75,85.775,26.99,61.0,1.03,28.68,50.985,307.5425,4.175
50%,383.5,110.025,28.99,74.0,2.06,39.2,73.47999999999999,452.16499999999996,7.955
75%,545.25,153.43,31.99,83.0,3.09,60.5675,96.255,618.4175,11.942499999999999
max,697.0,187.49,38.99,100.0,8.84,126.18,663.85,1179.69,26.91
