,id,aqi,temperature,humidity,wind_speed,pm2_5,pm10,co,no2
count,1052.0,1052.0,1052.0,1052.0,1052.0,1052.0,1052.0,1052.0,1052.0
mean,470.5294676806084,129.69404942965778,28.07934410646388,67.17205323193916,1.9369296577946766,58.86479087452471,-19009504628.17503,539.0274049429659,9.155152091254754
std,250.814725890643,42.45721415524558,4.826540765755037,17.310283551043444,1.264453407368188,35.71386686492073,435769635771.1241,251.39648184856878,5.389986052285299
min,1.0,2.12,11.99,20.0,0.0,0.51,-9998999486464.0,18.08,0.0
25%,261.75,93.07,25.99,55.0,1.03,32.2375,57.8725,337.8775,4.8375
50%,489.5,136.595,28.134999999999998,70.0,2.06,50.355000000000004,85.16,524.48,8.83
75%,687.25,162.34,30.99,82.0,2.2625,77.47,122.215,686.365,12.735
max,885.0,249.94,38.99,100.0,8.84,199.88,663.85,1324.55,26.91
