,id,aqi,temperature,humidity,wind_speed,pm2_5,pm10,co,no2
count,285.0,285.0,285.0,285.0,285.0,285.0,285.0,285.0,285.0
mean,143.37543859649122,105.29196491228069,30.257087719298248,75.56140350877193,2.432245614035088,38.8678245614035,73.28687719298246,421.4671929824562,8.677508771929825
std,81.99001201774294,35.530324724082725,2.9257532332230034,10.831321209805738,1.187106143442682,19.038196248005317,48.92971863722459,202.24154140248604,5.462915156888897
min,1.0,2.12,22.99,46.0,0.0,0.51,2.78,18.08,0.0
25%,72.0,77.08,27.99,66.0,2.06,24.59,48.19,264.93,3.97
50%,145.0,101.57,29.99,78.0,2.06,35.86,65.6,368.74,7.93
75%,214.0,136.88,32.99,83.0,3.09,50.64,87.51,582.07,12.13
max,279.0,183.63,38.99,100.0,8.23,118.7,663.85,1168.94,26.91
