,id,aqi,temperature,humidity,wind_speed,pm2_5,pm10,co,no2
count,1452.0,1452.0,1452.0,1452.0,1452.0,1452.0,1452.0,1452.0,1452.0
mean,634.2148760330579,174.4912396694215,24.5003305785124,67.76446280991736,1.73047520661157,109.10725895316804,-13772726405.868269,790.8435399449037,11.05849173553719
std,345.783217842242,91.93893253771267,7.490064571980298,17.938432233230714,1.2444551510973194,99.05127066834393,370969778412.9013,533.5165604964084,6.5519424677908376
min,1.0,2.12,6.99,20.0,0.0,0.51,-9998999486464.0,18.08,0.0
25%,350.75,104.61250000000001,18.99,55.0,1.03,37.120000000000005,68.3975,399.735,5.8475
50%,640.5,158.365,26.99,70.5,2.06,69.995,111.60499999999999,632.52,10.805
75%,909.0,198.2225,29.99,82.0,2.06,146.965,231.4275,1026.0774999999999,15.335
max,1261.0,493.9,38.99,100.0,8.84,491.16,663.85,2839.26,33.91
