,id,aqi,temperature,humidity,wind_speed,pm2_5,pm10,co,no2
count,1280.0,1280.0,1280.0,1280.0,1280.0,1280.0,1280.0,1280.0,1280.0
mean,561.24765625,156.83228125,26.004054687500002,66.3859375,1.7942734375,89.51360156249999,-15623436559.848934,678.4937109374999,10.268843749999998
std,300.58896642116275,77.23205206148818,6.531314516756027,17.61426111381382,1.2685403518048042,81.61440216489027,395090615188.962,427.33517496701756,6.040761715398837
min,1.0,2.12,7.99,20.0,0.0,0.51,-9998999486464.0,18.08,0.0
25%,312.75,98.57,21.99,54.0,1.03,34.832499999999996,63.7175,372.4175,5.4350000000000005
50%,572.0,154.425,27.99,70.0,2.06,62.2,100.36,590.585,9.88
75%,812.0,178.4425,30.99,79.0,2.06,108.645,181.47,832.2225,14.24
max,1093.0,493.9,38.99,100.0,8.84,491.16,663.85,2794.89,28.32
