,id,aqi,temperature,humidity,wind_speed,pm2_5,pm10,co,no2
count,1102.0,1102.0,1102.0,1102.0,1102.0,1102.0,1102.0,1102.0,1102.0
mean,490.08983666061704,135.3056170598911,27.627921960072598,66.99001814882033,1.8883030852994553,65.38270417422866,-18147004404.99167,562.6256079854809,9.327731397459164
std,260.98385448819533,50.07621859690426,5.233380835500229,17.313608131207502,1.270931104954863,47.33174334431721,425778207953.54614,277.67489301263,5.421788713200156
min,1.0,2.12,10.99,20.0,0.0,0.51,-9998999486464.0,18.08,0.0
25%,272.0,94.57749999999999,24.99,55.0,1.03,32.835,59.6275,341.8075,5.0175
50%,510.5,144.865,27.99,70.0,2.06,53.44499999999999,88.025,541.64,9.05
75%,715.75,164.8175,30.99,82.0,2.06,82.255,131.84,713.105,13.037500000000001
max,918.0,363.54,38.99,100.0,8.84,313.61,663.85,1714.68,26.91
