,id,aqi,temperature,humidity,wind_speed,pm2_5,pm10,co,no2
count,1167.0,1167.0,1167.0,1167.0,1167.0,1167.0,1167.0,1167.0,1167.0
mean,515.5655526992288,139.7333676092545,27.009700085689804,66.61953727506426,1.844910025706941,70.51975149957156,-17136245792.701153,588.2119194515853,9.597103684661525
std,274.4882291421259,52.709009212847874,5.781505572536832,17.460395630287074,1.278342746014841,51.77270182135858,413761238686.0895,299.7049759943329,5.553006016899056
min,1.0,2.12,8.99,20.0,0.0,0.51,-9998999486464.0,18.08,0.0
25%,287.5,96.16,23.99,55.0,1.03,33.63,61.150000000000006,355.78499999999997,5.165
50%,533.0,151.54,27.99,70.0,2.06,56.57,92.5,560.08,9.34
75%,748.5,168.69,30.99,79.0,2.06,89.765,142.76999999999998,745.755,13.465
max,977.0,363.54,38.99,100.0,8.84,313.61,663.85,1714.68,26.91
