,id,aqi,temperature,humidity,wind_speed,pm2_5,pm10,co,no2
count,1194.0,1194.0,1194.0,1194.0,1194.0,1194.0,1194.0,1194.0,1194.0
mean,526.2989949748744,142.2940201005025,26.740410385259633,66.50670016750419,1.8389865996649917,73.47702680067002,-16748742740.879578,607.0302010050252,9.809338358458962
std,280.3989019658116,55.19622256247616,6.017267921823844,17.499334112553623,1.277848960672333,55.23500936424151,409060256540.52686,327.8434344435695,5.75543543360797
min,1.0,2.12,7.99,20.0,0.0,0.51,-9998999486464.0,18.08,0.0
25%,293.25,97.0575,23.99,55.0,1.03,34.075,61.897499999999994,360.565,5.2425
50%,543.5,152.07999999999998,27.99,70.0,2.06,57.705,93.74000000000001,566.9200000000001,9.455
75%,760.75,170.2775,30.99,79.0,2.06,92.8275,150.70250000000001,763.4275,13.6325
max,1003.0,363.54,38.99,100.0,8.84,313.61,663.85,2285.75,28.32
