,id,aqi,temperature,humidity,wind_speed,pm2_5,pm10,co,no2
count,846.0,846.0,846.0,846.0,846.0,846.0,846.0,846.0,846.0
mean,389.2139479905437,117.90787234042553,29.48644208037825,69.84988179669031,2.101205673758865,47.185815602836875,-23638296579.20377,480.42430260047274,8.523628841607566
std,209.58387702627638,37.218180881531936,3.606943138658703,16.13236428738219,1.244708739587555,23.722176666227508,485880233168.6325,210.61280050147755,5.150184458057716
min,1.0,2.12,19.99,27.0,0.0,0.51,-9998999486464.0,18.08,0.0
25%,212.25,87.2175,26.99,59.0,1.03,29.4075,52.7825,312.2425,4.305
50%,402.5,112.94,28.99,73.0,2.06,40.365,75.4,470.975,8.02
75%,568.0,155.035,31.99,83.0,2.935,63.36,101.375,629.2175,11.905000000000001
max,729.0,187.49,38.99,100.0,8.84,126.18,663.85,1179.69,26.91
