,id,aqi,temperature,humidity,wind_speed,pm2_5,pm10,co,no2
count,404.0,404.0,404.0,404.0,404.0,404.0,404.0,404.0,404.0
mean,199.59653465346534,109.14467821782178,30.24772277227723,75.27227722772277,2.3703217821782174,40.70839108910891,73.58116336633664,438.24732673267323,9.018836633663367
std,112.258643608787,34.64134716125832,2.885123004611451,11.177126757056193,1.2128174631529782,19.09942637818482,43.700243361554655,197.8498338227869,5.525262477224756
min,1.0,2.12,22.99,46.0,0.0,0.51,2.78,18.08,0.0
25%,101.75,83.1675,27.99,66.0,1.54,27.475,48.9825,276.0525,4.1425
50%,204.5,104.47,29.99,78.0,2.06,36.945,68.38499999999999,400.85,8.385000000000002
75%,297.0,142.9175,31.99,83.0,3.09,52.839999999999996,91.19500000000001,598.825,12.579999999999998
max,385.0,187.49,38.99,100.0,8.23,126.18,663.85,1168.94,26.91
