,id,aqi,temperature,humidity,wind_speed,pm2_5,pm10,co,no2
count,1385.0,1385.0,1385.0,1385.0,1385.0,1385.0,1385.0,1385.0,1385.0
mean,605.4902527075812,169.17650541516247,25.138007220216608,67.07436823104693,1.7496895306859204,103.1916606498195,-14438988274.270622,740.8926209386282,10.668620938628159
std,327.78329771202175,89.72405826432882,7.051962559405304,17.894790068979933,1.2562958692336808,96.35683894538369,379830383683.5968,478.6063391448582,6.212247800558499
min,1.0,2.12,6.99,20.0,0.0,0.51,-9998999486464.0,18.08,0.0
25%,337.0,102.38,20.99,55.0,1.03,36.09,66.34,387.22,5.7
50%,616.0,156.58,26.99,70.0,2.06,66.38,107.57,618.23,10.43
75%,875.0,190.11,29.99,82.0,2.06,131.24,212.53,933.38,15.0
max,1194.0,493.9,38.99,100.0,8.84,491.16,663.85,2794.89,28.32
