,id,aqi,temperature,humidity,wind_speed,pm2_5,pm10,co,no2
count,534.0,534.0,534.0,534.0,534.0,534.0,534.0,534.0,534.0
mean,258.5543071161049,110.48421348314605,29.508951310861423,77.27340823970037,2.3591385767790265,41.43573033707865,67.53095505617978,483.5658426966292,9.158426966292133
std,143.5046326666793,35.072395564296784,3.148247081501113,11.60498068631905,1.244534319763075,19.382586257475,40.878922999697984,214.79669346826148,5.487282154069617
min,1.0,2.12,22.99,46.0,0.0,0.51,2.78,18.08,0.0
25%,137.25,83.41,26.99,70.0,1.54,27.5525,43.495000000000005,312.2425,4.640000000000001
50%,265.5,107.08500000000001,28.99,79.0,2.06,38.065,62.36,474.52,8.45
75%,383.75,145.22750000000002,31.99,84.0,3.09,53.5925,83.4025,631.31,12.7225
max,496.0,187.49,38.99,100.0,8.23,126.18,663.85,1179.69,26.91
