,id,aqi,temperature,humidity,wind_speed,pm2_5,pm10,co,no2
count,607.0,607.0,607.0,607.0,607.0,607.0,607.0,607.0,607.0
mean,290.50741350906094,107.56546952224053,29.77273476112026,75.52224052718287,2.2951070840197696,39.8931136738056,68.07601317957166,462.3705601317957,8.748978583196047
std,160.0667441060496,34.28955011271875,3.21627638160429,12.599141475864533,1.221535964381101,18.817599199392337,38.834690098366046,213.28520407560748,5.439356422861081
min,1.0,2.12,22.99,37.0,0.0,0.51,2.78,18.08,0.0
25%,154.5,79.56,27.99,66.0,1.54,25.700000000000003,45.269999999999996,293.17,4.140000000000001
50%,297.0,102.16,28.99,78.0,2.06,35.99,63.27,431.75,8.03
75%,432.5,140.05,31.99,84.0,3.09,51.465,83.61,616.13,12.315000000000001
max,551.0,187.49,38.99,100.0,8.23,126.18,663.85,1179.69,26.91
