,id,aqi,temperature,humidity,wind_speed,pm2_5,pm10,co,no2
count,695.0,695.0,695.0,695.0,695.0,695.0,695.0,695.0,695.0
mean,327.49496402877696,109.53955395683452,29.97084892086331,73.00863309352518,2.2223453237410067,41.16176978417266,-28774099170.036057,457.5230647482014,8.56779856115108
std,178.5263069288914,34.10756065163256,3.27886714268664,14.34355874682734,1.2034566432186344,19.49213376856991,536001522988.60614,206.69331514912935,5.3247868179646645
min,1.0,2.12,22.99,31.0,0.0,0.51,-9998999486464.0,18.08,0.0
25%,176.5,83.525,27.99,62.5,1.54,27.615000000000002,47.870000000000005,295.4,4.074999999999999
50%,337.0,104.2,29.7,74.0,2.06,36.89,68.36,432.25,7.95
75%,484.5,142.41500000000002,31.99,83.0,3.09,52.39,88.335,605.7750000000001,12.059999999999999
max,618.0,187.49,38.99,100.0,8.23,126.18,663.85,1179.69,26.91
