,id,aqi,temperature,humidity,wind_speed,pm2_5,pm10,co,no2
count,1034.0,1034.0,1034.0,1034.0,1034.0,1034.0,1034.0,1034.0,1034.0
mean,463.4342359767892,128.38892649903286,28.238539651837527,67.36266924564796,1.9576982591876206,57.33167311411992,-19340424442.199577,531.8774758220503,9.059061895551258
std,247.10084718906793,41.511382874337016,4.675023882392812,17.22570961289674,1.2575086087657252,33.77933221661577,439542589485.20215,245.3733717755205,5.3356210214418125
min,1.0,2.12,12.99,20.0,0.0,0.51,-9998999486464.0,18.08,0.0
25%,258.25,92.1275,25.99,55.0,1.03,31.6825,57.3625,333.97,4.8149999999999995
50%,480.5,132.85,28.99,70.0,2.06,48.53,83.875,518.735,8.75
75%,675.75,161.4975,30.99,82.0,2.3725,75.83500000000001,119.53750000000001,680.0475,12.637500000000001
max,870.0,242.45,38.99,100.0,8.84,192.33,663.85,1324.55,26.91
