,id,aqi,temperature,humidity,wind_speed,pm2_5,pm10,co,no2
count,636.0,636.0,636.0,636.0,636.0,636.0,636.0,636.0,636.0
mean,302.82389937106916,107.6775,29.842389937106923,74.8380503144654,2.2665566037735854,39.85737421383648,69.15929245283019,457.79507861635227,8.64674528301887
std,166.23038882249554,33.68958376197483,3.2335646616293228,13.011703949034,1.2117655232779732,18.442463835046215,38.38946840860706,210.89207568172907,5.402174010137445
min,1.0,2.12,22.99,34.0,0.0,0.51,2.78,18.08,0.0
25%,161.75,80.93,27.99,66.0,1.54,26.465,46.2175,292.2125,4.057499999999999
50%,310.5,102.55000000000001,28.99,78.0,2.06,36.225,65.35499999999999,427.28999999999996,7.984999999999999
75%,448.25,139.08749999999998,31.99,83.0,3.09,51.0025,85.71000000000001,607.7475,12.094999999999999
max,569.0,187.49,38.99,100.0,8.23,126.18,663.85,1179.69,26.91
