,id,aqi,temperature,humidity,wind_speed,pm2_5,pm10,co,no2
count,659.0,659.0,659.0,659.0,659.0,659.0,659.0,659.0,659.0
mean,312.4400606980273,107.4064339908953,29.884006069802734,74.07435508345979,2.250151745068285,39.687329286798175,69.7671320182094,455.0619271623671,8.618801213960548
std,170.96399478031188,33.1697027714314,3.2460003502032064,13.598529142308385,1.2088588811633965,18.153417971331496,37.932982418154786,208.91779481716054,5.376081152729004
min,1.0,2.12,22.99,32.0,0.0,0.51,2.78,18.08,0.0
25%,167.5,81.535,27.99,66.0,1.54,26.689999999999998,46.685,292.125,4.05
50%,322.0,102.21,28.99,78.0,2.06,36.0,66.26,425.17,7.97
75%,462.5,134.625,31.99,83.0,3.09,49.504999999999995,85.86500000000001,603.015,12.1
max,587.0,187.49,38.99,100.0,8.23,126.18,663.85,1179.69,26.91
