,id,aqi,temperature,humidity,wind_speed,pm2_5,pm10,co,no2
count,688.0,688.0,688.0,688.0,688.0,688.0,688.0,688.0,688.0
mean,324.5668604651163,108.9743023255814,29.95577034883721,73.1875,2.228720930232558,40.73813953488373,-29066858900.98185,456.7547093023256,8.593662790697675
std,177.04199340837903,33.804598467263595,3.273835046585134,14.257397400664184,1.205369038429465,19.065608108457386,538717413760.4805,207.26310220344436,5.338565378951385
min,1.0,2.12,22.99,31.0,0.0,0.51,-9998999486464.0,18.08,0.0
25%,174.75,83.3375,27.99,64.5,1.54,27.53,47.397499999999994,293.91,4.06
50%,334.5,103.61,29.53,75.0,2.06,36.72,67.66,431.03499999999997,7.984999999999999
75%,480.0,140.725,31.99,83.0,3.09,51.755,87.8125,603.9300000000001,12.115
max,613.0,187.49,38.99,100.0,8.23,126.18,663.85,1179.69,26.91
