,id,aqi,temperature,humidity,wind_speed,pm2_5,pm10,co,no2
count,855.0,855.0,855.0,855.0,855.0,855.0,855.0,855.0,855.0
mean,392.8187134502924,118.42231578947367,29.443789473684213,69.69005847953217,2.097157894736842,47.595040935672515,-23389472403.312977,483.67452631578954,8.560292397660819
std,211.3892679400172,37.365852844535176,3.6356158007562827,16.20582142697617,1.24176000430652,23.983703453611607,483319220951.2018,213.37734317089243,5.156579166133775
min,1.0,2.12,19.99,27.0,0.0,0.51,-9998999486464.0,18.08,0.0
25%,214.5,87.52000000000001,26.99,59.0,1.03,29.47,53.09,312.695,4.335
50%,406.0,113.16,28.99,73.0,2.06,40.47,75.94,471.98,8.07
75%,572.5,155.115,31.99,83.0,2.84,63.545,102.28999999999999,631.8299999999999,11.95
max,735.0,187.49,38.99,100.0,8.84,126.18,663.85,1179.69,26.91
