,id,aqi,temperature,humidity,wind_speed,pm2_5,pm10,co,no2
count,921.0,921.0,921.0,921.0,921.0,921.0,921.0,921.0,921.0
mean,418.943539630836,122.75212812160694,29.117024972855596,69.10640608034745,2.0212377850162864,51.85052117263844,-21713353848.29061,505.63105320304027,8.654104234527686
std,224.3734781081021,39.588250247265144,3.838325445627246,16.346106177876056,1.2515351394800505,29.12759619609669,465699284660.1828,230.3026084951068,5.109677996107579
min,1.0,2.12,18.99,27.0,0.0,0.51,-9998999486464.0,18.08,0.0
25%,231.0,89.38,26.99,58.0,1.03,30.42,54.55,319.56,4.56
50%,436.0,119.69,28.99,70.0,2.06,43.1,78.9,490.66,8.18
75%,614.0,157.83,31.99,83.0,2.57,68.76,109.97,649.54,12.01
max,780.0,232.49,38.99,100.0,8.84,182.28,663.85,1324.55,26.91
