,id,aqi,temperature,humidity,wind_speed,pm2_5,pm10,co,no2
count,540.0,540.0,540.0,540.0,540.0,540.0,540.0,540.0,540.0
mean,261.22777777777776,110.28518518518518,29.514296296296298,77.21851851851852,2.359611111111111,41.32633333333334,67.44988888888888,482.86001851851853,9.128592592592591
std,144.91949645045455,34.968035318397895,3.146450434817268,11.630857078956913,1.2453961364949455,19.316806026487274,40.686060263954076,214.2583607238557,5.484535474394288
min,1.0,2.12,22.99,46.0,0.0,0.51,2.78,18.08,0.0
25%,138.75,83.45,26.99,70.0,1.54,27.5775,43.565,312.4075,4.6000000000000005
50%,267.5,106.565,28.99,79.0,2.06,37.91,62.295,474.52,8.41
75%,386.25,144.7475,31.99,84.0,3.09,53.427499999999995,83.38749999999999,629.48,12.7075
max,501.0,187.49,38.99,100.0,8.23,126.18,663.85,1179.69,26.91
