,id,aqi,temperature,humidity,wind_speed,pm2_5,pm10,co,no2
count,1413.0,1413.0,1413.0,1413.0,1413.0,1413.0,1413.0,1413.0,1413.0
mean,617.4394904458599,171.94750176928522,24.86331210191083,67.51946213729653,1.741252653927813,106.29438782731776,-14152865358.523962,766.7070700636943,10.848315640481246
std,335.23176000391265,91.27844981264298,7.249217262589721,18.021169381761446,1.252775695204342,98.19116711223901,376050890561.87866,510.80835055063386,6.370894889534881
min,1.0,2.12,6.99,20.0,0.0,0.51,-9998999486464.0,18.08,0.0
25%,342.0,103.31,19.99,55.0,1.03,36.45,67.16,392.43,5.79
50%,626.0,157.26,26.99,70.0,2.06,67.9,109.26,626.1,10.61
75%,890.0,194.46,29.99,82.0,2.06,139.67,222.33,978.94,15.07
max,1222.0,493.9,38.99,100.0,8.84,491.16,663.85,2839.26,33.91
