,id,aqi,temperature,humidity,wind_speed,pm2_5,pm10,co,no2
count,1019.0,1019.0,1019.0,1019.0,1019.0,1019.0,1019.0,1019.0,1019.0
mean,457.5269872423945,127.51799803729146,28.38056918547596,67.45731108930323,1.9764082433758587,56.33328753680078,-19625121566.893383,526.7627085377821,8.975485770363102
std,244.02980189319953,41.16222470121885,4.528291427387173,17.228354576309883,1.2541257077876782,32.90878891878179,442762712465.34686,241.70789215859892,5.2787611694255165
min,1.0,2.12,12.99,20.0,0.0,0.51,-9998999486464.0,18.08,0.0
25%,254.5,91.82,25.99,55.0,1.03,31.549999999999997,57.075,331.01,4.775
50%,476.0,130.2,28.99,70.0,2.06,47.44,83.28,514.81,8.62
75%,666.0,161.055,30.99,82.0,2.4450000000000003,74.97999999999999,117.755,674.81,12.515
max,859.0,242.45,38.99,100.0,8.84,192.33,663.85,1324.55,26.91
