,id,aqi,temperature,humidity,wind_speed,pm2_5,pm10,co,no2
count,577.0,577.0,577.0,577.0,577.0,577.0,577.0,577.0,577.0
mean,277.5736568457539,108.28975736568457,29.627989601386485,76.34315424610053,2.33053726169844,40.30537261698441,67.55374350086655,469.52729636048525,8.876568457538994
std,153.5020647684153,34.806261109763376,3.1613889868664655,12.109171760607863,1.2268126706650424,19.137520100544968,39.57584016607557,214.9598744435869,5.465325706586277
min,1.0,2.12,22.99,37.0,0.0,0.51,2.78,18.08,0.0
25%,147.0,79.62,26.99,66.0,1.54,25.76,44.52,296.86,4.25
50%,284.0,102.97,28.99,79.0,2.06,36.44,62.51,445.97,8.13
75%,411.0,142.34,31.99,84.0,3.09,52.35,82.26,620.77,12.38
max,528.0,187.49,38.99,100.0,8.23,126.18,663.85,1179.69,26.91
