,id,aqi,temperature,humidity,wind_speed,pm2_5,pm10,co,no2
count,1444.0,1444.0,1444.0,1444.0,1444.0,1444.0,1444.0,1444.0,1444.0
mean,630.7617728531856,173.75590027700832,24.58349030470914,67.69182825484765,1.7361426592797782,108.32736842105263,-13849029601.027388,784.5487950138504,10.999058171745151
std,343.60324189061697,91.4554856086112,7.425592201889522,17.95335188145141,1.244833874594366,98.51663262873181,371995265009.1441,525.5988891045436,6.485770122441883
min,1.0,2.12,6.99,20.0,0.0,0.51,-9998999486464.0,18.08,0.0
25%,348.75,104.5725,18.99,55.0,1.03,36.96,68.2225,398.775,5.8375
50%,636.5,158.14,26.99,70.0,2.06,69.43,111.225,631.8299999999999,10.75
75%,905.25,197.825,29.99,82.0,2.06,146.1875,229.53,1013.7975,15.265
max,1253.0,493.9,38.99,100.0,8.84,491.16,663.85,2839.26,33.91
