,id,aqi,temperature,humidity,wind_speed,pm2_5,pm10,co,no2
count,776.0,776.0,776.0,776.0,776.0,776.0,776.0,776.0,776.0
mean,360.7654639175258,113.68534793814433,29.733543814432995,71.33762886597938,2.1951804123711343,43.90871134020619,-25770617157.998127,465.3833762886598,8.452680412371134
std,195.135708986974,35.79926362742507,3.471908679211984,15.22635835296968,1.2248718035579533,21.216367714158203,507294685227.6365,204.2594091656857,5.200075114189778
min,1.0,2.12,19.99,29.0,0.0,0.51,-9998999486464.0,18.08,0.0
25%,196.75,84.715,26.99,62.0,1.135,28.192500000000003,49.665,303.71,4.0975
50%,372.5,108.495,28.99,74.0,2.06,38.620000000000005,72.315,444.47,7.91
75%,531.25,152.0975,31.99,83.0,3.09,57.815,94.1025,615.565,11.942499999999999
max,676.0,187.49,38.99,100.0,8.84,126.18,663.85,1179.69,26.91
