,id,aqi,temperature,humidity,wind_speed,pm2_5,pm10,co,no2
count,736.0,736.0,736.0,736.0,736.0,736.0,736.0,736.0,736.0
mean,344.4891304347826,112.45831521739132,29.972961956521743,72.13722826086956,2.211236413043478,43.14020380434783,-27171194183.40818,463.5934782608696,8.484198369565219
std,187.08229450085705,35.29534221666733,3.309039062053664,14.754182616734896,1.1844339472192391,20.86625040779623,520879178214.6421,204.91299648990125,5.255314165258055
min,1.0,2.12,19.99,31.0,0.0,0.51,-9998999486464.0,18.08,0.0
25%,186.75,84.4375,27.99,62.0,1.54,28.025000000000002,49.230000000000004,303.71,4.06
50%,355.5,107.575,29.564999999999998,74.0,2.06,38.205,70.91,440.59000000000003,7.91
75%,511.25,151.165,31.99,83.0,3.09,55.9725,92.27,610.03,11.959999999999999
max,647.0,187.49,38.99,100.0,8.23,126.18,663.85,1179.69,26.91
