,id,aqi,temperature,humidity,wind_speed,pm2_5,pm10,co,no2
count,872.0,872.0,872.0,872.0,872.0,872.0,872.0,872.0,872.0
mean,399.6169724770642,119.2734633027523,29.358107798165143,69.4908256880734,2.076938073394495,48.167557339449544,-22933484980.323288,486.7851949541285,8.573096330275229
std,214.80359242027578,37.50024888307499,3.699198500998544,16.31379736976356,1.2449061882388797,24.15837635722121,478590253828.74445,213.76352844269212,5.135135050426366
min,1.0,2.12,18.99,27.0,0.0,0.51,-9998999486464.0,18.08,0.0
25%,218.75,87.87,26.99,58.0,1.03,29.6375,53.5975,312.95750000000004,4.38
50%,414.5,114.16,28.99,73.0,2.06,40.865,76.74000000000001,476.43499999999995,8.08
75%,584.25,155.715,31.99,83.0,2.57,64.7925,104.13749999999999,634.31,11.95
max,747.0,187.49,38.99,100.0,8.84,126.18,663.85,1179.69,26.91
