,id,aqi,temperature,humidity,wind_speed,pm2_5,pm10,co,no2
count,568.0,568.0,568.0,568.0,568.0,568.0,568.0,568.0,568.0
mean,273.63204225352115,108.71994718309858,29.594084507042258,76.5774647887324,2.341179577464789,40.52830985915492,67.54114436619719,472.19991197183106,8.930123239436618
std,151.45645701598843,34.85686046047789,3.1425133797729994,11.915234978880298,1.232131911387794,19.186364057452046,39.80275980071447,215.37768341624638,5.475349842071691
min,1.0,2.12,22.99,46.0,0.0,0.51,2.78,18.08,0.0
25%,145.0,80.2825,26.99,70.0,1.54,26.2725,44.3475,298.1875,4.2575
50%,279.0,104.03,28.99,79.0,2.06,36.84,62.489999999999995,454.095,8.17
75%,405.0,142.9175,31.99,84.0,3.09,52.815,82.44500000000001,623.475,12.455
max,523.0,187.49,38.99,100.0,8.23,126.18,663.85,1179.69,26.91
