,id,aqi,temperature,humidity,wind_speed,pm2_5,pm10,co,no2
count,1373.0,1373.0,1373.0,1373.0,1373.0,1373.0,1373.0,1373.0,1373.0
mean,600.3947560087399,167.45456664238893,25.2390823015295,66.93954843408595,1.7544792425345959,101.30135469774218,-14565184824.876905,732.4387618353969,10.62634377276038
std,324.62692204244945,88.0695760438231,6.992119671130358,17.879536622214072,1.2577595173145557,94.48389175297218,381485422378.4065,470.68827651401836,6.193877669705264
min,1.0,2.12,6.99,20.0,0.0,0.51,-9998999486464.0,18.08,0.0
25%,334.0,102.21,20.99,55.0,1.03,36.0,66.24,384.45,5.68
50%,612.0,156.37,26.99,70.0,2.06,65.91,107.06,615.0,10.39
75%,867.0,189.11,29.99,82.0,2.06,129.3,209.15,926.81,14.99
max,1183.0,493.9,38.99,100.0,8.84,491.16,663.85,2794.89,28.32
