,id,aqi,temperature,humidity,wind_speed,pm2_5,pm10,co,no2
count,762.0,762.0,762.0,762.0,762.0,762.0,762.0,762.0,762.0
mean,355.0826771653543,112.80198162729658,29.79696850393701,71.73490813648294,2.2211811023622046,43.31262467191601,-26244093066.470222,463.61818897637795,8.434553805774277
std,192.31713088605807,35.520346979586975,3.4362228096312135,14.939934553822386,1.2160222183373044,20.930724185164934,511927577976.77856,205.13060901131232,5.2238085172436985
min,1.0,2.12,19.99,31.0,0.0,0.51,-9998999486464.0,18.08,0.0
25%,193.25,84.47,27.8525,62.0,1.54,28.035,49.19,299.72,4.0675
50%,366.5,107.955,28.99,74.0,2.06,38.36,71.17,439.34000000000003,7.85
75%,525.75,151.565,31.99,83.0,3.09,56.66,93.135,614.6675,11.9475
max,664.0,187.49,38.99,100.0,8.84,126.18,663.85,1179.69,26.91
