,id,aqi,temperature,humidity,wind_speed,pm2_5,pm10,co,no2
count,761.0,761.0,761.0,761.0,761.0,761.0,761.0,761.0,761.0
mean,354.676741130092,112.74950065703021,29.79277266754271,71.78580814717478,2.2207227332457293,43.292181340341656,-26278579391.32493,463.9158212877792,8.44462549277267
std,192.11666712511055,35.51413342471168,3.436528896260136,14.8834987542717,1.216756096357028,20.936875947619782,512263376001.6886,205.10081108064017,5.219835513422944
min,1.0,2.12,19.99,31.0,0.0,0.51,-9998999486464.0,18.08,0.0
25%,193.0,84.46,27.85,62.0,1.54,28.03,49.17,300.65,4.09
50%,366.0,107.89,28.99,74.0,2.06,38.35,71.06,439.69,7.85
75%,525.0,151.55,31.99,83.0,3.09,56.6,93.09,614.77,11.95
max,663.0,187.49,38.99,100.0,8.84,126.18,663.85,1179.69,26.91
