,id,aqi,temperature,humidity,wind_speed,pm2_5,pm10,co,no2
count,749.0,749.0,749.0,749.0,749.0,749.0,749.0,749.0,749.0
mean,349.79973297730305,112.08018691588785,29.865700934579444,72.06275033377837,2.2288251001335113,42.924098798397864,-26699598021.785995,461.16927903871834,8.442136181575433
std,189.71139761478577,35.373708430038235,3.391323932830979,14.703306893417615,1.2197098838053924,20.84442984998569,516345191568.54407,204.68842462879925,5.241499635150236
min,1.0,2.12,19.99,31.0,0.0,0.51,-9998999486464.0,18.08,0.0
25%,190.0,84.25,27.99,62.0,1.54,27.96,48.87,299.22,4.06
50%,361.0,107.11,28.99,74.0,2.06,38.03,70.81,438.01,7.85
75%,519.0,151.05,31.99,83.0,3.09,55.78,91.89,608.7,11.95
max,654.0,187.49,38.99,100.0,8.84,126.18,663.85,1179.69,26.91
