,id,aqi,temperature,humidity,wind_speed,pm2_5,pm10,co,no2
count,593.0,593.0,593.0,593.0,593.0,593.0,593.0,593.0,593.0
mean,284.4856661045531,107.6287521079258,29.703524451939295,75.93254637436762,2.305868465430017,39.96086003372682,67.62003372681282,464.47762225969643,8.781905564924115
std,157.010167772846,34.62992667839402,3.1901223537005845,12.353417697506991,1.224852292349913,19.01502500075566,39.14841269519001,214.60791287011105,5.4477385505722715
min,1.0,2.12,22.99,37.0,0.0,0.51,2.78,18.08,0.0
25%,151.0,78.72,27.99,66.0,1.54,25.35,44.89,294.04,4.18
50%,291.0,102.21,28.99,78.0,2.06,36.02,62.63,433.99,8.07
75%,422.0,140.67,31.99,84.0,3.09,51.7,82.14,619.15,12.31
max,540.0,187.49,38.99,100.0,8.23,126.18,663.85,1179.69,26.91
