,id,aqi,temperature,humidity,wind_speed,pm2_5,pm10,co,no2
count,549.0,549.0,549.0,549.0,549.0,549.0,549.0,549.0,549.0
mean,265.23315118397085,109.68256830601092,29.540309653916214,77.00182149362477,2.3593806921675773,41.02280510018215,67.4348087431694,478.33468123861564,9.037449908925318
std,147.04132045412044,34.99835328969504,3.1476327124143078,11.763251432633215,1.2394728905526124,19.303714180647958,40.38947855931846,215.4800444164892,5.492743060792496
min,1.0,2.12,22.99,46.0,0.0,0.51,2.78,18.08,0.0
25%,141.0,81.79,26.99,70.0,1.54,26.75,43.66,305.1,4.39
50%,271.0,105.78,28.99,79.0,2.06,37.51,62.31,467.29,8.28
75%,392.0,144.41,31.99,84.0,3.09,53.2,83.38,627.31,12.6
max,508.0,187.49,38.99,100.0,8.23,126.18,663.85,1179.69,26.91
