,id,aqi,temperature,humidity,wind_speed,pm2_5,pm10,co,no2
count,1246.0,1246.0,1246.0,1246.0,1246.0,1246.0,1246.0,1246.0,1246.0
mean,547.2600321027287,150.64305778491172,26.286942215088285,66.17897271268058,1.8126484751203855,82.61137239165329,-16049758274.967161,650.0908266452649,10.136982343499197
std,292.310729962284,67.7812118952133,6.353575210200813,17.611859118061204,1.2718636548987048,70.10223251435403,400440538946.67645,390.58403810823944,6.000757024104426
min,1.0,2.12,7.99,20.0,0.0,0.51,-9998999486464.0,18.08,0.0
25%,304.25,98.105,22.99,53.25,1.03,34.5225,62.662499999999994,367.76,5.327500000000001
50%,561.5,153.785,27.99,70.0,2.06,61.035,96.53,581.55,9.72
75%,791.0,174.535,30.99,79.0,2.06,101.0775,165.225,808.005,14.09
max,1054.0,403.0,38.99,100.0,8.84,353.53,663.85,2380.16,28.32
