,id,aqi,temperature,humidity,wind_speed,pm2_5,pm10,co,no2
count,1393.0,1393.0,1393.0,1393.0,1393.0,1393.0,1393.0,1393.0,1393.0
mean,608.8959081119885,170.3403230437904,25.06106245513281,67.19956927494616,1.7459224694903084,104.46339554917445,-14356065152.005226,747.3201363962671,10.692297200287149
std,329.8997865804563,90.84495151821436,7.1052164859986435,17.920412327155372,1.2555491310265336,97.60640131253292,378738917071.21497,485.3381944948715,6.211721148995092
min,1.0,2.12,6.99,20.0,0.0,0.51,-9998999486464.0,18.08,0.0
25%,338.0,102.65,19.99,55.0,1.03,36.28,66.52,388.76,5.71
50%,620.0,156.72,26.99,70.0,2.06,66.65,107.94,619.67,10.47
75%,880.0,191.68,29.99,82.0,2.06,134.29,216.99,945.3,15.01
max,1202.0,493.9,38.99,100.0,8.84,491.16,663.85,2794.89,28.32
