,id,aqi,temperature,humidity,wind_speed,pm2_5,pm10,co,no2
count,787.0,787.0,787.0,787.0,787.0,787.0,787.0,787.0,787.0
mean,365.24523506988567,114.25443456162641,29.70663278271919,70.98221092757306,2.185438373570521,44.18354510800508,-25410417932.992496,465.39139771283357,8.450508259212198
std,197.3896176532393,35.87381715870374,3.488587313857122,15.527851975179521,1.2260491813609788,21.210212991060306,503741502369.1882,203.3951261918626,5.187436059472435
min,1.0,2.12,19.99,27.0,0.0,0.51,-9998999486464.0,18.08,0.0
25%,199.5,85.36500000000001,26.99,62.0,1.03,28.475,50.135000000000005,304.19,4.109999999999999
50%,378.0,109.17,28.99,74.0,2.06,38.84,72.66,445.97,7.93
75%,537.5,152.71,31.99,83.0,3.09,58.825,95.32,614.565,11.925
max,685.0,187.49,38.99,100.0,8.84,126.18,663.85,1179.69,26.91
