,id,aqi,temperature,humidity,wind_speed,pm2_5,pm10,co,no2
count,255.0,255.0,255.0,255.0,255.0,255.0,255.0,255.0,255.0
mean,128.79607843137254,107.03490196078432,30.095607843137255,76.37254901960785,2.421450980392157,39.84866666666667,70.74721568627452,436.6258431372549,8.764666666666665
std,74.04769148651438,36.6928921313487,2.896264007292541,10.540063769461733,1.158907582167336,19.72182592713622,50.74718278217336,205.66920491308755,5.486897473483028
min,1.0,2.12,22.99,46.0,0.0,0.51,2.78,18.08,0.0
25%,64.5,77.3,27.99,70.0,2.06,24.634999999999998,45.21,268.85,4.025
50%,131.0,102.97,29.99,78.0,2.06,36.45,62.47,387.1,8.03
75%,193.5,140.47,31.99,83.0,3.09,52.065,78.43,604.935,12.120000000000001
max,254.0,183.63,38.99,100.0,8.23,118.7,663.85,1168.94,26.91
