,id,aqi,temperature,humidity,wind_speed,pm2_5,pm10,co,no2
count,594.0,594.0,594.0,594.0,594.0,594.0,594.0,594.0,594.0
mean,284.91750841750843,107.59636363636365,29.704006734006736,75.92929292929293,2.301986531986532,39.94388888888889,67.62715488215488,464.2770707070707,8.776195286195286
std,157.2303867982777,34.60971860861793,3.1874530751360157,12.343251961150365,1.2274707374456724,19.003487241736032,39.115775029279845,214.48258776288137,5.4449221360859195
min,1.0,2.12,22.99,37.0,0.0,0.51,2.78,18.08,0.0
25%,151.25,78.755,27.99,66.0,1.54,25.385,44.94,294.22,4.1925
50%,291.5,102.095,28.99,78.0,2.06,36.005,62.644999999999996,433.425,8.065000000000001
75%,422.75,140.64499999999998,31.99,84.0,3.09,51.6775,82.135,618.7875,12.265
max,541.0,187.49,38.99,100.0,8.23,126.18,663.85,1179.69,26.91
