,id,aqi,temperature,humidity,wind_speed,pm2_5,pm10,co,no2
count,1317.0,1317.0,1317.0,1317.0,1317.0,1317.0,1317.0,1317.0,1317.0
mean,576.7205770690964,163.60232346241457,25.693864844343203,66.71981776765377,1.7806150341685651,97.00337889141989,-15184509324.126791,704.4561579347001,10.401359149582385
std,310.00842126560656,86.23262179576052,6.721920534693057,17.73538211288864,1.2598302226231088,92.15931223599436,389505494361.82935,452.11892218159795,6.088762923745862
min,1.0,2.12,7.99,20.0,0.0,0.51,-9998999486464.0,18.08,0.0
25%,322.0,101.25,21.99,55.0,1.03,35.66,64.85,377.97,5.54
50%,587.0,155.09,26.99,70.0,2.06,63.42,102.44,601.02,10.05
75%,835.0,183.04,29.99,82.0,2.06,117.55,193.8,873.64,14.55
max,1130.0,493.9,38.99,100.0,8.84,491.16,663.85,2794.89,28.32
