,id,aqi,temperature,humidity,wind_speed,pm2_5,pm10,co,no2
count,1418.0,1418.0,1418.0,1418.0,1418.0,1418.0,1418.0,1418.0,1418.0
mean,619.5818053596615,172.18224964739068,24.8242736248237,67.53173483779972,1.7400141043723556,106.54402679830747,-14102961037.03071,769.236868829337,10.860811001410436
std,336.57348164499314,91.27088021668422,7.2690922485853,18.036876518969404,1.251020641810941,98.20307422782668,375387779238.06036,513.0489420394546,6.378704014363498
min,1.0,2.12,6.99,20.0,0.0,0.51,-9998999486464.0,18.08,0.0
25%,343.0,103.475,19.99,55.0,1.03,36.695,67.34,394.325,5.79
50%,628.5,157.555,26.99,70.0,2.06,68.205,110.005,627.0350000000001,10.614999999999998
75%,892.75,194.8975,29.99,82.0,2.06,140.515,223.03500000000003,981.52,15.085
max,1227.0,493.9,38.99,100.0,8.84,491.16,663.85,2839.26,33.91
