,id,aqi,temperature,humidity,wind_speed,pm2_5,pm10,co,no2
count,844.0,844.0,844.0,844.0,844.0,844.0,844.0,844.0,844.0
mean,388.40876777251185,117.78789099526065,29.49828199052133,69.87677725118483,2.1061848341232228,47.08561611374407,-23694311500.335186,479.482345971564,8.498566350710902
std,209.1770804337517,37.18038002619148,3.6022491341246257,16.139780317588823,1.2419645952884615,23.66044790348693,486454896292.65796,209.96953465609027,5.129196353970595
min,1.0,2.12,19.99,27.0,0.0,0.51,-9998999486464.0,18.08,0.0
25%,211.75,87.1325,26.99,59.0,1.03,29.3675,52.714999999999996,312.14750000000004,4.29
50%,401.5,112.845,28.99,73.0,2.06,40.35,75.075,469.97,8.004999999999999
75%,567.25,154.9375,31.99,83.0,2.955,63.3,101.315,627.8225,11.8825
max,729.0,187.49,38.99,100.0,8.84,126.18,663.85,1179.69,26.91
