,id,aqi,temperature,humidity,wind_speed,pm2_5,pm10,co,no2
count,925.0,925.0,925.0,925.0,925.0,925.0,925.0,925.0,925.0
mean,420.51567567567565,122.92153513513514,29.107827027027028,69.02810810810811,2.0202918918918917,51.95782702702702,-21619458263.516457,505.7805297297297,8.660518918918918
std,225.1560137861091,39.58863129940577,3.8367867277567567,16.36354004625658,1.251087328467323,29.122965282628154,464692370845.312,230.07293562564692,5.1145457994587105
min,1.0,2.12,18.99,27.0,0.0,0.51,-9998999486464.0,18.08,0.0
25%,232.0,89.53,26.99,58.0,1.03,30.45,54.62,319.56,4.56
50%,438.0,119.79,28.99,70.0,2.06,43.17,79.09,490.66,8.2
75%,617.0,157.85,31.99,83.0,2.57,68.83,110.03,649.7,12.01
max,784.0,232.49,38.99,100.0,8.84,182.28,663.85,1324.55,26.91
