,id,aqi,temperature,humidity,wind_speed,pm2_5,pm10,co,no2
count,426.0,426.0,426.0,426.0,426.0,426.0,426.0,426.0,426.0
mean,209.70892018779344,108.46284037558685,29.98323943661972,76.08215962441315,2.365093896713615,40.303896713615025,71.60230046948357,449.0155399061033,9.214835680751175
std,117.61624443731037,34.20315383680095,3.0402632740399955,11.46268877328891,1.2045551253413815,18.800485633993944,43.44596046058191,201.6693349031926,5.574641922237782
min,1.0,2.12,22.99,46.0,0.0,0.51,2.78,18.08,0.0
25%,107.25,82.95750000000001,27.99,66.0,1.54,27.384999999999998,45.72,281.095,4.359999999999999
50%,213.5,103.325,29.99,79.0,2.06,36.620000000000005,65.87,427.28999999999996,8.61
75%,311.75,140.05,31.99,84.0,3.09,51.615,89.41999999999999,603.2625,12.787500000000001
max,405.0,187.49,38.99,100.0,8.23,126.18,663.85,1168.94,26.91
