,id,aqi,temperature,humidity,wind_speed,pm2_5,pm10,co,no2
count,597.0,597.0,597.0,597.0,597.0,597.0,597.0,597.0,597.0
mean,286.2093802345059,107.63469011725294,29.733919597989953,75.79564489112228,2.2990452261306533,39.950586264656614,67.74874371859296,463.2154773869347,8.74247906197655
std,157.88592234782035,34.55174524452277,3.2079050399291016,12.458055039355822,1.2255622978607585,18.963352686840896,39.058609255529774,214.51914850618903,5.45223203031533
min,1.0,2.12,22.99,37.0,0.0,0.51,2.78,18.08,0.0
25%,152.0,78.86,27.99,66.0,1.54,25.49,45.09,292.3,4.12
50%,293.0,102.16,28.99,78.0,2.06,35.99,62.67,432.25,8.03
75%,425.0,140.67,31.99,84.0,3.09,51.7,83.0,617.7,12.13
max,543.0,187.49,38.99,100.0,8.23,126.18,663.85,1179.69,26.91
