,id,aqi,temperature,humidity,wind_speed,pm2_5,pm10,co,no2
count,1283.0,1283.0,1283.0,1283.0,1283.0,1283.0,1283.0,1283.0,1283.0
mean,562.4957131722525,157.27253312548712,25.99233047544817,66.36165237724084,1.7940919719407635,89.99483242400623,-15586904750.968275,680.2152299298521,10.277942322681216
std,301.34267235633394,77.70087025730199,6.52900145575612,17.617937633011607,1.267278465517058,82.14646478283439,394628791943.4125,428.55193175225094,6.048724828400847
min,1.0,2.12,7.99,20.0,0.0,0.51,-9998999486464.0,18.08,0.0
25%,313.5,98.72999999999999,21.99,54.0,1.03,34.89,63.825,373.35,5.43
50%,573.0,154.46,27.99,70.0,2.06,62.35,100.43,591.58,9.88
75%,813.5,178.53,30.99,79.0,2.06,108.825,183.26,838.3499999999999,14.27
max,1096.0,493.9,38.99,100.0,8.84,491.16,663.85,2794.89,28.32
