,id,aqi,temperature,humidity,wind_speed,pm2_5,pm10,co,no2
count,947.0,947.0,947.0,947.0,947.0,947.0,947.0,947.0,947.0
mean,429.16050686378037,123.91039070749736,28.98470960929251,68.78141499472017,2.012502639915523,52.69190073917634,-21117211076.795715,506.6062196409715,8.684266103484688
std,229.4827154820777,39.658534692404686,3.9281276835738637,16.484015991150915,1.2496723328437152,29.22702812323109,459268744413.4221,228.6581276440928,5.1091543431839685
min,1.0,2.12,16.99,27.0,0.0,0.51,-9998999486464.0,18.08,0.0
25%,237.5,89.895,26.99,58.0,1.03,30.62,55.355000000000004,320.645,4.57
50%,446.0,122.37,28.99,70.0,2.06,44.2,79.96,492.5,8.25
75%,629.0,158.57,31.99,83.0,2.57,70.33500000000001,112.015,652.695,12.03
max,801.0,232.49,38.99,100.0,8.84,182.28,663.85,1324.55,26.91
