,id,aqi,temperature,humidity,wind_speed,pm2_5,pm10,co,no2
count,413.0,413.0,413.0,413.0,413.0,413.0,413.0,413.0,413.0
mean,203.73849878934624,109.12309927360774,30.137990314769976,75.5544794188862,2.372251815980629,40.655690072639224,72.8549636803874,442.725617433414,9.06421307506053
std,114.44999075219617,34.34512005276951,2.9491378664358474,11.228433936774634,1.2074891764285436,18.91978145773799,43.505737494752,199.6139548255239,5.528033733995982
min,1.0,2.12,22.99,46.0,0.0,0.51,2.78,18.08,0.0
25%,104.0,83.39,27.99,66.0,1.54,27.54,47.41,278.32,4.24
50%,207.0,104.52,29.99,78.0,2.06,36.96,67.01,405.09,8.39
75%,303.0,142.12,31.99,83.0,3.09,52.29,90.55,601.02,12.7
max,393.0,187.49,38.99,100.0,8.23,126.18,663.85,1168.94,26.91
