,id,aqi,temperature,humidity,wind_speed,pm2_5,pm10,co,no2
count,954.0,954.0,954.0,954.0,954.0,954.0,954.0,954.0,954.0
mean,431.916142557652,124.09749475890986,28.928144654088054,68.68238993710692,2.0220020964360588,52.764580712788266,-20962262986.44132,506.95842767295596,8.680157232704401
std,230.87636155454248,39.60233305676317,3.9807160312889045,16.50370444443421,1.254358142823569,29.155650052638247,457582472281.0351,228.08468093557536,5.099934908583559
min,1.0,2.12,16.99,27.0,0.0,0.51,-9998999486464.0,18.08,0.0
25%,239.25,90.0275,26.99,58.0,1.03,30.7325,55.405,321.57500000000005,4.58
50%,448.5,122.535,28.99,70.0,2.06,44.29,80.05,493.64,8.265
75%,631.75,158.58,31.99,83.0,2.57,70.4025,112.0775,652.8225,12.03
max,807.0,232.49,38.99,100.0,8.84,182.28,663.85,1324.55,26.91
