,id,aqi,temperature,humidity,wind_speed,pm2_5,pm10,co,no2
count,991.0,991.0,991.0,991.0,991.0,991.0,991.0,991.0,991.0
mean,446.49949545913216,125.57167507568114,28.61763874873865,67.90010090817356,1.9963975782038343,54.09517658930373,-20179615422.088108,516.8333198789102,8.843905146316853
std,238.3352145502101,39.85822064707459,4.298411554703451,16.990820753830498,1.2529242721213827,29.97400873322572,448967873064.8579,233.20138379741206,5.201630512344498
min,1.0,2.12,13.99,20.0,0.0,0.51,-9998999486464.0,18.08,0.0
25%,248.5,90.80000000000001,25.99,56.0,1.03,31.045,56.75,328.03999999999996,4.705
50%,464.0,125.92,28.99,70.0,2.06,45.63,82.0,504.24,8.45
75%,650.5,159.575,31.99,83.0,2.57,72.265,115.185,666.315,12.29
max,837.0,232.49,38.99,100.0,8.84,182.28,663.85,1324.55,26.91
