,id,aqi,temperature,humidity,wind_speed,pm2_5,pm10,co,no2
count,552.0,552.0,552.0,552.0,552.0,552.0,552.0,552.0,552.0
mean,266.56340579710144,109.51519927536232,29.54275362318841,76.92210144927536,2.352155797101449,40.937681159420286,67.45728260869565,477.21643115942027,9.025235507246377
std,147.74252743069607,34.97664438724499,3.139804638197823,11.78941436368623,1.241510799233108,19.285648389791607,40.28054969923372,215.42970484103074,5.48054492922056
min,1.0,2.12,22.99,46.0,0.0,0.51,2.78,18.08,0.0
25%,141.75,81.42,26.99,70.0,1.54,26.57,44.019999999999996,303.16999999999996,4.4575000000000005
50%,272.0,105.58,28.99,79.0,2.06,37.435,62.44,465.46000000000004,8.245000000000001
75%,394.25,144.39499999999998,31.99,84.0,3.09,53.1475,83.095,625.3299999999999,12.555
max,511.0,187.49,38.99,100.0,8.23,126.18,663.85,1179.69,26.91
