,id,aqi,temperature,humidity,wind_speed,pm2_5,pm10,co,no2
count,789.0,789.0,789.0,789.0,789.0,789.0,789.0,789.0,789.0
mean,366.0595690747782,114.36286438529785,29.697211660329533,70.94296577946768,2.1838149556400506,44.24182509505704,-25346006226.917038,465.80059569074774,8.465956907477821
std,197.80052698989212,35.89303563032116,3.489535928604438,15.530158700543144,1.2251909708097386,21.21601961464889,503103454932.5059,203.30633516269063,5.190011394720488
min,1.0,2.12,19.99,27.0,0.0,0.51,-9998999486464.0,18.08,0.0
25%,200.0,85.43,26.99,62.0,1.03,28.48,50.14,304.37,4.12
50%,379.0,109.22,28.99,74.0,2.06,38.98,72.87,446.61,7.93
75%,539.0,152.72,31.99,83.0,3.09,58.84,95.34,614.77,11.95
max,687.0,187.49,38.99,100.0,8.84,126.18,663.85,1179.69,26.91
