,id,aqi,temperature,humidity,wind_speed,pm2_5,pm10,co,no2
count,1065.0,1065.0,1065.0,1065.0,1065.0,1065.0,1065.0,1065.0,1065.0
mean,475.6403755868545,130.79147417840375,27.971211267605636,67.04976525821596,1.9219906103286386,60.1907323943662,-18777463723.200016,543.6239624413146,9.21813145539906
std,253.48631390709176,43.4164804320515,4.915793514894206,17.338577810476764,1.2673311976643695,37.560416672221756,433104362566.8339,254.62294338493163,5.416136186038046
min,1.0,2.12,11.99,20.0,0.0,0.51,-9998999486464.0,18.08,0.0
25%,265.0,93.54,24.99,55.0,1.03,32.35,58.11,338.41,4.88
50%,495.0,140.05,27.99,70.0,2.06,51.36,85.79,528.19,8.88
75%,696.0,162.98,30.99,82.0,2.17,78.71,124.4,692.32,12.87
max,894.0,251.45,38.99,100.0,8.84,201.41,663.85,1324.55,26.91
