,id,aqi,temperature,humidity,wind_speed,pm2_5,pm10,co,no2
count,238.0,238.0,238.0,238.0,238.0,238.0,238.0,238.0,238.0
mean,120.3655462184874,108.11823529411764,29.951890756302518,77.0546218487395,2.412647058823529,40.47033613445378,68.22495798319326,452.53079831932774,9.02121848739496
std,69.31233040001597,37.45653079213794,2.833746345544122,10.014818117365328,1.1685727028417,20.163871875224288,51.26502061039166,202.87370684466694,5.498508331145244
min,1.0,2.12,22.99,47.0,0.0,0.51,2.78,18.08,0.0
25%,60.25,77.285,27.99,70.0,2.06,24.6275,44.615,286.72749999999996,4.2924999999999995
50%,121.5,105.68,28.99,78.0,2.06,37.56,61.08,403.06,8.094999999999999
75%,180.75,145.54749999999999,31.99,83.0,3.09,53.9975,76.29,608.2025,12.495
max,238.0,183.63,38.99,100.0,8.23,118.7,663.85,1168.94,26.91
