,id,aqi,temperature,humidity,wind_speed,pm2_5,pm10,co,no2
count,652.0,652.0,652.0,652.0,652.0,652.0,652.0,652.0,652.0
mean,309.5092024539877,107.46036809815952,29.881288343558285,74.27300613496932,2.25989263803681,39.72656441717791,69.56493865030674,455.7239877300614,8.623558282208588
std,169.5082022710139,33.32388527034315,3.2486968479876763,13.47509535933333,1.2100062157770695,18.24073884092467,38.0613690219386,209.7074711444789,5.390813079693307
min,1.0,2.12,22.99,32.0,0.0,0.51,2.78,18.08,0.0
25%,165.75,81.43,27.99,66.0,1.54,26.5925,46.550000000000004,291.76,4.05
50%,318.5,102.22,28.99,78.0,2.06,36.010000000000005,66.055,425.75,7.96
75%,457.25,136.1975,31.99,83.0,3.09,49.8975,85.775,605.4825000000001,12.115
max,582.0,187.49,38.99,100.0,8.23,126.18,663.85,1179.69,26.91
