,id,aqi,temperature,humidity,wind_speed,pm2_5,pm10,co,no2
count,987.0,987.0,987.0,987.0,987.0,987.0,987.0,987.0,987.0
mean,444.92198581560285,125.32463019250254,28.662735562310033,67.93819655521783,2.0034447821681862,53.810607902735555,-20261397045.764973,515.8981458966566,8.829635258358662
std,237.52253014285674,39.74764766713893,4.243987969872164,16.998425830645246,1.2502256541718866,29.691498561897728,449875793164.01434,233.19981781752918,5.205391111279969
min,1.0,2.12,13.99,20.0,0.0,0.51,-9998999486464.0,18.08,0.0
25%,247.5,90.725,26.25,56.0,1.03,31.025,56.685,327.77,4.6899999999999995
50%,462.0,125.11,28.99,70.0,2.06,45.4,81.98,500.98,8.41
75%,649.0,159.4,31.99,83.0,2.57,71.905,114.86,664.655,12.27
max,834.0,232.49,38.99,100.0,8.84,182.28,663.85,1324.55,26.91
