,id,aqi,temperature,humidity,wind_speed,pm2_5,pm10,co,no2
count,444.0,444.0,444.0,444.0,444.0,444.0,444.0,444.0,444.0
mean,217.96621621621622,110.41484234234235,29.985765765765766,76.05855855855856,2.3503828828828826,41.58885135135135,71.886509009009,465.2333108108108,9.308153153153153
std,122.02387078429014,34.97902588866015,3.0016443347779957,11.318543632982665,1.1915115832713394,19.73024826048298,42.73292640690416,215.814676886079,5.60144839492079
min,1.0,2.12,22.99,46.0,0.0,0.51,2.78,18.08,0.0
25%,112.5,83.5525,27.99,69.0,1.54,27.6275,46.4825,292.02250000000004,4.7225
50%,222.5,105.765,29.99,79.0,2.06,37.474999999999994,66.34,438.985,8.79
75%,325.25,145.3625,31.99,84.0,3.09,53.6575,89.5025,611.8675,13.1575
max,421.0,187.49,38.99,100.0,8.23,126.18,663.85,1179.69,26.91
