,id,aqi,temperature,humidity,wind_speed,pm2_5,pm10,co,no2
count,1254.0,1254.0,1254.0,1254.0,1254.0,1254.0,1254.0,1254.0,1254.0
mean,550.5215311004785,151.958014354067,26.217264752791067,66.22009569377991,1.8060127591706536,84.04140350877192,-15947367470.076176,655.0689393939393,10.173668261562998
std,294.20766064250347,69.54573328853364,6.40182506637354,17.602493238943975,1.2716666404879116,72.13786867513541,399162197254.0143,394.5475267370727,6.017899061874672
min,1.0,2.12,7.99,20.0,0.0,0.51,-9998999486464.0,18.08,0.0
25%,306.25,98.18,22.99,54.0,1.03,34.555,62.9675,368.75,5.38
50%,564.0,154.03,27.99,70.0,2.06,61.39,96.84,584.22,9.75
75%,795.75,175.065,30.99,79.0,2.06,102.10249999999999,167.84,813.2325,14.14
max,1062.0,403.0,38.99,100.0,8.84,353.53,663.85,2380.16,28.32
