,id,aqi,temperature,humidity,wind_speed,pm2_5,pm10,co,no2
count,428.0,428.0,428.0,428.0,428.0,428.0,428.0,428.0,428.0
mean,210.62383177570092,108.56238317757008,29.985607476635515,76.07242990654206,2.3660747663551405,40.37189252336448,71.5390186915888,450.21922897196265,9.212873831775703
std,118.0995336665731,34.22116114607135,3.0335252222679827,11.436696214870564,1.2023330224912783,18.83348250204136,43.37596991708535,201.98624794265606,5.567054343516829
min,1.0,2.12,22.99,46.0,0.0,0.51,2.78,18.08,0.0
25%,107.75,83.07249999999999,27.99,66.0,1.54,27.395,45.625,283.42499999999995,4.38
50%,214.5,103.325,29.99,79.0,2.06,36.620000000000005,65.87,428.78499999999997,8.61
75%,313.25,140.26,31.99,84.0,3.09,51.765,89.28,605.4825000000001,12.7625
max,406.0,187.49,38.99,100.0,8.23,126.18,663.85,1168.94,26.91
