,id,aqi,temperature,humidity,wind_speed,pm2_5,pm10,co,no2
count,940.0,940.0,940.0,940.0,940.0,940.0,940.0,940.0,940.0
mean,426.4095744680851,123.64972340425533,29.02828723404256,68.86276595744681,2.009968085106383,52.55687234042553,-21274466905.22833,507.1305319148936,8.683170212765958
std,228.100853284801,39.68728692784859,3.888297280655745,16.425430840127873,1.248839503489791,29.278201212602976,460973797585.87634,229.08679313262294,5.108698980612494
min,1.0,2.12,17.99,27.0,0.0,0.51,-9998999486464.0,18.08,0.0
25%,235.75,89.805,26.99,58.0,1.03,30.585,55.269999999999996,320.3975,4.57
50%,443.5,121.58500000000001,28.99,70.0,2.06,44.019999999999996,79.68,493.29999999999995,8.265
75%,624.25,158.56,31.99,83.0,2.57,70.2675,111.26,653.2,12.03
max,795.0,232.49,38.99,100.0,8.84,182.28,663.85,1324.55,26.91
