,id,aqi,temperature,humidity,wind_speed,pm2_5,pm10,co,no2
count,988.0,988.0,988.0,988.0,988.0,988.0,988.0,988.0,988.0
mean,445.3168016194332,125.37859311740891,28.655981781376518,67.90991902834008,2.0024595141700403,53.8664979757085,-20240889558.66441,516.0751113360324,8.836194331983805
std,237.72631587066633,39.76370033052913,4.247146267328349,17.01304651036528,1.249975855240193,29.728405710057835,449648296844.2382,233.14801642085763,5.206836738886548
min,1.0,2.12,13.99,20.0,0.0,0.51,-9998999486464.0,18.08,0.0
25%,247.75,90.75750000000001,26.162499999999998,55.75,1.03,31.0275,56.712500000000006,327.785,4.695
50%,462.5,125.245,28.99,70.0,2.06,45.51,81.985,501.745,8.42
75%,649.25,159.45,31.99,83.0,2.57,72.00999999999999,114.885,665.6275,12.28
max,835.0,232.49,38.99,100.0,8.84,182.28,663.85,1324.55,26.91
