,id,aqi,temperature,humidity,wind_speed,pm2_5,pm10,co,no2
count,1133.0,1133.0,1133.0,1133.0,1133.0,1133.0,1133.0,1133.0,1133.0
mean,502.19593998234774,138.0758428949691,27.331562224183582,66.87819947043248,1.8684554280670786,68.64714033539275,-17650484418.58551,576.8595586937336,9.462727272727273
std,267.3265437778985,52.369085173489125,5.50495779879255,17.338838721321352,1.2780053601332255,50.93199107247441,419918180543.80005,291.76208976373766,5.4869313152793335
min,1.0,2.12,9.99,20.0,0.0,0.51,-9998999486464.0,18.08,0.0
25%,279.0,95.37,24.99,55.0,1.03,33.24,60.65,348.19,5.08
50%,522.0,148.79,27.99,70.0,2.06,55.16,90.39,552.21,9.22
75%,731.0,166.72,30.99,79.0,2.06,85.94,137.52,729.52,13.3
max,945.0,363.54,38.99,100.0,8.84,313.61,663.85,1714.68,26.91
