,id,aqi,temperature,humidity,wind_speed,pm2_5,pm10,co,no2
count,453.0,453.0,453.0,453.0,453.0,453.0,453.0,453.0,453.0
mean,222.09933774834437,109.86706401766004,29.93066225165563,76.37086092715232,2.353686534216335,41.293885209713025,71.04812362030906,469.645651214128,9.385695364238408
std,124.25010932672069,35.04429819917131,3.0039740644555297,11.454188800230417,1.1845147091581754,19.710924914319584,42.745978196812665,216.00888900165114,5.5888614941504
min,1.0,2.12,22.99,46.0,0.0,0.51,2.78,18.08,0.0
25%,116.0,83.13,27.99,70.0,1.54,27.4,45.33,294.76,4.84
50%,227.0,105.11,28.99,79.0,2.06,37.29,65.8,446.61,8.88
75%,330.0,145.1,31.99,84.0,3.09,53.48,88.47,620.4,13.28
max,430.0,187.49,38.99,100.0,8.23,126.18,663.85,1179.69,26.91
