,id,aqi,temperature,humidity,wind_speed,pm2_5,pm10,co,no2
count,406.0,406.0,406.0,406.0,406.0,406.0,406.0,406.0,406.0
mean,200.51724137931035,109.0815763546798,30.226748768472905,75.33743842364532,2.3675123152709356,40.67068965517241,73.39211822660099,438.72485221674873,9.011600985221675
std,112.74498022616521,34.58706149261824,2.894278523021868,11.19466042647566,1.210617419701615,19.066654053796434,43.67774628954814,197.51947793772877,5.513198900989839
min,1.0,2.12,22.99,46.0,0.0,0.51,2.78,18.08,0.0
25%,102.25,83.1425,27.99,66.0,1.54,27.424999999999997,48.78,276.45,4.1775
50%,205.0,104.47,29.99,78.0,2.06,36.945,67.91,402.04499999999996,8.385000000000002
75%,297.75,142.6025,31.99,83.0,3.09,52.707499999999996,91.0325,598.4175,12.532499999999999
max,387.0,187.49,38.99,100.0,8.23,126.18,663.85,1168.94,26.91
