,id,aqi,temperature,humidity,wind_speed,pm2_5,pm10,co,no2
count,1129.0,1129.0,1129.0,1129.0,1129.0,1129.0,1129.0,1129.0,1129.0
mean,500.62976085031,137.62100974313552,27.38414526129318,66.83968113374668,1.8750752878653676,68.12313551815765,-17713019351.100986,573.8648272807795,9.439025686448185
std,266.49857496996924,51.87461794825469,5.442278738956456,17.354255877488807,1.2754080902329563,50.2270230177306,420660739679.6657,287.71032439221176,5.481317457614376
min,1.0,2.12,9.99,20.0,0.0,0.51,-9998999486464.0,18.08,0.0
25%,278.0,95.12,24.99,55.0,1.03,33.2,60.62,347.98,5.07
50%,520.0,148.4,27.99,70.0,2.06,54.79,89.98,551.35,9.21
75%,729.0,166.37,30.99,79.0,2.06,85.26,137.41,726.76,13.23
max,942.0,363.54,38.99,100.0,8.84,313.61,663.85,1714.68,26.91
