,id,aqi,temperature,humidity,wind_speed,pm2_5,pm10,co,no2
count,995.0,995.0,995.0,995.0,995.0,995.0,995.0,995.0,995.0
mean,448.07638190954776,125.80097487437186,28.589989949748745,67.79195979899498,1.9987236180904522,54.34693467336683,-20098491339.087025,517.4016582914572,8.84561809045226
std,239.1479850374233,39.94842113351586,4.320506469945457,17.0583663595177,1.2522163365473522,30.20954728948062,448065427832.8019,233.29737413919875,5.197294635098003
min,1.0,2.12,13.99,20.0,0.0,0.51,-9998999486464.0,18.08,0.0
25%,249.5,90.84,25.99,55.0,1.03,31.064999999999998,56.849999999999994,328.335,4.705
50%,466.0,126.12,28.99,70.0,2.06,45.74,82.08,505.73,8.46
75%,652.5,159.75,31.645,83.0,2.57,72.53999999999999,115.71000000000001,666.55,12.29
max,840.0,232.49,38.99,100.0,8.84,182.28,663.85,1324.55,26.91
