,id,aqi,temperature,humidity,wind_speed,pm2_5,pm10,co,no2
count,325.0,325.0,325.0,325.0,325.0,325.0,325.0,325.0,325.0
mean,162.5046153846154,104.62830769230769,30.32267692307692,75.36615384615385,2.404953846153846,38.362338461538464,76.59264615384616,409.78612307692305,8.750984615384615
std,92.31025321708769,33.737821687991534,2.933107509761221,11.250710223439846,1.1528680343618567,18.022252810527647,46.87694593571779,197.9826512251961,5.554660006964645
min,1.0,2.12,22.99,46.0,0.0,0.51,2.78,18.08,0.0
25%,82.0,78.61,27.99,66.0,2.06,25.28,52.11,246.97,3.68
50%,165.0,101.17,29.99,78.0,2.06,35.73,70.93,364.12,8.03
75%,244.0,129.56,32.99,83.0,3.09,47.15,94.23,560.17,12.54
max,317.0,183.63,38.99,100.0,8.23,118.7,663.85,1168.94,26.91
