,id,aqi,temperature,humidity,wind_speed,pm2_5,pm10,co,no2
count,1466.0,1466.0,1466.0,1466.0,1466.0,1466.0,1466.0,1466.0,1466.0
mean,640.2721691678036,176.11281718963164,24.354938608458394,67.85538881309687,1.7276330150068213,110.87900409276943,-13641199683.719759,801.7244406548431,11.154631650750341
std,349.6162698048935,93.13064206905558,7.601040051184426,17.89207963326196,1.240026226344384,100.36009591182494,369195402970.3724,544.5270813464846,6.6539917681987655
min,1.0,2.12,6.99,20.0,0.0,0.51,-9998999486464.0,18.08,0.0
25%,354.25,105.495,18.99,55.0,1.03,37.4325,68.7975,402.01,5.8675
50%,644.5,158.96499999999997,26.99,71.0,2.06,71.005,112.7,636.725,10.83
75%,916.75,202.2175,29.99,82.0,2.06,151.72750000000002,235.7725,1049.5225,15.522499999999999
max,1275.0,493.9,38.99,100.0,8.84,491.16,663.85,2839.26,33.91
