,id,aqi,temperature,humidity,wind_speed,pm2_5,pm10,co,no2
count,733.0,733.0,733.0,733.0,733.0,733.0,733.0,733.0,733.0
mean,343.2551159618008,112.28204638472033,30.003574351978177,72.12551159618008,2.207912687585266,43.0537517053206,-27282399616.981583,463.66090040927685,8.503233287858118
std,186.46480092876297,35.25917799616234,3.275792365497995,14.752996034201987,1.185699343112257,20.8628564817383,521942551827.1801,205.3160587825436,5.257294157070952
min,1.0,2.12,22.99,31.0,0.0,0.51,-9998999486464.0,18.08,0.0
25%,186.0,84.37,27.99,62.0,1.54,28.01,49.17,302.81,4.09
50%,354.0,107.23,29.99,74.0,2.06,38.15,70.88,441.26,7.93
75%,509.0,151.05,31.99,83.0,3.09,55.6,92.27,610.9,11.99
max,644.0,187.49,38.99,100.0,8.23,126.18,663.85,1179.69,26.91
