,id,aqi,temperature,humidity,wind_speed,pm2_5,pm10,co,no2
count,866.0,866.0,866.0,866.0,866.0,866.0,866.0,866.0,866.0
mean,397.22055427251735,118.98526558891456,29.397609699769056,69.51732101616628,2.083002309468822,47.98431870669746,-23092377486.733814,485.8478521939954,8.570912240184757
std,213.60018530153127,37.467851717934494,3.6697641876766913,16.312916977941114,1.2437080461430259,24.13341633235052,480243411452.85803,214.00444532092246,5.150337210951236
min,1.0,2.12,18.99,27.0,0.0,0.51,-9998999486464.0,18.08,0.0
25%,217.25,87.7125,26.99,58.0,1.03,29.63,53.545,312.905,4.35
50%,411.5,113.755,28.99,73.0,2.06,40.715,76.42,474.52,8.08
75%,579.75,155.6125,31.99,83.0,2.57,64.44,103.215,633.8675,11.95
max,743.0,187.49,38.99,100.0,8.84,126.18,663.85,1179.69,26.91
