,id,aqi,temperature,humidity,wind_speed,pm2_5,pm10,co,no2
count,869.0,869.0,869.0,869.0,869.0,869.0,869.0,869.0,869.0
mean,398.4200230149597,119.12012658227847,29.386996547756045,69.46144994246261,2.0817376294591483,48.05741081703107,-23012656965.69286,486.06888377445335,8.577491369390104
std,214.20350183340915,37.4733238126084,3.6717290313258633,16.327225523246437,1.243054749721787,24.124157712531634,479414694953.29456,213.71987724259836,5.143379657248777
min,1.0,2.12,18.99,27.0,0.0,0.51,-9998999486464.0,18.08,0.0
25%,218.0,87.87,26.99,58.0,1.03,29.63,53.56,312.92,4.35
50%,413.0,113.9,28.99,73.0,2.06,40.84,76.53,474.88,8.1
75%,582.0,155.63,31.99,83.0,2.57,64.48,103.59,633.29,11.95
max,745.0,187.49,38.99,100.0,8.84,126.18,663.85,1179.69,26.91
