,id,aqi,temperature,humidity,wind_speed,pm2_5,pm10,co,no2
count,1168.0,1168.0,1168.0,1168.0,1168.0,1168.0,1168.0,1168.0,1168.0
mean,515.9614726027397,139.76662671232876,27.003690068493157,66.60102739726027,1.8459760273972603,70.55262842465754,-17121574349.259665,588.4197089041096,9.601532534246575
std,274.7040461950723,52.698681086611835,5.782676948925466,17.464373793112035,1.278314177216074,51.76271144034244,413584229042.85614,299.6606973280566,5.552689672779925
min,1.0,2.12,8.99,20.0,0.0,0.51,-9998999486464.0,18.08,0.0
25%,287.75,96.175,23.99,55.0,1.03,33.650000000000006,61.160000000000004,356.0575,5.1775
50%,533.0,151.54500000000002,27.99,70.0,2.06,56.585,92.5,560.125,9.35
75%,749.0,168.71,30.99,79.0,2.06,89.80499999999999,142.985,745.985,13.4725
max,978.0,363.54,38.99,100.0,8.84,313.61,663.85,1714.68,26.91
