,id,aqi,temperature,humidity,wind_speed,pm2_5,pm10,co,no2
count,495.0,495.0,495.0,495.0,495.0,495.0,495.0,495.0,495.0
mean,241.12929292929292,111.36480808080807,29.5599393939394,77.27474747474747,2.3754747474747475,41.94426262626262,69.53909090909092,489.05535353535356,9.480363636363638
std,134.33787035472298,34.62549992204815,3.1753186897923453,11.64041493266125,1.221440431457828,19.422769751754593,41.457834261349404,219.94980953388932,5.524483476422579
min,1.0,2.12,22.99,46.0,0.0,0.51,2.78,18.08,0.0
25%,127.5,84.22,26.99,70.0,1.54,27.935000000000002,44.66,310.295,5.175
50%,248.0,107.89,28.99,79.0,2.06,38.37,64.51,480.33,9.06
75%,358.0,145.77499999999998,31.99,84.0,3.09,53.825,86.435,638.815,13.29
max,463.0,187.49,38.99,100.0,8.23,126.18,663.85,1179.69,26.91
