,id,aqi,temperature,humidity,wind_speed,pm2_5,pm10,co,no2
count,687.0,687.0,687.0,687.0,687.0,687.0,687.0,687.0,687.0
mean,324.14701601164484,108.88072780203784,29.953813682678316,73.22270742358079,2.229213973799127,40.6538864628821,-29109168739.45272,456.480116448326,8.596288209606987
std,176.82790529889445,33.73994151887251,3.2758177507426662,14.237824104292407,1.206177838848738,18.95089311199323,539108778023.0651,207.2888391731668,5.342010551029431
min,1.0,2.12,22.99,31.0,0.0,0.51,-9998999486464.0,18.08,0.0
25%,174.5,83.285,27.99,65.0,1.54,27.52,47.385,293.78,4.06
50%,334.0,103.34,29.36,75.0,2.06,36.67,67.46,430.32,8.0
75%,479.5,140.62,31.99,83.0,3.09,51.655,87.775,603.015,12.120000000000001
max,612.0,187.49,38.99,100.0,8.23,126.18,663.85,1179.69,26.91
