,id,aqi,temperature,humidity,wind_speed,pm2_5,pm10,co,no2
count,1193.0,1193.0,1193.0,1193.0,1193.0,1193.0,1193.0,1193.0,1193.0
mean,525.8994132439229,142.15453478625312,26.752774518021795,66.49874266554903,1.8392372170997486,73.32212908633697,-16762781922.010029,606.1558759430008,9.798759430008383
std,280.1761998476402,55.00844245734368,6.004598791029199,17.504511597589143,1.2783555022595825,54.99812459121163,409231518471.90753,326.5853244717632,5.746223925265381
min,1.0,2.12,7.99,20.0,0.0,0.51,-9998999486464.0,18.08,0.0
25%,293.0,97.01,23.99,55.0,1.03,34.07,61.87,360.48,5.24
50%,543.0,152.07,27.99,70.0,2.06,57.62,93.72,566.74,9.45
75%,760.0,170.24,30.99,79.0,2.06,92.76,149.27,762.76,13.61
max,1002.0,363.54,38.99,100.0,8.84,313.61,663.85,2285.75,28.32
