,id,aqi,temperature,humidity,wind_speed,pm2_5,pm10,co,no2
count,297.0,297.0,297.0,297.0,297.0,297.0,297.0,297.0,297.0
mean,149.14478114478115,105.45858585858585,30.263131313131318,75.46801346801347,2.429326599326599,38.870673400673404,74.66269360269361,418.6656228956229,8.703367003367003
std,85.10825329199736,34.83639023320204,2.9317826118889325,10.943643429559074,1.1739809631149485,18.65558110329872,48.44525324853393,200.03121604117536,5.488845948029954
min,1.0,2.12,22.99,46.0,0.0,0.51,2.78,18.08,0.0
25%,75.0,77.39,27.99,66.0,2.06,24.66,48.81,264.81,3.96
50%,151.0,102.38,29.99,78.0,2.06,36.17,67.46,368.78,7.93
75%,223.0,133.43,32.99,83.0,3.09,48.96,91.89,567.63,12.36
max,291.0,183.63,38.99,100.0,8.23,118.7,663.85,1168.94,26.91
