,id,aqi,temperature,humidity,wind_speed,pm2_5,pm10,co,no2
count,859.0,859.0,859.0,859.0,859.0,859.0,859.0,859.0,859.0
mean,394.42025611175785,118.63313154831198,29.438183934807917,69.57508731082655,2.0945867287543654,47.74633294528521,-23280557513.766518,484.4412456344587,8.55976717112922
std,212.19330064502265,37.41268402822713,3.6400448854366294,16.29763618038289,1.2399316322083818,24.068884205269825,482193918879.5156,213.83118742771117,5.15252776508482
min,1.0,2.12,19.99,27.0,0.0,0.51,-9998999486464.0,18.08,0.0
25%,215.5,87.53,26.99,58.0,1.03,29.5,53.165,312.695,4.335
50%,408.0,113.34,28.99,73.0,2.06,40.57,76.23,472.64,8.07
75%,574.5,155.245,31.99,83.0,2.6799999999999997,63.885,102.485,632.13,11.95
max,738.0,187.49,38.99,100.0,8.84,126.18,663.85,1179.69,26.91
