,id,aqi,temperature,humidity,wind_speed,pm2_5,pm10,co,no2
count,856.0,856.0,856.0,856.0,856.0,856.0,856.0,856.0,856.0
mean,393.2196261682243,118.48749999999998,29.433913551401872,69.69392523364486,2.0971144859813085,47.656810747663556,-23362148253.132496,484.16132009345796,8.564404205607477
std,211.59098442605347,37.3926609938211,3.6449597964400247,16.19673667266114,1.241034266261623,24.03770658785708,483037156980.6028,213.7275929973263,5.154966661583834
min,1.0,2.12,19.99,27.0,0.0,0.51,-9998999486464.0,18.08,0.0
25%,214.75,87.525,26.99,59.0,1.03,29.47,53.115,312.7975,4.342499999999999
50%,406.5,113.19999999999999,28.99,73.0,2.06,40.489999999999995,76.025,472.31,8.07
75%,573.0,155.14749999999998,31.99,83.0,2.815,63.652499999999996,102.395,632.13,11.95
max,736.0,187.49,38.99,100.0,8.84,126.18,663.85,1179.69,26.91
