,id,aqi,temperature,humidity,wind_speed,pm2_5,pm10,co,no2
count,965.0,965.0,965.0,965.0,965.0,965.0,965.0,965.0,965.0
mean,436.2435233160622,124.21468393782385,28.841803108808293,68.44559585492227,2.0213678756476683,52.75605181347151,-20723314909.95793,509.01071502590673,8.73656994818653
std,233.06973154724957,39.47241206383964,4.060459811690725,16.62087604553817,1.2502395597847529,29.02184232625077,454969741176.2487,228.34164984411814,5.1407646865800904
min,1.0,2.12,14.99,27.0,0.0,0.51,-9998999486464.0,18.08,0.0
25%,242.0,90.39,26.99,57.0,1.03,30.85,55.5,324.39,4.63
50%,452.0,122.67,28.99,70.0,2.06,44.45,80.14,496.98,8.32
75%,638.0,158.55,31.99,83.0,2.57,70.13,112.07,657.95,12.09
max,816.0,232.49,38.99,100.0,8.84,182.28,663.85,1324.55,26.91
