,id,aqi,temperature,humidity,wind_speed,pm2_5,pm10,co,no2
count,436.0,436.0,436.0,436.0,436.0,436.0,436.0,436.0,436.0
mean,214.29128440366972,109.60839449541285,29.981100917431192,76.09633027522936,2.355733944954128,41.16722477064221,71.89493119266055,459.43889908256887,9.286146788990827
std,120.05136838162461,34.771939852337695,3.0207501814545643,11.385810298671508,1.1951615724346234,19.630210903005818,43.101082795634895,212.7216169825219,5.604851331834474
min,1.0,2.12,22.99,46.0,0.0,0.51,2.78,18.08,0.0
25%,109.75,83.3375,27.99,66.0,1.54,27.53,45.862500000000004,287.0425,4.555
50%,218.5,104.555,29.99,79.0,2.06,37.065,66.30000000000001,433.425,8.75
75%,319.25,143.6975,31.99,84.0,3.09,53.0025,90.43,608.4975,12.9825
max,414.0,187.49,38.99,100.0,8.23,126.18,663.85,1179.69,26.91
