,id,aqi,temperature,humidity,wind_speed,pm2_5,pm10,co,no2
count,1030.0,1030.0,1030.0,1030.0,1030.0,1030.0,1030.0,1030.0,1030.0
mean,461.8601941747573,128.2051650485437,28.266689320388352,67.43495145631069,1.9603009708737864,57.152961165048545,-19415532887.529556,531.3142233009709,9.059116504854368
std,246.28254939796346,41.48492967814134,4.654444964826125,17.196829485725004,1.258947532234898,33.71391402810864,440394413797.86163,245.18192168750866,5.340561121851223
min,1.0,2.12,12.99,20.0,0.0,0.51,-9998999486464.0,18.08,0.0
25%,257.25,92.08,25.99,55.0,1.03,31.6575,57.2975,332.8275,4.8149999999999995
50%,479.5,131.97500000000002,28.99,70.0,2.06,48.275,83.64500000000001,518.735,8.735
75%,672.75,161.47,30.99,82.0,2.395,75.7775,119.0775,679.81,12.6475
max,867.0,242.45,38.99,100.0,8.84,192.33,663.85,1324.55,26.91
