,id,aqi,temperature,humidity,wind_speed,pm2_5,pm10,co,no2
count,576.0,576.0,576.0,576.0,576.0,576.0,576.0,576.0,576.0
mean,277.1388888888889,108.3443923611111,29.630833333333335,76.34027777777777,2.332795138888889,40.333020833333336,67.55300347222222,469.79730902777777,8.881354166666666
std,153.2795053596045,34.81174222155074,3.1633981178748143,12.11949959905115,1.2266785127371846,19.142616937256037,39.61023499494506,215.0487584563455,5.468865925479392
min,1.0,2.12,22.99,37.0,0.0,0.51,2.78,18.08,0.0
25%,146.75,79.7025,26.99,66.0,1.54,25.7675,44.5175,296.6625,4.2475000000000005
50%,283.5,103.14,28.99,79.0,2.06,36.445,62.489999999999995,446.29,8.14
75%,410.25,142.3775,31.99,84.0,3.09,52.370000000000005,82.44500000000001,621.05,12.39
max,528.0,187.49,38.99,100.0,8.23,126.18,663.85,1179.69,26.91
