,id,aqi,temperature,humidity,wind_speed,pm2_5,pm10,co,no2
count,666.0,666.0,666.0,666.0,666.0,666.0,666.0,666.0,666.0
mean,315.36786786786786,107.35839339339337,29.897927927927928,73.83033033033033,2.246216216216216,39.6490990990991,69.90885885885886,455.0478378378378,8.626126126126126
std,172.42178077253024,33.024760799072965,3.2565051936087586,13.803335508815008,1.206874460001041,18.07050814866773,37.760409942115174,208.6890769624475,5.371495249102986
min,1.0,2.12,22.99,32.0,0.0,0.51,2.78,18.08,0.0
25%,169.25,81.795,27.99,66.0,1.54,26.759999999999998,46.9425,292.0375,4.05
50%,325.5,102.22,28.99,76.5,2.06,36.010000000000005,66.505,427.28999999999996,8.015
75%,466.75,133.96249999999998,31.99,83.0,3.09,49.05,85.9025,602.515,12.125
max,594.0,187.49,38.99,100.0,8.23,126.18,663.85,1179.69,26.91
