,id,aqi,temperature,humidity,wind_speed,pm2_5,pm10,co,no2
count,731.0,731.0,731.0,731.0,731.0,731.0,731.0,731.0,731.0
mean,342.4322845417237,112.15704514363885,30.00759233926129,72.18057455540355,2.2057455540355675,42.98274965800274,-27357043665.436237,463.44261285909704,8.503994528043776
std,186.05348839869052,35.22610586687854,3.279109418545004,14.73511155526643,1.1862597307787164,20.846852709905058,522655096376.5977,205.55135266216521,5.2644576319763585
min,1.0,2.12,22.99,31.0,0.0,0.51,-9998999486464.0,18.08,0.0
25%,185.5,84.36,27.99,62.0,1.54,27.990000000000002,49.115,301.73,4.074999999999999
50%,353.0,107.11,29.99,74.0,2.06,38.03,70.81,439.92,7.93
75%,508.0,151.04500000000002,31.99,83.0,3.09,55.595,92.125,611.495,12.0
max,643.0,187.49,38.99,100.0,8.23,126.18,663.85,1179.69,26.91
