,id,aqi,temperature,humidity,wind_speed,pm2_5,pm10,co,no2
count,1508.0,1508.0,1508.0,1508.0,1508.0,1508.0,1508.0,1508.0,1508.0
mean,658.5988063660477,181.9425198938992,23.893183023872677,68.40649867374005,1.7163726790450928,117.35621352785145,-13261272360.77732,834.6875132625995,11.393759946949602
std,361.33095435975935,98.60291554023864,7.990939972658992,18.0582963729095,1.2291840665709357,106.72136248009576,364021246885.0605,578.4318640869393,6.852094065782444
min,1.0,2.12,2.99,20.0,0.0,0.51,-9998999486464.0,18.08,0.0
25%,363.75,107.2,17.99,55.0,1.03,38.12,70.5275,406.155,5.94
50%,658.5,159.98,25.99,72.0,2.06,72.9,115.91,649.425,10.995000000000001
75%,944.25,219.76,29.99,83.0,2.06,169.43,244.15,1114.7875000000001,15.872499999999999
max,1318.0,493.9,38.99,100.0,8.84,491.16,663.85,3066.3,33.91
