,id,aqi,temperature,humidity,wind_speed,pm2_5,pm10,co,no2
count,1015.0,1015.0,1015.0,1015.0,1015.0,1015.0,1015.0,1015.0,1015.0
mean,455.95073891625617,127.29094581280789,28.4008275862069,67.58029556650246,1.9791231527093596,56.11507389162562,-19702461948.17748,525.7181674876847,8.960916256157635
std,243.2116097502411,41.02884071126642,4.522533163811924,17.133919837139796,1.2547027589903748,32.6441241268521,443633433058.98975,240.65367376141057,5.26362260490863
min,1.0,2.12,12.99,20.0,0.0,0.51,-9998999486464.0,18.08,0.0
25%,253.5,91.67500000000001,25.99,55.0,1.03,31.509999999999998,57.04,330.445,4.775
50%,474.0,129.69,28.99,70.0,2.06,47.27,83.0,514.66,8.6
75%,663.5,160.88,30.99,82.5,2.495,74.64,117.385,674.4200000000001,12.504999999999999
max,856.0,242.45,38.99,100.0,8.84,192.33,663.85,1324.55,26.91
