,id,aqi,temperature,humidity,wind_speed,pm2_5,pm10,co,no2
count,1371.0,1371.0,1371.0,1371.0,1371.0,1371.0,1371.0,1371.0,1371.0
mean,599.545587162655,167.12726477024069,25.26570386579139,66.89132020423048,1.7570386579139314,100.94813274981766,-14586432359.879332,730.5041794310723,10.612231947483588
std,324.1004371460333,87.71316995904823,6.962343457505506,17.84787310133031,1.2568882839610247,94.09610342165381,381763371129.2616,468.23557537585293,6.187154869545269
min,1.0,2.12,7.99,20.0,0.0,0.51,-9998999486464.0,18.08,0.0
25%,333.5,102.185,20.99,55.0,1.03,35.995000000000005,66.22,384.375,5.675
50%,612.0,156.31,26.99,70.0,2.06,65.9,106.94,614.77,10.37
75%,865.5,188.99,29.99,82.0,2.06,129.08499999999998,209.065,921.445,14.975000000000001
max,1181.0,493.9,38.99,100.0,8.84,491.16,663.85,2794.89,28.32
