,id,aqi,temperature,humidity,wind_speed,pm2_5,pm10,co,no2
count,1116.0,1116.0,1116.0,1116.0,1116.0,1116.0,1116.0,1116.0,1116.0
mean,495.5456989247312,136.55855734767025,27.49895161290323,66.91756272401433,1.8821505376344085,66.8719265232975,-17919353808.769012,568.6274103942652,9.403620071684589
std,263.82315157854975,51.08968744656538,5.349394506902787,17.35088723053219,1.2750543604729745,48.974135265308476,423101542205.66296,282.80284970595346,5.4784598319203255
min,1.0,2.12,10.99,20.0,0.0,0.51,-9998999486464.0,18.08,0.0
25%,274.75,94.71000000000001,24.99,55.0,1.03,32.8975,60.1,345.15000000000003,5.04
50%,516.5,146.58,27.99,70.0,2.06,54.065,89.235,547.02,9.135
75%,724.25,165.89,30.99,82.0,2.06,84.34,135.2025,719.575,13.195
max,931.0,363.54,38.99,100.0,8.84,313.61,663.85,1714.68,26.91
