,id,aqi,temperature,humidity,wind_speed,pm2_5,pm10,co,no2
count,1301.0,1301.0,1301.0,1301.0,1301.0,1301.0,1301.0,1301.0,1301.0
mean,570.0084550345888,160.92958493466566,25.850868562644123,66.42966948501153,1.7835126825518834,94.08648731744812,-15371251949.701492,695.5764411990776,10.377778631821675
std,305.9028439365306,83.21264930736592,6.608603909271157,17.621115278548817,1.265997887664035,88.75943496477969,391891455912.88477,446.5205346578077,6.1035550095035065
min,1.0,2.12,7.99,20.0,0.0,0.51,-9998999486464.0,18.08,0.0
25%,318.0,99.81,21.99,54.0,1.03,35.31,64.47,375.83,5.47
50%,581.0,154.81,26.99,70.0,2.06,62.93,101.38,595.88,10.0
75%,825.0,180.33,30.32,81.0,2.06,112.31,187.29,852.86,14.54
max,1114.0,493.9,38.99,100.0,8.84,491.16,663.85,2794.89,28.32
