,id,aqi,temperature,humidity,wind_speed,pm2_5,pm10,co,no2
count,388.0,388.0,388.0,388.0,388.0,388.0,388.0,388.0,388.0
mean,192.1701030927835,108.58012886597938,30.260927835051547,75.25773195876289,2.373865979381443,40.5035824742268,74.0139175257732,433.75226804123713,8.946262886597939
std,108.28769191438325,34.60021663886252,2.8790878660636956,11.184640955002058,1.1988118590775325,19.200948183975786,44.218366156423826,198.81003199985471,5.492921985705602
min,1.0,2.12,22.99,46.0,0.0,0.51,2.78,18.08,0.0
25%,97.75,83.07249999999999,27.99,66.0,1.54,27.395,49.1425,271.345,4.05
50%,196.5,103.76,29.99,78.0,2.06,36.84,68.38499999999999,394.45,8.245000000000001
75%,286.25,141.04999999999998,32.24,83.0,3.09,52.02,91.8675,597.8725000000001,12.455
max,372.0,187.49,38.99,100.0,8.23,126.18,663.85,1168.94,26.91
