,id,aqi,temperature,humidity,wind_speed,pm2_5,pm10,co,no2
count,1477.0,1477.0,1477.0,1477.0,1477.0,1477.0,1477.0,1477.0,1477.0
mean,645.0521327014218,177.74951252538932,24.23576844955992,67.95260663507109,1.7269600541638455,112.72216655382533,-13539606453.578615,812.5689099526066,11.21224779959377
std,352.6582550307248,94.84082782854618,7.699980187424346,17.885867505162626,1.2365587495489958,102.42827113491512,367818973189.10785,559.7701185197653,6.713721062088398
min,1.0,2.12,3.99,20.0,0.0,0.51,-9998999486464.0,18.08,0.0
25%,357.0,105.95,17.99,55.0,1.03,37.52,69.62,402.66,5.89
50%,648.0,159.27,26.74,71.0,2.06,71.53,113.73,639.9,10.86
75%,924.0,205.62,29.99,82.0,2.06,155.16,237.37,1063.51,15.55
max,1290.0,493.9,38.99,100.0,8.84,491.16,663.85,3066.3,33.91
