,id,aqi,temperature,humidity,wind_speed,pm2_5,pm10,co,no2
count,233.0,233.0,233.0,233.0,233.0,233.0,233.0,233.0,233.0
mean,117.88412017167381,107.22313304721031,29.95107296137339,77.00858369098712,2.4268669527896995,40.06085836909871,67.3747210300429,452.3650214592275,9.109270386266095
std,67.92154041183497,37.33265811758471,2.81554385614229,9.909935547438643,1.1715429938898891,20.158410500711582,50.841317520998395,202.862247686242,5.456752371890067
min,1.0,2.12,22.99,47.0,0.0,0.51,19.51,18.08,0.76
25%,59.0,77.08,27.99,70.0,2.06,24.59,44.57,286.57,4.84
50%,119.0,103.34,28.99,78.0,2.06,36.89,60.86,402.25,8.15
75%,177.0,145.1,31.99,83.0,3.09,53.48,75.94,607.52,12.54
max,233.0,183.63,38.99,100.0,8.23,118.7,663.85,1168.94,26.91
