,id,aqi,temperature,humidity,wind_speed,pm2_5,pm10,co,no2
count,876.0,876.0,876.0,876.0,876.0,876.0,876.0,876.0,876.0
mean,401.2077625570776,119.46711187214612,29.356426940639274,69.37100456621005,2.0745091324200913,48.29551369863013,-22828765870.290215,487.1916095890411,8.56804794520548
std,215.59675636896,37.525827558295084,3.6923649589504026,16.37651361871565,1.2430634457670364,24.189770472396813,477497586322.4538,213.66832740977776,5.133032249152686
min,1.0,2.12,18.99,27.0,0.0,0.51,-9998999486464.0,18.08,0.0
25%,219.75,87.885,26.99,58.0,1.03,29.7375,53.64,313.7425,4.38
50%,416.5,114.285,28.99,73.0,2.06,40.92,76.88,476.87,8.08
75%,586.25,155.82999999999998,31.99,83.0,2.57,64.955,104.52000000000001,634.31,11.95
max,749.0,187.49,38.99,100.0,8.84,126.18,663.85,1179.69,26.91
