,id,aqi,temperature,humidity,wind_speed,pm2_5,pm10,co,no2
count,502.0,502.0,502.0,502.0,502.0,502.0,502.0,502.0,502.0
mean,244.27091633466136,111.80362549800796,29.557968127490046,77.20318725099601,2.3638844621513946,42.13478087649402,69.4458764940239,488.85605577689233,9.421952191235059
std,135.9922003412316,34.63303012518373,3.1763474445977224,11.67467146831168,1.2180994696500307,19.392672172339356,41.19596701295432,218.9022901604866,5.518702421843694
min,1.0,2.12,22.99,46.0,0.0,0.51,2.78,18.08,0.0
25%,129.25,84.35499999999999,26.99,70.0,1.54,27.98,44.8225,311.3025,5.0200000000000005
50%,251.5,108.67,28.99,79.0,2.06,38.74,64.49000000000001,481.7,8.97
75%,362.75,146.5175,31.99,84.0,3.09,54.0925,85.91749999999999,636.7425000000001,13.254999999999999
max,469.0,187.49,38.99,100.0,8.23,126.18,663.85,1179.69,26.91
