,id,aqi,temperature,humidity,wind_speed,pm2_5,pm10,co,no2
count,972.0,972.0,972.0,972.0,972.0,972.0,972.0,972.0,972.0
mean,439.00720164609055,124.50317901234567,28.791430041152267,68.27057613168725,2.015288065843621,52.960956790123454,-20574072929.16747,511.9574279835391,8.787376543209877
std,234.48656128851158,39.4800849126942,4.106794941094651,16.771617879622355,1.2507691637015592,29.03981893255566,453330212242.3478,231.50175760948804,5.191155078655824
min,1.0,2.12,14.99,21.0,0.0,0.51,-9998999486464.0,18.08,0.0
25%,243.75,90.5125,26.99,57.0,1.03,30.9075,56.21,325.3375,4.6450000000000005
50%,455.5,123.555,28.99,70.0,2.06,44.78,80.65,499.005,8.38
75%,642.25,158.785,31.99,83.0,2.57,70.91250000000001,112.735,659.5875,12.13
max,823.0,232.49,38.99,100.0,8.84,182.28,663.85,1324.55,26.91
