,id,aqi,temperature,humidity,wind_speed,pm2_5,pm10,co,no2
count,1450.0,1450.0,1450.0,1450.0,1450.0,1450.0,1450.0,1450.0,1450.0
mean,633.3510344827586,174.2177517241379,24.523793103448277,67.73793103448276,1.732151724137931,108.8123448275862,-13791723270.42815,788.7235586206898,11.035206896551724
std,345.23750471344346,91.70612052605702,7.46848209490287,17.936557427075716,1.244346465986256,98.79992432732922,371225354793.2961,530.8177734781773,6.525976896742679
min,1.0,2.12,6.99,20.0,0.0,0.51,-9998999486464.0,18.08,0.0
25%,350.25,104.5975,18.99,55.0,1.03,37.019999999999996,68.3725,399.485,5.842499999999999
50%,639.5,158.265,26.99,70.0,2.06,69.75999999999999,111.52,632.13,10.79
75%,908.0,198.20749999999998,29.99,82.0,2.06,146.9275,231.14000000000001,1019.6650000000001,15.3275
max,1259.0,493.9,38.99,100.0,8.84,491.16,663.85,2839.26,33.91
