,id,aqi,temperature,humidity,wind_speed,pm2_5,pm10,co,no2
count,245.0,245.0,245.0,245.0,245.0,245.0,245.0,245.0,245.0
mean,123.84081632653061,107.96024489795919,29.961142857142857,76.99183673469388,2.4151836734693877,40.33832653061224,69.47706122448979,447.03204081632657,8.964775510204081
std,71.26574579642764,37.029833242127616,2.814831678280104,10.01105611628459,1.1662534886260156,19.923183444958422,51.132998299519805,202.94623606640977,5.477683155931424
min,1.0,2.12,22.99,47.0,0.0,0.51,2.78,18.08,0.0
25%,62.0,77.39,27.99,70.0,2.06,24.89,44.8,279.93,4.16
50%,126.0,105.95,28.99,78.0,2.06,37.61,61.7,397.7,8.09
75%,186.0,145.1,31.99,83.0,3.09,53.48,77.29,607.18,12.36
max,245.0,183.63,38.99,100.0,8.23,118.7,663.85,1168.94,26.91
