,id,aqi,temperature,humidity,wind_speed,pm2_5,pm10,co,no2
count,734.0,734.0,734.0,734.0,734.0,734.0,734.0,734.0,734.0
mean,343.6662125340599,112.3441008174387,29.99880108991826,72.10626702997276,2.208841961852861,43.08871934604905,-27245230135.088703,463.7049591280653,8.49858310626703
std,186.6701215324722,35.27520416085632,3.2761104248228867,14.752145596098506,1.1851577083003588,20.87013330371539,521587370663.6044,205.1794312607413,5.255217134447605
min,1.0,2.12,22.99,31.0,0.0,0.51,-9998999486464.0,18.08,0.0
25%,186.25,84.3925,27.99,62.0,1.54,28.015,49.19,303.11,4.09
50%,354.5,107.38,29.845,74.0,2.06,38.17,70.88499999999999,441.385,7.93
75%,509.75,151.05,31.99,83.0,3.09,55.735,92.27,610.61,11.98
max,645.0,187.49,38.99,100.0,8.23,126.18,663.85,1179.69,26.91
