,id,aqi,temperature,humidity,wind_speed,pm2_5,pm10,co,no2
count,1230.0,1230.0,1230.0,1230.0,1230.0,1230.0,1230.0,1230.0,1230.0
mean,540.7658536585366,147.90763414634148,26.42088617886179,66.25284552845528,1.825341463414634,79.64137398373985,-16258535624.624245,638.6490406504065,10.02118699186992
std,288.5665909864946,63.712935560227336,6.2609096408891896,17.600770311954143,1.2716642755729208,65.41453159410479,403034506075.34,378.38774831631287,5.911750491235225
min,1.0,2.12,7.99,20.0,0.0,0.51,-9998999486464.0,18.08,0.0
25%,301.25,97.71000000000001,22.99,54.0,1.03,34.3825,62.425,364.5325,5.285
50%,557.0,152.945,27.99,70.0,2.06,59.445,95.525,574.985,9.61
75%,781.75,173.22,30.99,79.0,2.06,98.5425,160.8175,792.2874999999999,13.9125
max,1038.0,402.62,38.99,100.0,8.84,352.96,663.85,2380.16,28.32
