,id,aqi,temperature,humidity,wind_speed,pm2_5,pm10,co,no2
count,1456.0,1456.0,1456.0,1456.0,1456.0,1456.0,1456.0,1456.0,1456.0
mean,635.9436813186813,174.94087225274725,24.460467032967035,67.77747252747253,1.729958791208791,109.60239697802197,-13734889244.427925,793.7230013736263,11.065762362637363
std,346.8760609166086,92.28426938062056,7.5183410871476495,17.919251892423535,1.2429290308059653,99.43389973677102,370460205266.0738,536.6110676567087,6.552203855453594
min,1.0,2.12,6.99,20.0,0.0,0.51,-9998999486464.0,18.08,0.0
25%,351.75,104.9875,18.99,55.0,1.03,37.230000000000004,68.605,400.895,5.8475
50%,642.0,158.54000000000002,26.99,71.0,2.06,70.13,112.00999999999999,633.675,10.81
75%,910.25,198.8275,29.99,82.0,2.06,148.1325,232.4475,1034.345,15.37
max,1265.0,493.9,38.99,100.0,8.84,491.16,663.85,2839.26,33.91
