,id,aqi,temperature,humidity,wind_speed,pm2_5,pm10,co,no2
count,1337.0,1337.0,1337.0,1337.0,1337.0,1337.0,1337.0,1337.0,1337.0
mean,585.1465968586388,165.17664173522815,25.532251308900527,66.85265519820494,1.7740014958863128,98.66621540762902,-14957366323.798468,715.9227673896785,10.434951383694838
std,315.1914531613601,87.63019968778687,6.812928925329177,17.816428641746413,1.2571123085409617,93.81071669566099,386583438007.0024,462.51012430945013,6.0813846480800855
min,1.0,2.12,7.99,20.0,0.0,0.51,-9998999486464.0,18.08,0.0
25%,327.0,101.59,20.99,55.0,1.03,35.76,65.45,381.8,5.55
50%,596.0,155.59,26.99,70.0,2.06,64.39,104.25,605.19,10.14
75%,846.0,184.13,29.99,82.0,2.06,119.66,197.47,889.14,14.6
max,1149.0,493.9,38.99,100.0,8.84,491.16,663.85,2794.89,28.32
