,id,aqi,temperature,humidity,wind_speed,pm2_5,pm10,co,no2
count,799.0,799.0,799.0,799.0,799.0,799.0,799.0,799.0,799.0
mean,370.1426783479349,115.03673341677097,29.65331664580726,70.77221526908636,2.1642177722152693,44.799737171464336,-25028784620.410423,468.22460575719646,8.484868585732166
std,199.8797060999739,36.17603038136102,3.520158971776305,15.632630194266538,1.2344185191155315,21.715610765837116,499949190216.62946,203.72761143612118,5.180332137434551
min,1.0,2.12,19.99,27.0,0.0,0.51,-9998999486464.0,18.08,0.0
25%,202.5,85.75,26.99,61.0,1.03,28.67,50.94,307.445,4.17
50%,383.0,109.99,28.99,74.0,2.06,39.18,73.41,450.63,7.95
75%,544.5,153.245,31.99,83.0,3.09,60.325,96.13499999999999,617.965,11.945
max,696.0,187.49,38.99,100.0,8.84,126.18,663.85,1179.69,26.91
