,id,aqi,temperature,humidity,wind_speed,pm2_5,pm10,co,no2
count,468.0,468.0,468.0,468.0,468.0,468.0,468.0,468.0,468.0
mean,228.9594017094017,109.77235042735045,29.77871794871795,76.82905982905983,2.3519658119658122,41.17948717948718,70.04779914529914,480.72837606837606,9.571004273504274
std,127.93281685620518,34.616889752458945,3.072809618638396,11.568835489130755,1.1965299502063795,19.44529250469077,42.43324513369527,221.5481231658246,5.631799821089267
min,1.0,2.12,22.99,46.0,0.0,0.51,2.78,18.08,0.0
25%,119.75,83.3375,27.99,70.0,1.54,27.53,44.5175,298.435,4.9675
50%,234.5,105.58,28.99,79.0,2.06,37.435,64.78999999999999,466.635,9.075
75%,339.25,144.09,31.99,84.0,3.09,53.1225,87.5575,632.13,13.5125
max,441.0,187.49,38.99,100.0,8.23,126.18,663.85,1179.69,26.91
