,id,aqi,temperature,humidity,wind_speed,pm2_5,pm10,co,no2
count,370.0,370.0,370.0,370.0,370.0,370.0,370.0,370.0,370.0
mean,183.76216216216216,106.3821891891892,30.279513513513518,75.34594594594594,2.3892432432432433,39.37248648648649,74.18689189189189,425.33124324324325,8.861918918918919
std,103.7749685274506,33.86953270020069,2.8765791527034534,11.222040706228363,1.1742683683191766,18.663263693331047,45.11938718632582,196.39341007652317,5.39433436034883
min,1.0,2.12,22.99,46.0,0.0,0.51,2.78,18.08,0.0
25%,93.25,81.055,27.99,66.0,1.67,26.57,48.485,266.365,4.035
50%,187.5,101.935,29.99,78.0,2.06,35.945,68.71000000000001,385.70000000000005,8.245000000000001
75%,272.75,133.14249999999998,32.74,83.0,3.09,48.644999999999996,92.27,587.77,12.355
max,357.0,187.49,38.99,100.0,8.23,126.18,663.85,1168.94,26.91
