,id,aqi,temperature,humidity,wind_speed,pm2_5,pm10,co,no2
count,1072.0,1072.0,1072.0,1072.0,1072.0,1072.0,1072.0,1072.0,1072.0
mean,478.39085820895525,131.72125,27.905102611940304,67.02425373134328,1.9171268656716416,61.25351679104478,-18654849685.613068,547.5627425373134,9.243516791044776
std,254.92628551433233,45.01306839730675,4.983187137875279,17.347585430376906,1.2672907023724187,39.94368212824613,431689320320.76434,260.4646511020333,5.421145912823335
min,1.0,2.12,11.99,20.0,0.0,0.51,-9998999486464.0,18.08,0.0
25%,266.0,93.605,24.99,55.0,1.03,32.39,58.6625,338.5575,4.88
50%,498.5,140.62,27.99,70.0,2.06,51.655,86.16499999999999,529.185,8.934999999999999
75%,700.25,163.4075,30.99,82.0,2.155,79.535,125.8925,695.7674999999999,12.91
max,899.0,348.23,38.99,100.0,8.84,298.16,663.85,1655.54,26.91
