,id,aqi,temperature,humidity,wind_speed,pm2_5,pm10,co,no2
count,1414.0,1414.0,1414.0,1414.0,1414.0,1414.0,1414.0,1414.0,1414.0
mean,617.8677510608204,172.049342291372,24.854207920792085,67.53818953323903,1.7407496463932108,106.40704384724187,-14142856259.748245,767.8306859971713,10.8507072135785
std,335.49983232071014,91.32647036409386,7.2547336750284535,18.02855009078493,1.252475144757024,98.24778612994875,375917987169.6775,512.3726218535467,6.369275023588245
min,1.0,2.12,6.99,20.0,0.0,0.51,-9998999486464.0,18.08,0.0
25%,342.25,103.3175,19.99,55.0,1.03,36.505,67.2025,392.8725,5.79
50%,626.5,157.32999999999998,26.99,70.0,2.06,68.045,109.61500000000001,626.335,10.61
75%,890.75,194.58,29.99,82.0,2.06,139.91,222.82500000000002,979.5699999999999,15.07
max,1223.0,493.9,38.99,100.0,8.84,491.16,663.85,2839.26,33.91
