,id,aqi,temperature,humidity,wind_speed,pm2_5,pm10,co,no2
count,968.0,968.0,968.0,968.0,968.0,968.0,968.0,968.0,968.0
mean,437.426652892562,124.34226239669421,28.805072314049593,68.43801652892562,2.0172314049586775,52.85086776859504,-20659089760.032562,510.9145454545455,8.770702479338844
std,233.67436572250998,39.47790635954417,4.107636542816075,16.5983104568651,1.2507959741461914,29.02841290551208,454264910715.22015,230.56157811660518,5.173021348105633
min,1.0,2.12,14.99,27.0,0.0,0.51,-9998999486464.0,18.08,0.0
25%,242.75,90.42,26.99,57.0,1.03,30.8875,55.7625,325.005,4.6450000000000005
50%,453.5,123.065,28.99,70.0,2.06,44.51,80.565,498.61,8.355
75%,640.25,158.625,31.99,83.0,2.57,70.5775,112.5825,659.3299999999999,12.12
max,819.0,232.49,38.99,100.0,8.84,182.28,663.85,1324.55,26.91
