,id,aqi,temperature,humidity,wind_speed,pm2_5,pm10,co,no2
count,929.0,929.0,929.0,929.0,929.0,929.0,929.0,929.0,929.0
mean,422.0904198062433,123.12393972012917,29.077179763186226,69.02475780409041,2.0182454251883746,52.13091496232508,-21526371251.996475,506.4010979547901,8.660904198062433
std,225.94423138190302,39.623454636196314,3.8626642933169713,16.34628076998927,1.2501488015066313,29.181142568400002,463691960203.1639,229.79574919699607,5.105717514386912
min,1.0,2.12,17.99,27.0,0.0,0.51,-9998999486464.0,18.08,0.0
25%,233.0,89.59,26.99,58.0,1.03,30.46,54.71,319.57,4.57
50%,439.0,120.75,28.99,70.0,2.06,43.54,79.15,492.5,8.2
75%,620.0,157.96,31.99,83.0,2.57,69.26,110.46,651.74,12.01
max,787.0,232.49,38.99,100.0,8.84,182.28,663.85,1324.55,26.91
