,id,aqi,temperature,humidity,wind_speed,pm2_5,pm10,co,no2
count,1183.0,1183.0,1183.0,1183.0,1183.0,1183.0,1183.0,1183.0,1183.0
mean,521.9129332206255,141.33109044801353,26.84544378698225,66.55959425190194,1.839112426035503,72.34074387151311,-16904479151.05759,600.5459340659341,9.719010989010988
std,277.96623617549614,54.46939901927115,5.932090518567952,17.498502440280088,1.2796894346322558,54.144879242428374,410956053519.1757,321.2658885681474,5.676358930958921
min,1.0,2.12,7.99,20.0,0.0,0.51,-9998999486464.0,18.08,0.0
25%,290.5,96.445,23.99,55.0,1.03,33.845,61.68,358.88,5.215
50%,539.0,151.84,27.99,70.0,2.06,57.24,93.39,565.31,9.4
75%,754.5,169.46,30.99,79.0,2.06,91.255,146.66500000000002,755.495,13.565
max,992.0,363.54,38.99,100.0,8.84,313.61,663.85,2285.75,28.32
