,id,aqi,temperature,humidity,wind_speed,pm2_5,pm10,co,no2
count,438.0,438.0,438.0,438.0,438.0,438.0,438.0,438.0,438.0
mean,215.21004566210047,109.82397260273974,29.99255707762557,76.05022831050228,2.3520319634703197,41.284132420091325,71.90168949771689,460.67541095890414,9.294223744292237
std,120.54381616284132,34.83872326369835,3.0202887309781867,11.383364852761947,1.1941868077060265,19.663989088323866,43.005509586621216,213.195076095978,5.609218280332325
min,1.0,2.12,22.99,46.0,0.0,0.51,2.78,18.08,0.0
25%,110.25,83.41,27.99,66.0,1.54,27.5525,46.0025,288.1975,4.6475
50%,219.5,104.85,29.99,79.0,2.06,37.230000000000004,66.30000000000001,435.185,8.75
75%,321.5,144.305,31.99,84.0,3.09,53.182500000000005,90.17750000000001,608.6325,13.0875
max,416.0,187.49,38.99,100.0,8.23,126.18,663.85,1179.69,26.91
