,id,aqi,temperature,humidity,wind_speed,pm2_5,pm10,co,no2
count,1234.0,1234.0,1234.0,1234.0,1234.0,1234.0,1234.0,1234.0,1234.0
mean,542.385737439222,148.51324149108592,26.387884927066455,66.22690437601297,1.8219286871961105,80.30556726094004,-16205833724.744759,640.9164991896272,10.062074554294975
std,289.49625738605744,64.49105175066981,6.28116340903606,17.59982458565529,1.2719411918635168,66.3400407327466,402381290990.25696,379.91040206237557,5.949699978746604
min,1.0,2.12,7.99,20.0,0.0,0.51,-9998999486464.0,18.08,0.0
25%,302.25,97.8575,22.99,54.0,1.03,34.4225,62.48,365.2575,5.305
50%,557.5,153.2,27.99,70.0,2.06,60.0,95.65,576.035,9.665
75%,784.75,173.45999999999998,30.99,79.0,2.06,98.9925,162.08499999999998,797.0125,13.955
max,1042.0,402.62,38.99,100.0,8.84,352.96,663.85,2380.16,28.32
