,id,aqi,temperature,humidity,wind_speed,pm2_5,pm10,co,no2
count,280.0,280.0,280.0,280.0,280.0,280.0,280.0,280.0,280.0
mean,140.975,105.14442857142856,30.254714285714286,75.59642857142858,2.431535714285715,38.83728571428571,72.57078571428572,421.6043571428572,8.625392857142858
std,80.70435503209819,35.77358775737075,2.9449909950771525,10.903518952633377,1.192593390529936,19.18917348366456,49.04617793457263,203.7447807444128,5.440601101615721
min,1.0,2.12,22.99,46.0,0.0,0.51,2.78,18.08,0.0
25%,70.75,76.3,27.99,66.0,2.06,24.427500000000002,47.6325,263.9375,3.9675000000000002
50%,143.5,100.345,29.99,78.0,2.06,35.65,65.33500000000001,368.31,7.91
75%,210.25,137.23,32.99,83.0,3.09,50.72,85.5625,589.445,12.035
max,275.0,183.63,38.99,100.0,8.23,118.7,663.85,1168.94,26.91
