,id,aqi,temperature,humidity,wind_speed,pm2_5,pm10,co,no2
count,1202.0,1202.0,1202.0,1202.0,1202.0,1202.0,1202.0,1202.0,1202.0
mean,529.4975041597338,143.5911397670549,26.662204658901832,66.45507487520798,1.8361647254575704,74.89975873544093,-16637270240.96024,614.3436439267887,9.85518302828619
std,282.1843641975858,57.33256814824687,6.084801013883921,17.52343676354744,1.2755643701651975,57.813070375736,407697857698.8064,340.86941484101305,5.782288873874029
min,1.0,2.12,7.99,20.0,0.0,0.51,-9998999486464.0,18.08,0.0
25%,295.25,97.25,22.99,54.25,1.03,34.097500000000004,62.0925,361.46750000000003,5.255
50%,546.5,152.38,27.99,70.0,2.06,58.215,94.045,568.345,9.495000000000001
75%,766.75,171.035,30.99,79.0,2.06,94.30250000000001,152.34,770.9325,13.6975
max,1010.0,390.27,38.99,100.0,8.84,340.58,663.85,2362.04,28.32
