,id,aqi,temperature,humidity,wind_speed,pm2_5,pm10,co,no2
count,1021.0,1021.0,1021.0,1021.0,1021.0,1021.0,1021.0,1021.0,1021.0
mean,458.31635651322233,127.64945151811949,28.356297747306563,67.46620959843291,1.9725367286973556,56.4971694417238,-19586678625.083855,527.8408227228207,9.000313418217434
std,244.44132544466243,41.229071485800226,4.557150361480514,17.212628863235167,1.2559424747476176,33.08513107358886,442329270357.703,242.69519844638523,5.304008611668453
min,1.0,2.12,12.99,20.0,0.0,0.51,-9998999486464.0,18.08,0.0
25%,255.0,91.88,25.99,55.0,1.03,31.56,57.11,331.26,4.79
50%,477.0,130.4,28.99,70.0,2.06,47.48,83.29,516.31,8.63
75%,667.0,161.12,30.99,82.0,2.43,75.1,118.01,675.91,12.54
max,861.0,242.45,38.99,100.0,8.84,192.33,663.85,1324.55,26.91
