,id,aqi,temperature,humidity,wind_speed,pm2_5,pm10,co,no2
count,1156.0,1156.0,1156.0,1156.0,1156.0,1156.0,1156.0,1156.0,1156.0
mean,511.22231833910035,139.2764186851211,27.111098615916955,66.7015570934256,1.8553373702422145,69.98532871972319,-17299306956.698776,583.95830449827,9.539134948096885
std,272.1364628782174,52.73324604805597,5.69901570484933,17.438327623388478,1.27769332486443,51.66345656645532,415723465717.4922,296.4649367554863,5.510068920692152
min,1.0,2.12,9.99,20.0,0.0,0.51,-9998999486464.0,18.08,0.0
25%,284.75,96.065,23.99,55.0,1.03,33.545,60.9875,352.4075,5.1274999999999995
50%,529.0,151.19,27.99,70.0,2.06,55.985,91.96000000000001,557.5350000000001,9.305
75%,744.25,167.845,30.99,79.0,2.06,88.12,141.2075,740.87,13.38
max,966.0,363.54,38.99,100.0,8.84,313.61,663.85,1714.68,26.91
