,id,aqi,temperature,humidity,wind_speed,pm2_5,pm10,co,no2
count,1215.0,1215.0,1215.0,1215.0,1215.0,1215.0,1215.0,1215.0,1215.0
mean,534.7135802469136,145.68199176954732,26.552131687242802,66.37283950617284,1.8296543209876541,77.19111111111111,-16459258291.753244,624.3238600823045,9.899572016460905
std,285.119608887677,60.645743821316834,6.16554925989722,17.559081339365616,1.27498769410181,61.75787622867848,405512701727.6706,354.2368320270731,5.787788099543122
min,1.0,2.12,7.99,20.0,0.0,0.51,-9998999486464.0,18.08,0.0
25%,297.5,97.48500000000001,22.99,54.0,1.03,34.25,62.165,362.73,5.275
50%,552.0,152.73,27.99,70.0,2.06,58.86,95.0,571.63,9.56
75%,774.5,171.89,30.99,79.0,2.06,95.955,155.78,781.095,13.74
max,1023.0,402.62,38.99,100.0,8.84,352.96,663.85,2362.04,28.32
