,id,aqi,temperature,humidity,wind_speed,pm2_5,pm10,co,no2
count,499.0,499.0,499.0,499.0,499.0,499.0,499.0,499.0,499.0
mean,242.9258517034068,111.7126853707415,29.53933867735471,77.30661322645291,2.369839679358718,42.1113627254509,69.55018036072143,489.62048096192376,9.449458917835672
std,135.28464901110652,34.70469973849309,3.175279477869211,11.61999455449491,1.2187444879285083,19.444944278104984,41.29685912587281,219.2396481255386,5.515476682932812
min,1.0,2.12,22.99,46.0,0.0,0.51,2.78,18.08,0.0
25%,128.5,84.3,26.99,70.0,1.54,27.965,44.775,311.505,5.175
50%,250.0,108.07,28.99,79.0,2.06,38.49,64.7,484.82,8.98
75%,360.5,146.715,31.99,84.0,3.09,54.32,86.16499999999999,638.815,13.274999999999999
max,466.0,187.49,38.99,100.0,8.23,126.18,663.85,1179.69,26.91
