,id,aqi,temperature,humidity,wind_speed,pm2_5,pm10,co,no2
count,1044.0,1044.0,1044.0,1044.0,1044.0,1044.0,1044.0,1044.0,1044.0
mean,467.3764367816092,129.0599042145594,28.150909961685826,67.24808429118774,1.945852490421456,58.13208812260536,-19155171332.19555,535.8996264367815,9.116398467432951
std,249.16248796279316,41.91037388414407,4.758091683378604,17.2860083458743,1.261333868105444,34.68567758842076,437434467209.12866,248.55394889127803,5.368076196374632
min,1.0,2.12,11.99,20.0,0.0,0.51,-9998999486464.0,18.08,0.0
25%,259.75,92.5,25.99,55.0,1.03,32.0375,57.455,336.8725,4.83
50%,485.5,134.29,28.99,70.0,2.06,49.155,84.775,521.41,8.785
75%,682.25,162.11,30.99,82.0,2.335,77.0175,120.805,684.385,12.72
max,879.0,242.45,38.99,100.0,8.84,192.33,663.85,1324.55,26.91
