,id,aqi,temperature,humidity,wind_speed,pm2_5,pm10,co,no2
count,1007.0,1007.0,1007.0,1007.0,1007.0,1007.0,1007.0,1007.0,1007.0
mean,452.8043694141013,126.61090367428005,28.476583912611723,67.66534260178749,1.986663356504469,55.30770605759682,-19858985977.66731,521.9732671300893,8.923892750744788
std,241.5884158743266,40.41940294058309,4.441528922974349,17.110801944900675,1.2534516118377064,31.37196674130723,445390397119.43475,236.4038058947066,5.250554163729722
min,1.0,2.12,12.99,20.0,0.0,0.51,-9998999486464.0,18.08,0.0
25%,252.0,91.195,25.99,55.0,1.03,31.33,56.965,329.82500000000005,4.745
50%,471.0,127.77,28.99,70.0,2.06,46.46,82.22,511.27,8.55
75%,659.5,160.085,30.99,83.0,2.54,73.465,116.93,672.425,12.355
max,848.0,232.49,38.99,100.0,8.84,182.28,663.85,1324.55,26.91
