,id,aqi,temperature,humidity,wind_speed,pm2_5,pm10,co,no2
count,365.0,365.0,365.0,365.0,365.0,365.0,365.0,365.0,365.0
mean,181.41643835616438,106.15230136986301,30.291698630136988,75.2904109589041,2.396602739726027,39.301753424657534,74.5106301369863,422.3906849315069,8.790383561643836
std,102.51267278091248,34.00139776808671,2.8842870768863715,11.236373485976829,1.1777553471263804,18.76870269259997,45.33290182404663,195.80018074704,5.381340611367507
min,1.0,2.12,22.99,46.0,0.0,0.51,2.78,18.08,0.0
25%,92.0,80.93,27.99,66.0,2.06,26.33,48.39,266.21,4.02
50%,185.0,101.64,29.99,78.0,2.06,35.86,69.6,379.76,8.17
75%,270.0,133.26,32.99,83.0,3.09,48.66,92.35,585.23,12.13
max,352.0,187.49,38.99,100.0,8.23,126.18,663.85,1168.94,26.91
