,id,aqi,temperature,humidity,wind_speed,pm2_5,pm10,co,no2
count,309.0,309.0,309.0,309.0,309.0,309.0,309.0,309.0,309.0
mean,154.88673139158576,104.88113268608413,30.323721682847893,75.2200647249191,2.4344983818770225,38.55669902912621,75.73996763754045,411.68912621359226,8.627411003236245
std,88.20554204837553,34.339470224091954,2.955276164422263,11.184555039176503,1.1623800695700768,18.38124671034734,47.850252469162434,199.66514818617708,5.458798904807292
min,1.0,2.12,22.99,46.0,0.0,0.51,2.78,18.08,0.0
25%,78.0,77.41,27.99,66.0,2.06,24.89,49.32,246.97,3.68
50%,157.0,101.64,29.99,78.0,2.06,35.86,69.68,366.33,7.89
75%,232.0,132.79,32.99,83.0,3.09,48.6,93.27,561.75,12.31
max,302.0,183.63,38.99,100.0,8.23,118.7,663.85,1168.94,26.91
