,id,aqi,temperature,humidity,wind_speed,pm2_5,pm10,co,no2
count,711.0,711.0,711.0,711.0,711.0,711.0,711.0,711.0,711.0
mean,334.1659634317862,110.71056258790435,29.992601969057667,72.69338959212376,2.211476793248945,41.94533052039381,-28126580761.759594,459.842770745429,8.541715893108298
std,181.90493731661613,34.60477244573467,3.2762567712999973,14.459421555993162,1.1975571081487468,20.0208623900497,529944863101.8036,205.6232422997494,5.296666996981788
min,1.0,2.12,22.99,31.0,0.0,0.51,-9998999486464.0,18.08,0.0
25%,180.5,84.08,27.99,62.0,1.54,27.86,48.63,298.79499999999996,4.06
50%,343.0,105.41,29.99,74.0,2.06,37.43,69.73,437.6,7.94
75%,495.5,145.77499999999998,31.99,83.0,3.09,53.825,89.84,606.77,12.02
max,629.0,187.49,38.99,100.0,8.23,126.18,663.85,1179.69,26.91
