,id,aqi,temperature,humidity,wind_speed,pm2_5,pm10,co,no2
count,276.0,276.0,276.0,276.0,276.0,276.0,276.0,276.0,276.0
mean,139.05434782608697,105.19442028985506,30.18608695652174,75.89492753623189,2.4182971014492756,38.88079710144927,71.99467391304347,424.3361594202899,8.682246376811595
std,79.6790421807758,36.02513619467014,2.901264660869648,10.6607100051034,1.1787230373087976,19.323179488483177,49.164719318953324,203.6386154586688,5.426551963094856
min,1.0,2.12,22.99,46.0,0.0,0.51,2.78,18.08,0.0
25%,69.75,75.70750000000001,27.99,70.0,2.06,24.130000000000003,46.550000000000004,265.89,4.012499999999999
50%,141.5,99.87,29.99,78.0,2.06,35.65,64.895,368.76,7.9799999999999995
75%,207.25,138.4775,32.99,83.0,3.09,50.9675,82.45,596.6925,12.035
max,272.0,183.63,38.99,100.0,8.23,118.7,663.85,1168.94,26.91
