,id,aqi,temperature,humidity,wind_speed,pm2_5,pm10,co,no2
count,392.0,392.0,392.0,392.0,392.0,392.0,392.0,392.0,392.0
mean,194.03061224489795,108.92897959183672,30.28622448979592,75.11734693877551,2.365408163265306,40.66403061224489,73.92869897959184,434.8807908163265,8.982015306122449
std,109.28357294785086,34.62397215890984,2.8817186422527725,11.231646243638608,1.1989762626928715,19.191443094786845,44.01785276146631,199.27194329044158,5.555285381724272
min,1.0,2.12,22.99,46.0,0.0,0.51,2.78,18.08,0.0
25%,98.75,83.1675,27.99,66.0,1.54,27.475,49.230000000000004,272.96000000000004,4.05
50%,198.5,104.47,29.99,78.0,2.06,36.945,68.38499999999999,394.45,8.245000000000001
75%,288.25,141.6775,32.24,83.0,3.09,52.222500000000004,91.4625,598.825,12.51
max,376.0,187.49,38.99,100.0,8.23,126.18,663.85,1168.94,26.91
