,id,aqi,temperature,humidity,wind_speed,pm2_5,pm10,co,no2
count,1309.0,1309.0,1309.0,1309.0,1309.0,1309.0,1309.0,1309.0,1309.0
mean,573.3605805958747,162.3515278838808,25.770741023682202,66.585179526356,1.781268143621085,95.64238349885409,-15277309994.613514,700.7381665393431,10.404652406417112
std,307.9497057286762,84.95173351842863,6.668768436727767,17.693961211839017,1.2630473485382616,90.73138975387367,390693011103.3819,450.6834035449793,6.104391884574784
min,1.0,2.12,7.99,20.0,0.0,0.51,-9998999486464.0,18.08,0.0
25%,320.0,101.17,21.99,55.0,1.03,35.57,64.7,377.34,5.51
50%,585.0,155.02,26.99,70.0,2.06,63.33,102.11,598.69,10.05
75%,830.0,181.32,29.99,81.0,2.06,114.23,189.92,865.57,14.6
max,1122.0,493.9,38.99,100.0,8.84,491.16,663.85,2794.89,28.32
