,id,aqi,temperature,humidity,wind_speed,pm2_5,pm10,co,no2
count,1311.0,1311.0,1311.0,1311.0,1311.0,1311.0,1311.0,1311.0,1311.0
mean,574.1998474446987,162.65473684210525,25.75048054919909,66.63157894736842,1.780907704042716,95.9711517925248,-15254003647.751547,701.7109229595728,10.406506483600305
std,308.46328748356353,85.24084468975576,6.6838481395153115,17.720670912280887,1.2622769381455838,91.05174181867334,390395113920.1217,451.0286481634058,6.099941308671153
min,1.0,2.12,7.99,20.0,0.0,0.51,-9998999486464.0,18.08,0.0
25%,321.0,101.17,21.99,55.0,1.03,35.585,64.715,377.34,5.515
50%,586.0,155.04,26.99,70.0,2.06,63.37,102.15,598.82,10.05
75%,830.5,181.375,29.99,82.0,2.06,114.32,191.055,866.1500000000001,14.594999999999999
max,1124.0,493.9,38.99,100.0,8.84,491.16,663.85,2794.89,28.32
