,id,aqi,temperature,humidity,wind_speed,pm2_5,pm10,co,no2
count,1173.0,1173.0,1173.0,1173.0,1173.0,1173.0,1173.0,1173.0,1173.0
mean,517.9437340153453,140.238968456948,26.941398124467185,66.64109121909634,1.8407416879795397,71.10608695652174,-17048592360.320032,592.2692412617222,9.644049445865303
std,275.7880800375959,53.135649614376945,5.850248142915178,17.444742095960404,1.278517784733589,52.39751866160703,412702575897.2336,305.1943981539082,5.580612272145773
min,1.0,2.12,8.99,20.0,0.0,0.51,-9998999486464.0,18.08,0.0
25%,288.0,96.36,23.99,55.0,1.03,33.68,61.31,356.58,5.21
50%,534.0,151.61,27.99,70.0,2.06,56.87,92.93,561.75,9.37
75%,750.0,168.92,30.99,79.0,2.06,90.21,143.87,751.33,13.49
max,983.0,363.54,38.99,100.0,8.84,313.61,663.85,1920.93,26.91
