,id,aqi,temperature,humidity,wind_speed,pm2_5,pm10,co,no2
count,1267.0,1267.0,1267.0,1267.0,1267.0,1267.0,1267.0,1267.0,1267.0
mean,555.8531965272297,154.61732438831885,26.119431728492508,66.27150749802684,1.7980505130228888,87.0023362273086,-15783740175.253042,665.6506787687451,10.201910023677979
std,297.3447033100398,74.08539318540303,6.4531791637752,17.597586215633378,1.2708385250251604,77.65085550342964,397110752359.35626,406.83504069149706,6.012140165224481
min,1.0,2.12,7.99,20.0,0.0,0.51,-9998999486464.0,18.08,0.0
25%,309.5,98.41,21.99,54.0,1.03,34.665,63.245000000000005,371.64,5.385
50%,568.0,154.22,27.99,70.0,2.06,61.93,98.06,587.71,9.83
75%,804.5,176.665,30.99,79.0,2.06,105.21000000000001,174.1,822.76,14.155000000000001
max,1080.0,493.9,38.99,100.0,8.84,491.16,663.85,2380.16,28.32
