,id,aqi,temperature,humidity,wind_speed,pm2_5,pm10,co,no2
count,261.0,261.0,261.0,261.0,261.0,261.0,261.0,261.0,261.0
mean,131.75095785440612,106.33716475095785,30.093908045977013,76.28735632183908,2.4468199233716477,39.49153256704981,70.89501915708811,433.14432950191576,8.7627969348659
std,75.69073747469767,36.57767210397389,2.8873476075624422,10.570904967420658,1.1834237496745788,19.642714071730083,50.19432479125136,205.069274683606,5.4765905516246525
min,1.0,2.12,22.99,46.0,0.0,0.51,2.78,18.08,0.0
25%,66.0,77.08,27.99,70.0,2.06,24.59,45.69,268.02,4.02
50%,134.0,102.38,29.99,78.0,2.06,36.17,63.02,383.57,8.03
75%,198.0,140.05,31.99,83.0,3.09,51.36,79.09,601.02,12.13
max,259.0,183.63,38.99,100.0,8.23,118.7,663.85,1168.94,26.91
