,id,aqi,temperature,humidity,wind_speed,pm2_5,pm10,co,no2
count,545.0,545.0,545.0,545.0,545.0,545.0,545.0,545.0,545.0
mean,263.4550458715596,109.9222752293578,29.516825688073396,77.16330275229357,2.359688073394495,41.14425688073394,67.36398165137614,480.6319816513761,9.090825688073394
std,146.10062223455196,35.01172418073599,3.1410931523891445,11.626578486685995,1.2418588171127114,19.32114823135542,40.51821437864071,214.58086726383178,5.476856979003245
min,1.0,2.12,22.99,46.0,0.0,0.51,2.78,18.08,0.0
25%,140.0,82.9,26.99,70.0,1.54,27.38,43.63,309.49,4.57
50%,269.0,105.97,28.99,79.0,2.06,37.61,62.17,471.06,8.39
75%,390.0,144.58,31.99,84.0,3.09,53.22,83.0,627.4,12.63
max,506.0,187.49,38.99,100.0,8.23,126.18,663.85,1179.69,26.91
