,id,aqi,temperature,humidity,wind_speed,pm2_5,pm10,co,no2
count,342.0,342.0,342.0,342.0,342.0,342.0,342.0,342.0,342.0
mean,170.61111111111111,105.86546783625732,30.300292397660822,75.45029239766082,2.3771929824561404,39.22883040935672,76.40201754385966,411.77643274853796,8.766052631578948
std,96.73304678094388,34.30984472123344,2.916457282630472,11.208848485537256,1.1447243585582991,19.015400513598504,46.03803833067755,196.96046703569903,5.530067684528126
min,1.0,2.12,22.99,46.0,0.0,0.51,2.78,18.08,0.0
25%,86.25,79.05,27.99,66.0,2.06,25.865000000000002,51.8925,252.9775,3.8475
50%,173.5,101.935,29.99,78.0,2.06,35.945,70.995,367.185,8.045
75%,255.75,133.14249999999998,32.99,83.0,3.09,48.644999999999996,93.42,562.335,12.465
max,332.0,187.49,38.99,100.0,8.23,126.18,663.85,1168.94,26.91
