,id,aqi,temperature,humidity,wind_speed,pm2_5,pm10,co,no2
count,851.0,851.0,851.0,851.0,851.0,851.0,851.0,851.0,851.0
mean,391.2173913043478,118.19276145710927,29.468249118683904,69.74265569917743,2.1009635722679203,47.40987074030553,-23499411169.639668,482.30190364277325,8.532444183313748
std,210.58715893651117,37.301241922402774,3.6212349033065636,16.20445260516634,1.2420517228364005,23.877711169397177,484452438340.2814,212.91740907717383,5.147968841728769
min,1.0,2.12,19.99,27.0,0.0,0.51,-9998999486464.0,18.08,0.0
25%,213.5,87.435,26.99,59.0,1.03,29.465,52.989999999999995,312.32500000000005,4.3100000000000005
50%,405.0,113.09,28.99,73.0,2.06,40.42,75.64,471.07,8.05
75%,571.0,155.085,31.99,83.0,2.92,63.42,101.91499999999999,629.675,11.925
max,731.0,187.49,38.99,100.0,8.84,126.18,663.85,1179.69,26.91
