,id,aqi,temperature,humidity,wind_speed,pm2_5,pm10,co,no2
count,396.0,396.0,396.0,396.0,396.0,396.0,396.0,396.0,396.0
mean,195.89141414141415,109.33815656565656,30.29080808080808,75.1489898989899,2.3597222222222225,40.836792929292926,74.08035353535354,436.9662121212121,9.006717171717172
std,110.2821735345932,34.6904346336877,2.874835181368805,11.20354934672288,1.1973090814690306,19.17921376320559,43.85458048188108,199.46023386115027,5.556294168954479
min,1.0,2.12,22.99,46.0,0.0,0.51,2.78,18.08,0.0
25%,99.75,83.3375,27.99,66.0,1.54,27.53,49.3025,273.285,4.08
50%,200.5,104.85,29.99,78.0,2.06,37.230000000000004,68.71000000000001,395.31500000000005,8.265
75%,291.25,142.9175,32.24,83.0,3.09,52.839999999999996,91.4625,601.395,12.579999999999998
max,379.0,187.49,38.99,100.0,8.23,126.18,663.85,1168.94,26.91
