,id,aqi,temperature,humidity,wind_speed,pm2_5,pm10,co,no2
count,1231.0,1231.0,1231.0,1231.0,1231.0,1231.0,1231.0,1231.0,1231.0
mean,541.1705930138099,148.0566368805849,26.41728675873274,66.22745735174655,1.82553208773355,79.80503655564583,-16245328040.446962,639.0767587327376,10.026376929325753
std,288.79860225247177,63.901238773675686,6.259638092981172,17.61614909381552,1.271164828623934,65.63958337643527,402870904104.17224,378.53148655254665,5.912151702806328
min,1.0,2.12,7.99,20.0,0.0,0.51,-9998999486464.0,18.08,0.0
25%,301.5,97.75,22.99,53.5,1.03,34.394999999999996,62.44,364.655,5.29
50%,557.0,152.95,27.99,70.0,2.06,59.61,95.55,575.58,9.61
75%,782.5,173.28,30.99,79.0,2.06,98.65,160.915,793.66,13.93
max,1039.0,402.62,38.99,100.0,8.84,352.96,663.85,2380.16,28.32
