,id,aqi,temperature,humidity,wind_speed,pm2_5,pm10,co,no2
count,555.0,555.0,555.0,555.0,555.0,555.0,555.0,555.0,555.0
mean,267.8936936936937,109.34203603603603,29.54336936936937,76.88648648648649,2.3487207207207206,40.84985585585585,67.53165765765766,475.7323963963964,8.993207207207206
std,148.4448063076829,34.96377868386503,3.1337999560859093,11.785833190179234,1.2410818266990522,19.271445318717685,40.18799712764606,215.7918003929021,5.483491912829881
min,1.0,2.12,22.99,46.0,0.0,0.51,2.78,18.08,0.0
25%,142.5,81.345,26.99,70.0,1.54,26.560000000000002,44.16,299.185,4.369999999999999
50%,273.0,105.11,28.99,79.0,2.06,37.29,62.51,460.27,8.2
75%,396.5,144.19,31.99,84.0,3.09,53.125,83.19,624.55,12.524999999999999
max,513.0,187.49,38.99,100.0,8.23,126.18,663.85,1179.69,26.91
