,id,aqi,temperature,humidity,wind_speed,pm2_5,pm10,co,no2
count,1290.0,1290.0,1290.0,1290.0,1290.0,1290.0,1290.0,1290.0,1290.0
mean,565.4124031007752,158.77620930232558,25.941155038759693,66.35426356589147,1.7915426356589148,91.69878294573643,-15502324644.93177,686.8246201550388,10.309643410852711
std,303.108442908752,80.16249339736807,6.555832051383874,17.636206093177904,1.2667199324405052,85.1861604361868,393557471423.79755,437.54534760851783,6.058991102930503
min,1.0,2.12,7.99,20.0,0.0,0.51,-9998999486464.0,18.08,0.0
25%,315.25,99.0025,21.99,54.0,1.03,35.019999999999996,63.955,374.365,5.44
50%,575.5,154.565,27.604999999999997,70.0,2.06,62.575,100.96,593.4549999999999,9.92
75%,818.75,179.75,30.855,79.0,2.06,111.1825,184.7275,846.9825000000001,14.4375
max,1103.0,493.9,38.99,100.0,8.84,491.16,663.85,2794.89,28.32
