,id,aqi,temperature,humidity,wind_speed,pm2_5,pm10,co,no2
count,1070.0,1070.0,1070.0,1070.0,1070.0,1070.0,1070.0,1070.0,1070.0
mean,477.6056074766355,131.57107476635514,27.911485981308413,67.07757009345795,1.918785046728972,61.06582242990653,-18689718564.026436,547.4378411214954,9.245841121495326
std,254.51557752219168,44.920176232966476,4.985607680622218,17.319497053532416,1.2678940431073111,39.74337751784528,432092202172.96545,260.6733095554764,5.421066052877777
min,1.0,2.12,11.99,20.0,0.0,0.51,-9998999486464.0,18.08,0.0
25%,266.0,93.595,24.99,55.0,1.03,32.37,58.5675,338.4725,4.8875
50%,497.5,140.54500000000002,27.99,70.0,2.06,51.59,85.94999999999999,529.015,8.934999999999999
75%,698.75,163.31,30.99,82.0,2.165,79.35000000000001,124.795,696.7425000000001,12.9075
max,897.0,348.23,38.99,100.0,8.84,298.16,663.85,1655.54,26.91
