,id,aqi,temperature,humidity,wind_speed,pm2_5,pm10,co,no2
count,628.0,628.0,628.0,628.0,628.0,628.0,628.0,628.0,628.0
mean,299.46178343949043,107.70062101910828,29.816624203821657,75.0875796178344,2.2724681528662423,39.88783439490445,68.83168789808917,459.34939490445856,8.670636942675161
std,164.57518694377904,33.89160887190692,3.2290306571088503,12.856723839315102,1.2158972732954985,18.554234854295462,38.4739256930065,211.42218798989362,5.41115086286112
min,1.0,2.12,22.99,34.0,0.0,0.51,2.78,18.08,0.0
25%,159.75,80.2825,27.99,66.0,1.54,26.2725,45.79,293.605,4.0825
50%,306.5,102.55000000000001,28.99,78.0,2.06,36.225,64.78999999999999,429.04999999999995,7.984999999999999
75%,444.25,139.3725,31.99,84.0,3.09,51.254999999999995,85.48750000000001,608.7225000000001,12.115
max,564.0,187.49,38.99,100.0,8.23,126.18,663.85,1179.69,26.91
