,id,aqi,temperature,humidity,wind_speed,pm2_5,pm10,co,no2
count,532.0,532.0,532.0,532.0,532.0,532.0,532.0,532.0,532.0
mean,257.6635338345865,110.5756954887218,29.5015037593985,77.30827067669173,2.356390977443609,41.48317669172932,67.6203007518797,483.9931766917294,9.166052631578946
std,143.03456427492972,35.106296258532375,3.1504728360011813,11.60698565625566,1.246065801810635,19.40345413225456,40.92781676126232,214.98853461712778,5.488025435770627
min,1.0,2.12,22.99,46.0,0.0,0.51,2.78,18.08,0.0
25%,136.75,83.3375,26.99,70.0,1.54,27.53,43.565,312.4075,4.7
50%,264.5,107.32,28.99,79.0,2.06,38.17,62.44,474.52,8.45
75%,382.25,145.3625,31.99,84.0,3.09,53.6575,83.50999999999999,631.68,12.73
max,494.0,187.49,38.99,100.0,8.23,126.18,663.85,1179.69,26.91
