,id,aqi,temperature,humidity,wind_speed,pm2_5,pm10,co,no2
count,1013.0,1013.0,1013.0,1013.0,1013.0,1013.0,1013.0,1013.0,1013.0
mean,455.1618953603159,127.08905231984205,28.429279368213233,67.56762092793682,1.983030602171767,55.871846001974326,-19741361182.585358,524.3891214215201,8.946742349457057
std,242.80171208715043,40.81598983699577,4.48112957927615,17.148232429638497,1.2528503454894429,32.21257424936306,444070724147.95874,238.9792592847724,5.258865679115738
min,1.0,2.12,12.99,20.0,0.0,0.51,-9998999486464.0,18.08,0.0
25%,253.0,91.59,25.99,55.0,1.03,31.48,57.04,330.13,4.76
50%,473.0,129.56,28.99,70.0,2.06,47.15,82.71,513.54,8.56
75%,663.0,160.78,30.99,83.0,2.53,74.45,117.31,673.25,12.44
max,854.0,242.45,38.99,100.0,8.84,192.33,663.85,1324.55,26.91
