,id,aqi,temperature,humidity,wind_speed,pm2_5,pm10,co,no2
count,432.0,432.0,432.0,432.0,432.0,432.0,432.0,432.0,432.0
mean,212.4560185185185,109.13740740740741,29.97638888888889,76.10879629629629,2.3608564814814814,40.86462962962963,71.82349537037037,455.5019907407408,9.29372685185185
std,119.0717887182593,34.57901576219158,3.0232278530072407,11.403370545616585,1.1987305573781923,19.430607874390034,43.2766788287347,208.81947951694096,5.610454382252207
min,1.0,2.12,22.99,46.0,0.0,0.51,2.78,18.08,0.0
25%,108.75,83.1675,27.99,66.0,1.54,27.475,45.78,286.075,4.555
50%,216.5,104.30000000000001,29.99,79.0,2.06,36.91,66.25,431.03499999999997,8.75
75%,316.25,142.175,31.99,84.0,3.09,52.325,90.43,607.265,12.9825
max,410.0,187.49,38.99,100.0,8.23,126.18,663.85,1179.69,26.91
