,id,aqi,temperature,humidity,wind_speed,pm2_5,pm10,co,no2
count,1273.0,1273.0,1273.0,1273.0,1273.0,1273.0,1273.0,1273.0,1273.0
mean,558.3401413982718,155.92874312647288,26.063833464257666,66.33935585231735,1.795239591516104,88.51586017282011,-15709347053.472364,673.2088923802041,10.232843676355067
std,298.8375982975859,76.45481988391523,6.493404000454965,17.61916744725565,1.2707405580914026,80.70018593614411,396174539426.1828,422.2333822161102,6.0320459534999324
min,1.0,2.12,7.99,20.0,0.0,0.51,-9998999486464.0,18.08,0.0
25%,311.0,98.46,21.99,54.0,1.03,34.72,63.4,371.96,5.39
50%,570.0,154.35,27.99,70.0,2.06,61.99,99.42,588.65,9.84
75%,807.0,177.28,30.99,79.0,2.06,106.4,175.49,828.93,14.21
max,1086.0,493.9,38.99,100.0,8.84,491.16,663.85,2794.89,28.32
