,id,aqi,temperature,humidity,wind_speed,pm2_5,pm10,co,no2
count,358.0,358.0,358.0,358.0,358.0,358.0,358.0,358.0,358.0
mean,178.13966480446928,106.01011173184357,30.297597765363133,75.35754189944134,2.3931564245810057,39.27027932960893,75.08525139664805,419.4867318435754,8.753435754189944
std,100.76401441768783,34.10249755491934,2.8850562204534373,11.222755324699522,1.1580623888509696,18.87140567903485,45.54757347715145,196.45234416505366,5.4188677727397945
min,1.0,2.12,22.99,46.0,0.0,0.51,2.78,18.08,0.0
25%,90.25,79.9475,27.99,66.0,2.06,26.33,49.087500000000006,264.84000000000003,3.975
50%,181.5,101.60499999999999,29.99,78.0,2.06,35.81,70.19,375.62,8.115
75%,266.0,133.14249999999998,32.74,83.0,3.09,48.644999999999996,92.5,570.48,12.13
max,345.0,187.49,38.99,100.0,8.23,126.18,663.85,1168.94,26.91
