,id,aqi,temperature,humidity,wind_speed,pm2_5,pm10,co,no2
count,852.0,852.0,852.0,852.0,852.0,852.0,852.0,852.0,852.0
mean,391.61737089201876,118.24193661971832,29.466514084507043,69.71244131455398,2.1009154929577467,47.4400234741784,-23471829700.991856,482.57698356807515,8.544213615023475
std,210.786968335027,37.30694245357721,3.6194609688259214,16.21892484283889,1.2413225415155442,23.879902587542475,484168386859.6275,212.9437057278386,5.15639991980145
min,1.0,2.12,19.99,27.0,0.0,0.51,-9998999486464.0,18.08,0.0
25%,213.75,87.4725,26.99,59.0,1.03,29.4675,53.015,312.4075,4.315
50%,405.0,113.1,28.99,73.0,2.06,40.43,75.72,471.345,8.055
75%,571.25,155.09,31.99,83.0,2.9050000000000002,63.4225,102.0075,630.0425,11.942499999999999
max,732.0,187.49,38.99,100.0,8.84,126.18,663.85,1179.69,26.91
