,id,aqi,temperature,humidity,wind_speed,pm2_5,pm10,co,no2
count,730.0,730.0,730.0,730.0,730.0,730.0,730.0,730.0,730.0
mean,342.02054794520546,112.09967123287673,30.00350684931507,72.22054794520548,2.2073561643835613,42.957547945205484,-27394519067.832645,463.49849315068496,8.50631506849315
std,185.84749227937033,35.21606335765374,3.2794954324481425,14.705499087179867,1.186272994647054,20.850000020093287,523012464735.51483,205.68672974268253,5.267693001462798
min,1.0,2.12,22.99,31.0,0.0,0.51,-9998999486464.0,18.08,0.0
25%,185.25,84.35499999999999,27.99,62.0,1.54,27.98,49.087500000000006,301.19,4.0675
50%,352.5,107.08500000000001,29.99,74.0,2.06,38.004999999999995,70.80000000000001,440.59000000000003,7.93
75%,507.75,151.04,31.99,83.0,3.09,55.587500000000006,92.19749999999999,611.7925,12.004999999999999
max,643.0,187.49,38.99,100.0,8.23,126.18,663.85,1179.69,26.91
