,id,aqi,temperature,humidity,wind_speed,pm2_5,pm10,co,no2
count,1079.0,1079.0,1079.0,1079.0,1079.0,1079.0,1079.0,1079.0,1079.0
mean,481.13438368860056,132.66984244670994,27.839851714550512,67.01112140871177,1.9104170528266915,62.334179796107506,-18533826562.311813,551.5405560704356,9.278415199258573
std,256.3575373059048,46.54662816746172,5.042641728252402,17.335761683781314,1.2685607933354897,42.18692337390984,430288057738.9752,265.92988788785425,5.437423915829689
min,1.0,2.12,11.99,20.0,0.0,0.51,-9998999486464.0,18.08,0.0
25%,267.5,93.805,24.99,55.0,1.03,32.525,58.855000000000004,339.765,4.895
50%,501.0,141.53,27.99,70.0,2.06,52.2,86.65,530.43,8.96
75%,703.5,163.625,30.99,82.0,2.135,79.955,126.97999999999999,698.8299999999999,12.93
max,903.0,348.23,38.99,100.0,8.84,298.16,663.85,1655.54,26.91
