,id,aqi,temperature,humidity,wind_speed,pm2_5,pm10,co,no2
count,917.0,917.0,917.0,917.0,917.0,917.0,917.0,917.0,917.0
mean,417.370774263904,122.5284296619411,29.147022900763357,69.09814612868048,2.0266848418756815,51.64001090512541,-21808068587.66226,504.0349836423119,8.649040348964013
std,223.59143752683576,39.52878009261036,3.8146714265149693,16.354998930271773,1.2484082974750201,29.014709217609155,466712772410.75244,229.47368123324907,5.119300553887605
min,1.0,2.12,18.99,27.0,0.0,0.51,-9998999486464.0,18.08,0.0
25%,230.0,89.23,26.99,58.0,1.03,30.35,54.53,319.53,4.55
50%,434.0,119.64,28.99,70.0,2.06,43.08,78.82,489.56,8.17
75%,613.0,157.59,31.99,83.0,2.57,68.43,109.14,648.05,12.01
max,778.0,232.49,38.99,100.0,8.84,182.28,663.85,1324.55,26.91
