,id,aqi,temperature,humidity,wind_speed,pm2_5,pm10,co,no2
count,653.0,653.0,653.0,653.0,653.0,653.0,653.0,653.0,653.0
mean,309.9280245022971,107.4342879019908,29.888422664624812,74.21592649310873,2.259433384379786,39.712970903522205,69.58823889739662,455.3135987748852,8.614869831546708
std,169.7159554896903,33.304989005082135,3.2513198535988086,13.54353095098746,1.2091348947870744,18.23005494863177,38.03683009092836,209.80884488819177,5.391251080366948
min,1.0,2.12,22.99,32.0,0.0,0.51,2.78,18.08,0.0
25%,166.0,81.43,27.99,66.0,1.54,26.6,46.56,291.19,4.05
50%,319.0,102.21,28.99,78.0,2.06,36.0,66.14,425.17,7.95
75%,458.0,136.16,31.99,83.0,3.09,49.84,85.77,605.19,12.11
max,583.0,187.49,38.99,100.0,8.23,126.18,663.85,1179.69,26.91
