,id,aqi,temperature,humidity,wind_speed,pm2_5,pm10,co,no2
count,1300.0,1300.0,1300.0,1300.0,1300.0,1300.0,1300.0,1300.0,1300.0
mean,569.59,160.73958461538462,25.860761538461542,66.40846153846154,1.7832999999999999,93.88117692307692,-15383075990.04363,694.7507,10.369007692307692
std,305.6478379176115,82.96187745486351,6.601502741772953,17.611278380394342,1.2664618396240839,88.4840082049046,392042038253.5355,445.69755192114434,6.097696293873575
min,1.0,2.12,7.99,20.0,0.0,0.51,-9998999486464.0,18.08,0.0
25%,317.75,99.7375,21.99,54.0,1.03,35.31,64.43,375.5875,5.4625
50%,580.5,154.8,26.99,70.0,2.06,62.905,101.37,595.77,10.0
75%,824.25,180.16500000000002,30.4375,79.5,2.06,111.9875,187.275,852.8,14.5175
max,1113.0,493.9,38.99,100.0,8.84,491.16,663.85,2794.89,28.32
