,id,aqi,temperature,humidity,wind_speed,pm2_5,pm10,co,no2
count,1188.0,1188.0,1188.0,1188.0,1188.0,1188.0,1188.0,1188.0,1188.0
mean,523.9040404040404,141.7174410774411,26.792180134680134,66.5614478114478,1.8357070707070708,72.8061531986532,-16833332352.16225,603.4703198653199,9.770521885521886
std,279.06731328069736,54.68793616763554,5.980905720537134,17.495805594580084,1.279463973319787,54.51271032946623,410091066488.5257,323.94728331870454,5.726981476252887
min,1.0,2.12,7.99,20.0,0.0,0.51,-9998999486464.0,18.08,0.0
25%,291.75,96.84,23.99,55.0,1.03,33.9725,61.730000000000004,359.235,5.235
50%,541.0,151.945,27.99,70.0,2.06,57.43000000000001,93.495,565.575,9.44
75%,757.25,169.85000000000002,30.99,79.0,2.06,92.0075,147.705,759.3975,13.6
max,997.0,363.54,38.99,100.0,8.84,313.61,663.85,2285.75,28.32
