,id,aqi,temperature,humidity,wind_speed,pm2_5,pm10,co,no2
count,565.0,565.0,565.0,565.0,565.0,565.0,565.0,565.0,565.0
mean,272.3132743362832,108.89474336283186,29.591982300884958,76.60353982300884,2.3435929203539825,40.616637168141594,67.60621238938053,472.75600000000003,8.93074336283186
std,150.76872494907673,34.86591094321691,3.1501642363531217,11.934899723879852,1.2348279278090966,19.198609556008922,39.898055154758055,215.80565275561386,5.489622751799092
min,1.0,2.12,22.99,46.0,0.0,0.51,2.78,18.08,0.0
25%,145.0,80.93,26.99,70.0,1.54,26.51,44.28,296.86,4.25
50%,278.0,104.42,28.99,79.0,2.06,36.93,62.63,456.62,8.17
75%,403.0,143.6,31.99,84.0,3.09,52.86,83.0,623.85,12.5
max,520.0,187.49,38.99,100.0,8.23,126.18,663.85,1179.69,26.91
