,id,aqi,temperature,humidity,wind_speed,pm2_5,pm10,co,no2
count,1404.0,1404.0,1404.0,1404.0,1404.0,1404.0,1404.0,1404.0,1404.0
mean,613.5897435897435,171.31926638176637,24.950106837606842,67.39886039886039,1.7417806267806264,105.56629629629629,-14243588855.996561,757.5065527065527,10.770092592592592
std,332.8253376945345,91.20097055660324,7.187225793038944,17.991180190041266,1.2531879656645941,98.0535354709198,377253398931.39526,498.3721941956011,6.289168487349396
min,1.0,2.12,6.99,20.0,0.0,0.51,-9998999486464.0,18.08,0.0
25%,339.75,103.1575,19.99,55.0,1.03,36.4075,67.1,391.1775,5.7250000000000005
50%,623.0,156.935,26.99,70.0,2.06,67.065,108.86,623.6,10.535
75%,886.0,193.42,29.99,82.0,2.06,137.66,220.42000000000002,953.6775,15.035
max,1213.0,493.9,38.99,100.0,8.84,491.16,663.85,2794.89,33.91
