,id,aqi,temperature,humidity,wind_speed,pm2_5,pm10,co,no2
count,814.0,814.0,814.0,814.0,814.0,814.0,814.0,814.0,814.0
mean,376.26044226044223,116.05707616707616,29.605466830466828,70.46068796068796,2.142051597051597,45.68955773955774,-24567566228.17805,471.4661056511057,8.484987714987716
std,203.00505869956726,36.62891469435982,3.535906273734531,15.781185257648238,1.2383603579646185,22.606915198901312,495327092965.64,204.55686700177762,5.1622027714652425
min,1.0,2.12,19.99,27.0,0.0,0.51,-9998999486464.0,18.08,0.0
25%,205.25,86.155,26.99,60.25,1.03,28.8525,51.805,309.25,4.2325
50%,388.5,111.305,28.99,74.0,2.06,39.715,73.895,457.255,7.965
75%,554.0,154.195,31.99,83.0,3.09,61.7325,97.475,620.6775,11.9325
max,708.0,187.49,38.99,100.0,8.84,126.18,663.85,1179.69,26.91
