,id,aqi,temperature,humidity,wind_speed,pm2_5,pm10,co,no2
count,1344.0,1344.0,1344.0,1344.0,1344.0,1344.0,1344.0,1344.0,1344.0
mean,588.1041666666666,165.32096726190474,25.475855654761908,66.85119047619048,1.770892857142857,98.83166666666668,-14879463373.161654,719.538013392857,10.489263392857143
std,317.0170741913844,87.43871315192062,6.844384767194027,17.81660185429808,1.255467425945768,93.62657981022025,385576148731.7804,464.5931897468932,6.121527044069353
min,1.0,2.12,7.99,20.0,0.0,0.51,-9998999486464.0,18.08,0.0
25%,328.75,101.6775,20.99,55.0,1.03,35.7875,65.54,382.9675,5.605
50%,598.0,155.625,26.99,70.0,2.06,64.475,104.6,607.18,10.21
75%,849.0,184.6875,29.99,82.0,2.06,120.7425,198.20250000000001,897.7525,14.774999999999999
max,1156.0,493.9,38.99,100.0,8.84,491.16,663.85,2794.89,28.32
