,id,aqi,temperature,humidity,wind_speed,pm2_5,pm10,co,no2
count,332.0,332.0,332.0,332.0,332.0,332.0,332.0,332.0,332.0
mean,165.84939759036143,104.56698795180722,30.27048192771084,75.52409638554217,2.3976506024096387,38.297289156626505,76.19861445783133,408.32554216867476,8.748042168674699
std,94.13849265969918,33.55411430317524,2.927245347755531,11.230462353772596,1.149408579657631,17.895734623218335,46.49009298883716,196.7974151667686,5.512845923245363
min,1.0,2.12,22.99,46.0,0.0,0.51,2.78,18.08,0.0
25%,83.75,78.5575,27.99,66.0,2.06,25.267500000000002,51.815,246.8075,3.8225000000000002
50%,168.5,101.37,29.99,78.0,2.06,35.745,70.685,363.62,8.045
75%,249.25,129.1175,32.99,83.0,3.09,47.1125,93.4725,558.7125000000001,12.395
max,324.0,183.63,38.99,100.0,8.23,118.7,663.85,1168.94,26.91
