,id,aqi,temperature,humidity,wind_speed,pm2_5,pm10,co,no2
count,1372.0,1372.0,1372.0,1372.0,1372.0,1372.0,1372.0,1372.0,1372.0
mean,599.9701166180758,167.2793221574344,25.2523833819242,66.91545189504373,1.7557580174927114,101.11211370262392,-14575800849.117706,731.3305102040816,10.618352769679301
std,324.36360154370755,87.86188674189214,6.9772710137750344,17.86373971242769,1.2573249455560738,94.25768565138165,381624320839.47314,469.06446335967746,6.189052007670794
min,1.0,2.12,6.99,20.0,0.0,0.51,-9998999486464.0,18.08,0.0
25%,333.75,102.19749999999999,20.99,55.0,1.03,35.9975,66.22999999999999,384.4125,5.6775
50%,612.0,156.34,26.99,70.0,2.06,65.905,107.0,614.885,10.379999999999999
75%,866.25,189.065,29.99,82.0,2.06,129.225,209.12,924.5675,14.9825
max,1182.0,493.9,38.99,100.0,8.84,491.16,663.85,2794.89,28.32
