,id,aqi,temperature,humidity,wind_speed,pm2_5,pm10,co,no2
count,507.0,507.0,507.0,507.0,507.0,507.0,507.0,507.0,507.0
mean,246.5147928994083,111.60706114398423,29.548422090729787,77.23471400394477,2.3527613412228794,42.0408875739645,69.23897435897435,488.522426035503,9.385424063116371
std,137.17746676999585,34.78012159189279,3.1630647998747503,11.626522513544863,1.2195989541391579,19.38353191977571,41.046663907293535,217.90604962386843,5.510076250311057
min,1.0,2.12,22.99,46.0,0.0,0.51,2.78,18.08,0.0
25%,130.5,84.36,26.99,70.0,1.54,27.990000000000002,44.845,312.035,4.904999999999999
50%,253.0,108.36,28.99,79.0,2.06,38.74,63.95,480.05,8.91
75%,365.5,146.12,31.99,84.0,3.09,53.959999999999994,85.765,636.2,13.175
max,473.0,187.49,38.99,100.0,8.23,126.18,663.85,1179.69,26.91
