,id,aqi,temperature,humidity,wind_speed,pm2_5,pm10,co,no2
count,1375.0,1375.0,1375.0,1375.0,1375.0,1375.0,1375.0,1375.0,1375.0
mean,601.242909090909,167.71019636363638,25.22417454545455,66.95418181818182,1.7526763636363636,101.58253818181818,-14543999100.96571,733.7910618181819,10.624989090909091
std,325.1514201827266,88.29377787717878,6.998362339006676,17.871653725412134,1.257885274822624,94.73485364238785,381208079838.7309,472.2222345777303,6.193652440149628
min,1.0,2.12,6.99,20.0,0.0,0.51,-9998999486464.0,18.08,0.0
25%,334.5,102.22,20.99,55.0,1.03,36.010000000000005,66.25,385.23,5.675
50%,613.0,156.38,26.99,70.0,2.06,66.05,107.21,615.1,10.39
75%,868.0,189.155,29.99,82.0,2.06,129.39499999999998,209.46,928.565,14.99
max,1184.0,493.9,38.99,100.0,8.84,491.16,663.85,2794.89,28.32
