,id,aqi,temperature,humidity,wind_speed,pm2_5,pm10,co,no2
count,595.0,595.0,595.0,595.0,595.0,595.0,595.0,595.0,595.0
mean,285.3478991596639,107.6532268907563,29.712890756302517,75.8890756302521,2.301579831932773,39.96401680672269,67.6861344537815,464.08289075630256,8.765865546218487
std,157.44837743535768,34.60837990434276,3.192133119354845,12.371812686268012,1.2264771997383752,18.993830954009287,39.109305615234305,214.35430874564838,5.446168799687204
min,1.0,2.12,22.99,37.0,0.0,0.51,2.78,18.08,0.0
25%,151.5,78.78999999999999,27.99,66.0,1.54,25.42,44.99,294.4,4.17
50%,292.0,102.21,28.99,78.0,2.06,36.02,62.66,432.86,8.06
75%,423.5,140.77999999999997,31.99,84.0,3.09,51.81,82.2,618.425,12.22
max,541.0,187.49,38.99,100.0,8.23,126.18,663.85,1179.69,26.91
