,id,aqi,temperature,humidity,wind_speed,pm2_5,pm10,co,no2
count,1363.0,1363.0,1363.0,1363.0,1363.0,1363.0,1363.0,1363.0,1363.0
mean,596.1533382245048,166.41008804108586,25.344358033749085,66.7960381511372,1.7628246515040353,100.13688187820983,-14672046051.426922,726.8285913426265,10.57573734409391
std,322.0008128248229,87.43677176241737,6.902496521763064,17.825827642359478,1.2573704074285454,93.74358321357779,382881272647.30273,466.6438452574546,6.173140040081392
min,1.0,2.12,7.99,20.0,0.0,0.51,-9998999486464.0,18.08,0.0
25%,331.5,102.03,20.99,55.0,1.03,35.955,66.055,384.15,5.645
50%,608.0,156.14,26.99,70.0,2.06,65.46,106.56,610.9,10.31
75%,861.5,187.2,29.99,82.0,2.06,125.61500000000001,205.99,909.11,14.945
max,1173.0,493.9,38.99,100.0,8.84,491.16,663.85,2794.89,28.32
