,id,aqi,temperature,humidity,wind_speed,pm2_5,pm10,co,no2
count,1474.0,1474.0,1474.0,1474.0,1474.0,1474.0,1474.0,1474.0,1474.0
mean,643.7415196743555,177.3923405698779,24.264084124830394,67.94640434192674,1.7273337856173674,112.32080054274086,-13567163319.52805,810.979382632293,11.21233378561737
std,351.8165433708407,94.56261059902485,7.6817676603780605,17.900698517908864,1.2376440569878466,102.09108478229977,368192835690.38586,558.9021606600332,6.713113377800394
min,1.0,2.12,3.99,20.0,0.0,0.51,-9998999486464.0,18.08,0.0
25%,356.25,105.8225,18.99,55.0,1.03,37.5125,69.60499999999999,402.36,5.895
50%,647.5,159.18,26.875,71.0,2.06,71.445,113.155,639.0799999999999,10.855
75%,921.75,205.2575,29.99,82.0,2.06,154.7975,236.805,1061.125,15.5475
max,1283.0,493.9,38.99,100.0,8.84,491.16,663.85,3066.3,33.91
