,id,aqi,temperature,humidity,wind_speed,pm2_5,pm10,co,no2
count,1445.0,1445.0,1445.0,1445.0,1445.0,1445.0,1445.0,1445.0,1445.0
mean,631.1930795847751,173.87886505190312,24.572006920415227,67.70519031141869,1.7356539792387544,108.46098269896193,-13839445497.229214,785.7934602076125,11.00646366782007
std,343.87531675024337,91.54322703598845,7.4358445237320225,17.95432052171794,1.2445414075432621,98.61340114678754,371866613941.5719,527.5428533283836,6.489632410944752
min,1.0,2.12,6.99,20.0,0.0,0.51,-9998999486464.0,18.08,0.0
25%,349.0,104.59,18.99,55.0,1.03,36.96,68.24,399.03,5.84
50%,637.0,158.18,26.99,70.0,2.06,69.45,111.25,632.13,10.77
75%,906.0,197.96,29.99,82.0,2.06,146.45,230.22,1017.69,15.28
max,1254.0,493.9,38.99,100.0,8.84,491.16,663.85,2839.26,33.91
