,id,aqi,temperature,humidity,wind_speed,pm2_5,pm10,co,no2
count,1026.0,1026.0,1026.0,1026.0,1026.0,1026.0,1026.0,1026.0,1026.0
mean,460.28557504873294,127.97705653021441,28.31455165692008,67.42007797270955,1.9679434697855749,56.88972709551657,-19491226973.751472,529.8688401559453,9.016608187134503
std,245.46429341746895,41.4040570217958,4.597654868147157,17.21972624902833,1.2554199999655145,33.51378698348235,441251209824.10785,244.55036452156244,5.305879242233296
min,1.0,2.12,12.99,20.0,0.0,0.51,-9998999486464.0,18.08,0.0
25%,256.25,91.9575,25.99,55.0,1.03,31.634999999999998,57.2275,331.7625,4.795
50%,478.5,131.185,28.99,70.0,2.06,47.94,83.42,518.125,8.695
75%,669.75,161.4225,30.99,82.0,2.4225000000000003,75.685,118.425,678.4425,12.594999999999999
max,864.0,242.45,38.99,100.0,8.84,192.33,663.85,1324.55,26.91
