,id,aqi,temperature,humidity,wind_speed,pm2_5,pm10,co,no2
count,909.0,909.0,909.0,909.0,909.0,909.0,909.0,909.0,909.0
mean,414.21562156215623,121.96129812981299,29.18690869086909,69.14631463146314,2.0331903190319034,51.029889988998896,-21999998785.93485,500.5948624862486,8.621254125412541
std,222.0162854143322,39.18359484428314,3.788130490611452,16.34072572899494,1.2493887263416859,28.18636916305138,468759758205.8271,225.9431329518388,5.109700066447109
min,1.0,2.12,18.99,27.0,0.0,0.51,-9998999486464.0,18.08,0.0
25%,228.0,89.13,26.99,58.0,1.03,30.27,54.45,318.66,4.48
50%,432.0,118.36,28.99,70.0,2.06,42.55,78.32,486.97,8.15
75%,608.0,156.95,31.99,83.0,2.57,67.11,108.52,645.4,11.95
max,773.0,232.49,38.99,100.0,8.84,182.28,663.85,1324.55,26.91
