,id,aqi,temperature,humidity,wind_speed,pm2_5,pm10,co,no2
count,818.0,818.0,818.0,818.0,818.0,818.0,818.0,818.0,818.0
mean,377.8875305623472,116.27250611246943,29.590232273838634,70.39853300733496,2.1391320293398532,45.888459657701716,-24447431429.43422,472.0652322738386,8.465415647921759
std,203.83497553036273,36.71031105861347,3.546556151183587,15.83452057717397,1.238651536969836,22.800595008748356,494116029755.30304,204.73385105710543,5.159409451262506
min,1.0,2.12,19.99,27.0,0.0,0.51,-9998999486464.0,18.08,0.0
25%,206.0,86.2275,26.99,59.25,1.03,28.905,51.8775,309.25,4.2325
50%,390.5,111.44,28.99,74.0,2.06,39.785,73.975,458.365,7.945
75%,555.75,154.295,31.99,83.0,3.09,61.96,98.705,622.985,11.905000000000001
max,710.0,187.49,38.99,100.0,8.84,126.18,663.85,1179.69,26.91
