,id,aqi,temperature,humidity,wind_speed,pm2_5,pm10,co,no2
count,1163.0,1163.0,1163.0,1163.0,1163.0,1163.0,1163.0,1163.0,1163.0
mean,513.9836629406707,139.56343078245914,27.05104041272571,66.62854686156491,1.8477128116938955,70.31733447979363,-17195183869.940823,586.5206706792777,9.581427343078246
std,273.6282996632266,52.71234972082458,5.741461537461093,17.46266073665783,1.2782173863686355,51.71801625597633,414471556832.30237,298.1187316902036,5.543795405335811
min,1.0,2.12,9.99,20.0,0.0,0.51,-9998999486464.0,18.08,0.0
25%,286.5,96.12,23.99,55.0,1.03,33.575,61.09,354.51,5.165
50%,531.0,151.48,27.99,70.0,2.06,56.44,92.35,559.11,9.33
75%,747.0,168.53500000000003,30.99,79.0,2.06,89.46000000000001,142.2,745.29,13.45
max,973.0,363.54,38.99,100.0,8.84,313.61,663.85,1714.68,26.91
