,id,aqi,temperature,humidity,wind_speed,pm2_5,pm10,co,no2
count,840.0,840.0,840.0,840.0,840.0,840.0,840.0,840.0,840.0
mean,386.7940476190476,117.5657976190476,29.49951190476191,70.02619047619048,2.108857142857143,46.921702380952375,-23807141555.667072,478.54869047619053,8.489904761904763
std,208.35750589431788,37.120188215327694,3.6086767208580275,16.027294352275995,1.243807403419965,23.545658398074206,487610366187.10675,209.14763702384343,5.118014713104388
min,1.0,2.12,19.99,27.0,0.0,0.51,-9998999486464.0,18.08,0.0
25%,210.75,86.975,26.99,59.0,1.03,29.2825,52.6475,312.06,4.29
50%,399.5,112.5,28.99,74.0,2.06,40.245000000000005,74.53999999999999,468.55,8.004999999999999
75%,565.25,154.795,31.99,83.0,3.0,62.8925,101.0825,627.3325,11.8825
max,726.0,187.49,38.99,100.0,8.84,126.18,663.85,1179.69,26.91
