,id,aqi,temperature,humidity,wind_speed,pm2_5,pm10,co,no2
count,1112.0,1112.0,1112.0,1112.0,1112.0,1112.0,1112.0,1112.0,1112.0
mean,493.98471223021585,136.16102517985613,27.544847122302162,66.90197841726619,1.886142086330935,66.40387589928058,-17983811917.053,566.3341276978417,9.360125899280575
std,263.0072241328966,50.74640711017505,5.300731771401091,17.365823944370174,1.2730758762988186,48.43238603555576,423861148156.7803,280.67576281410834,5.436563613766452
min,1.0,2.12,10.99,20.0,0.0,0.51,-9998999486464.0,18.08,0.0
25%,273.75,94.67,24.99,55.0,1.03,32.885,60.065,344.3675,5.0325
50%,514.5,146.12,27.99,70.0,2.06,53.959999999999994,88.74000000000001,543.905,9.1
75%,721.25,165.64,30.99,82.0,2.06,83.8575,134.02249999999998,717.8925,13.1425
max,927.0,363.54,38.99,100.0,8.84,313.61,663.85,1714.68,26.91
