,id,aqi,temperature,humidity,wind_speed,pm2_5,pm10,co,no2
count,1478.0,1478.0,1478.0,1478.0,1478.0,1478.0,1478.0,1478.0,1478.0
mean,645.4891745602165,177.93749661705007,24.22342354533153,67.96549391069013,1.7268335588633286,112.93897158322058,-13530445691.102797,813.5928281461435,11.218937753721246
std,352.9390146874572,95.08376472694808,7.711990351218823,17.886674784901455,1.2361496396697722,102.7322733001247,367694605206.45886,560.963443825879,6.7163741564372
min,1.0,2.12,3.99,20.0,0.0,0.51,-9998999486464.0,18.08,0.0
25%,357.25,105.955,17.99,55.0,1.03,37.542500000000004,69.635,402.96250000000003,5.895
50%,648.5,159.275,26.619999999999997,71.0,2.06,71.53999999999999,113.775,640.385,10.864999999999998
75%,924.75,206.76,29.99,82.0,2.06,156.315,237.445,1064.755,15.557500000000001
max,1291.0,493.9,38.99,100.0,8.84,491.16,663.85,3066.3,33.91
