,id,aqi,temperature,humidity,wind_speed,pm2_5,pm10,co,no2
count,1162.0,1162.0,1162.0,1162.0,1162.0,1162.0,1162.0,1162.0,1162.0
mean,513.5886402753873,139.5129432013769,27.0640017211704,66.62048192771084,1.8493029259896732,70.25135972461274,-17209981790.82184,586.0182099827883,9.573588640275387
std,273.4141579783136,52.706907062924415,5.72688629257588,17.46801266413018,1.2776164605629925,51.691300309559374,414649708711.20703,297.75402037157966,5.53973075395644
min,1.0,2.12,9.99,20.0,0.0,0.51,-9998999486464.0,18.08,0.0
25%,286.25,96.115,23.99,55.0,1.03,33.5675,61.07,354.145,5.1525
50%,530.5,151.375,27.99,70.0,2.06,56.435,92.31,558.845,9.33
75%,746.75,168.4575,30.99,79.0,2.06,89.305,141.985,744.755,13.4475
max,972.0,363.54,38.99,100.0,8.84,313.61,663.85,1714.68,26.91
