,id,aqi,temperature,humidity,wind_speed,pm2_5,pm10,co,no2
count,1004.0,1004.0,1004.0,1004.0,1004.0,1004.0,1004.0,1004.0,1004.0
mean,451.62450199203187,126.35126494023905,28.513894422310763,67.66434262948208,1.9905478087649404,54.98556772908366,-19918325578.055218,520.3249800796812,8.892300796812748
std,240.98089149774893,40.196107281325276,4.393233294110311,17.125712056024355,1.2530224272118562,30.855060978911666,446054660917.7251,234.81617720096241,5.224753776884816
min,1.0,2.12,13.99,20.0,0.0,0.51,-9998999486464.0,18.08,0.0
25%,251.75,91.0475,25.99,55.0,1.03,31.2375,56.9575,329.7275,4.7250000000000005
50%,469.5,127.17500000000001,28.99,70.0,2.06,46.3,82.195,510.645,8.504999999999999
75%,657.25,160.0325,30.99,83.0,2.5549999999999997,73.03,116.485,670.53,12.34
max,847.0,232.49,38.99,100.0,8.84,182.28,663.85,1324.55,26.91
