,id,aqi,temperature,humidity,wind_speed,pm2_5,pm10,co,no2
count,1292.0,1292.0,1292.0,1292.0,1292.0,1292.0,1292.0,1292.0,1292.0
mean,566.2469040247678,159.19733746130032,25.92652476780186,66.3498452012384,1.7887693498452013,92.16931114551083,-15478327237.593512,688.5359442724458,10.328150154798763
std,303.6147527330679,80.8129851665351,6.561554923794841,17.62607281964444,1.2676979945844646,85.95805184993723,393252978902.0815,439.3706811219305,6.072915368096569
min,1.0,2.12,7.99,20.0,0.0,0.51,-9998999486464.0,18.08,0.0
25%,315.75,99.0675,21.99,54.0,1.03,35.120000000000005,63.965,374.495,5.44
50%,576.5,154.65,27.33,70.0,2.06,62.72,101.095,594.285,9.96
75%,820.25,179.8625,30.845,79.0,2.06,111.4025,185.115,848.555,14.46
max,1105.0,493.9,38.99,100.0,8.84,491.16,663.85,2794.89,28.32
