,id,aqi,temperature,humidity,wind_speed,pm2_5,pm10,co,no2
count,873.0,873.0,873.0,873.0,873.0,873.0,873.0,873.0,873.0
mean,400.01489117983965,119.33263459335625,29.356540664375718,69.46506300114548,2.0769186712485683,48.220160366552115,-22907215237.924225,487.1693585337915,8.569541809851087
std,215.00209303017556,37.5194956897401,3.6973667409980524,16.322199677686644,1.2441922931825073,24.194493392603032,478316383859.2038,213.94224111069974,5.133264227047291
min,1.0,2.12,18.99,27.0,0.0,0.51,-9998999486464.0,18.08,0.0
25%,219.0,87.87,26.99,58.0,1.03,29.64,53.61,312.97,4.39
50%,415.0,114.17,28.99,73.0,2.06,40.88,76.79,476.78,8.07
75%,585.0,155.79,31.99,83.0,2.57,64.83,104.25,635.06,11.95
max,747.0,187.49,38.99,100.0,8.84,126.18,663.85,1179.69,26.91
