,id,aqi,temperature,humidity,wind_speed,pm2_5,pm10,co,no2
count,724.0,724.0,724.0,724.0,724.0,724.0,724.0,724.0,724.0
mean,339.5414364640884,111.67669889502761,30.014392265193372,72.34254143646409,2.2103038674033146,42.65878453038674,-27621545469.803986,462.2265331491713,8.520055248618785
std,184.59986916833265,35.048740514212284,3.274219984100505,14.650612821635017,1.1891092550308235,20.652132021338968,525172178608.2591,205.64047786659998,5.275499438548669
min,1.0,2.12,22.99,31.0,0.0,0.51,-9998999486464.0,18.08,0.0
25%,183.75,84.235,27.99,62.0,1.54,27.9475,48.9975,299.3625,4.0825
50%,349.5,106.565,29.99,74.0,2.06,37.89,70.685,439.32,7.9350000000000005
75%,504.25,148.945,31.99,83.0,3.09,55.162499999999994,91.65,608.7225000000001,12.01
max,638.0,187.49,38.99,100.0,8.23,126.18,663.85,1179.69,26.91
