,id,aqi,temperature,humidity,wind_speed,pm2_5,pm10,co,no2
count,764.0,764.0,764.0,764.0,764.0,764.0,764.0,764.0,764.0
mean,355.8952879581152,112.92451570680629,29.79747382198953,71.65968586387434,2.220759162303665,43.38818062827225,-26175391251.754066,463.6490706806283,8.440091623036649
std,192.71961183311626,35.55500351007331,3.4332577837672993,14.99810028706901,1.214455397734982,20.959103114629922,511257958263.9671,204.927536859631,5.2198824818156995
min,1.0,2.12,19.99,31.0,0.0,0.51,-9998999486464.0,18.08,0.0
25%,193.75,84.49,27.8575,62.0,1.54,28.045,49.230000000000004,300.34,4.0825
50%,367.5,108.04499999999999,28.99,74.0,2.06,38.37,71.35,439.34000000000003,7.859999999999999
75%,526.25,151.63500000000002,31.99,83.0,3.09,56.9075,93.3,614.4625,11.95
max,666.0,187.49,38.99,100.0,8.84,126.18,663.85,1179.69,26.91
