,id,aqi,temperature,humidity,wind_speed,pm2_5,pm10,co,no2
count,946.0,946.0,946.0,946.0,946.0,946.0,946.0,946.0,946.0
mean,428.7674418604651,123.8775687103594,28.984704016913323,68.81818181818181,2.012452431289641,52.6808245243129,-21139533710.22937,506.7662262156448,8.684778012684989
std,229.2849266862357,39.66664146201725,3.930205504693961,16.453838820433727,1.2503324046322433,29.24049940143578,459511165484.83655,228.72602834797513,5.111832585730084
min,1.0,2.12,16.99,27.0,0.0,0.51,-9998999486464.0,18.08,0.0
25%,237.25,89.88749999999999,26.99,58.0,1.03,30.61,55.3425,320.5725,4.57
50%,445.5,122.33500000000001,28.99,70.0,2.06,44.19,79.94,492.73,8.265
75%,628.75,158.58,31.99,83.0,2.57,70.4025,111.87,652.8225,12.03
max,800.0,232.49,38.99,100.0,8.84,182.28,663.85,1324.55,26.91
