,id,aqi,temperature,humidity,wind_speed,pm2_5,pm10,co,no2
count,720.0,720.0,720.0,720.0,720.0,720.0,720.0,720.0,720.0
mean,337.89166666666665,111.35761111111111,30.003722222222223,72.50138888888888,2.2085138888888887,42.39256944444445,-27774998500.85344,461.5653055555556,8.531083333333333
std,183.77531161705147,34.87372615888077,3.274934779302469,14.5195661289097,1.1918228053072748,20.340188571781816,526626940755.5875,205.55870758332745,5.277493814929612
min,1.0,2.12,22.99,31.0,0.0,0.51,-9998999486464.0,18.08,0.0
25%,182.75,84.1775,27.99,62.0,1.54,27.9025,48.855,299.15500000000003,4.0825
50%,347.5,106.08500000000001,29.99,74.0,2.06,37.635,70.255,438.615,7.945
75%,501.25,148.31,31.99,83.0,3.09,54.76,91.3075,608.4975,12.01
max,635.0,187.49,38.99,100.0,8.23,126.18,663.85,1179.69,26.91
