,id,aqi,temperature,humidity,wind_speed,pm2_5,pm10,co,no2
count,786.0,786.0,786.0,786.0,786.0,786.0,786.0,786.0,786.0
mean,364.83842239185753,114.20525445292621,29.705000000000002,71.02798982188295,2.186908396946565,44.16444020356234,-25442746709.14718,465.4458524173028,8.447150127226463
std,197.18489651481661,35.87010219300253,3.490507719534136,15.484505681771488,1.226135655780086,21.216941416283944,504061437767.30255,203.51889539180817,5.189883056042293
min,1.0,2.12,19.99,27.0,0.0,0.51,-9998999486464.0,18.08,0.0
25%,199.25,85.3325,26.99,62.0,1.03,28.4725,50.1325,304.1,4.1049999999999995
50%,377.5,109.075,28.99,74.0,2.06,38.83,72.645,446.29,7.91
75%,536.75,152.6375,31.99,83.0,3.09,58.8175,95.2975,614.6675,11.9325
max,684.0,187.49,38.99,100.0,8.84,126.18,663.85,1179.69,26.91
