,id,aqi,temperature,humidity,wind_speed,pm2_5,pm10,co,no2
count,335.0,335.0,335.0,335.0,335.0,335.0,335.0,335.0,335.0
mean,167.28358208955223,104.6226567164179,30.27692537313433,75.48955223880597,2.3915522388059705,38.30838805970149,76.0254328358209,407.97110447761196,8.755880597014926
std,94.9250895908811,33.52295869530601,2.9158869672522303,11.197694565014922,1.1469608276776537,17.85498564446157,46.33122929645268,196.53659526591122,5.525005680551955
min,1.0,2.12,22.99,46.0,0.0,0.51,2.78,18.08,0.0
25%,84.5,78.66499999999999,27.99,66.0,2.06,25.315,51.415,246.64499999999998,3.7750000000000004
50%,170.0,101.17,29.99,78.0,2.06,35.73,70.61,363.12,8.06
75%,251.5,129.265,32.49,83.0,3.09,47.125,93.37,558.845,12.43
max,327.0,183.63,38.99,100.0,8.23,118.7,663.85,1168.94,26.91
