,id,aqi,temperature,humidity,wind_speed,pm2_5,pm10,co,no2
count,1113.0,1113.0,1113.0,1113.0,1113.0,1113.0,1113.0,1113.0,1113.0
mean,494.3746630727763,136.24884995507637,27.537160826594793,66.89128481581312,1.8872237196765498,66.50927223719677,-17967653954.612476,566.8151392632525,9.372470799640611
std,263.21063583733553,50.80813705443641,5.304549427584504,17.36167960139735,1.2730148607521687,48.53813154755917,423670863175.0324,281.0081078680703,5.449702924490355
min,1.0,2.12,10.99,20.0,0.0,0.51,-9998999486464.0,18.08,0.0
25%,274.0,94.68,24.99,55.0,1.03,32.89,60.07,344.55,5.04
50%,515.0,146.33,27.99,70.0,2.06,54.01,88.76,544.0,9.11
75%,722.0,165.67,30.99,82.0,2.06,83.91,134.06,718.86,13.15
max,928.0,363.54,38.99,100.0,8.84,313.61,663.85,1714.68,26.91
