,id,aqi,temperature,humidity,wind_speed,pm2_5,pm10,co,no2
count,681.0,681.0,681.0,681.0,681.0,681.0,681.0,681.0,681.0
mean,321.62555066079295,108.35165932452276,29.94449339207049,73.38032305433187,2.2350513950073423,40.21712187958884,-14682818558.281574,455.9537591776799,8.608046989720998
std,175.54186493883356,33.40977603110316,3.274545646574559,14.142473384273849,1.207451511145037,18.438780015742555,383162492860.3899,207.85673241858237,5.352987964747342
min,1.0,2.12,22.99,31.0,0.0,0.51,-9998999486464.0,18.08,0.0
25%,173.0,83.13,27.99,65.0,1.54,27.4,47.36,292.3,4.06
50%,331.0,103.22,28.99,75.0,2.06,36.41,67.33,429.65,8.03
75%,477.0,139.26,31.99,83.0,3.09,51.22,87.1,603.51,12.13
max,607.0,187.49,38.99,100.0,8.23,126.18,663.85,1179.69,26.91
