,id,aqi,temperature,humidity,wind_speed,pm2_5,pm10,co,no2
count,253.0,253.0,253.0,253.0,253.0,253.0,253.0,253.0,253.0
mean,127.81027667984189,107.1406324110672,30.04505928853755,76.6086956521739,2.412094861660079,39.90766798418972,70.35059288537549,438.8894466403162,8.82102766798419
std,73.49951120884423,36.81855387060006,2.8505894155967457,10.238865588043469,1.1577632885160063,19.788579631338777,50.747987864211325,204.8863507263924,5.471193368563715
min,1.0,2.12,22.99,47.0,0.0,0.51,2.78,18.08,0.0
25%,64.0,77.27,27.99,70.0,2.06,24.62,45.09,272.12,4.05
50%,130.0,103.34,29.99,78.0,2.06,36.89,62.17,387.22,8.06
75%,192.0,140.89,31.99,83.0,3.09,52.43,78.22,606.36,12.13
max,252.0,183.63,38.99,100.0,8.23,118.7,663.85,1168.94,26.91
