,id,aqi,temperature,humidity,wind_speed,pm2_5,pm10,co,no2
count,423.0,423.0,423.0,423.0,423.0,423.0,423.0,423.0,423.0
mean,208.33096926713947,108.58633569739953,30.013924349881794,75.96690307328605,2.3684869976359337,40.368865248226946,71.86586288416076,446.0711820330969,9.164751773049646
std,116.88309532298092,34.292163220508804,3.0287476043961705,11.41915085560633,1.20797432539028,18.850971441856895,43.48637184407605,199.31115931267263,5.557714878052447
min,1.0,2.12,22.99,46.0,0.0,0.51,2.78,18.08,0.0
25%,106.5,82.355,27.99,66.0,1.54,27.325,46.125,279.525,4.305
50%,212.0,104.18,29.99,79.0,2.06,36.89,66.24,422.61,8.49
75%,309.5,140.47,31.99,84.0,3.09,51.83,89.515,600.125,12.73
max,402.0,187.49,38.99,100.0,8.23,126.18,663.85,1168.94,26.91
