,id,aqi,temperature,humidity,wind_speed,pm2_5,pm10,co,no2
count,543.0,543.0,543.0,543.0,543.0,543.0,543.0,543.0,543.0
mean,262.56353591160223,110.07414364640884,29.52429097605893,77.16022099447514,2.3579558011049726,41.22025782688766,67.36837937384898,481.5668508287293,9.108103130755062
std,145.62683923746147,34.98637348279302,3.144318164500019,11.647898688712502,1.243718409221994,19.315980228409977,40.589884538995925,214.41291805273138,5.479197988929634
min,1.0,2.12,22.99,46.0,0.0,0.51,2.78,18.08,0.0
25%,139.5,83.155,26.99,70.0,1.54,27.45,43.615,311.505,4.59
50%,268.0,106.2,28.99,79.0,2.06,37.66,62.17,472.64,8.41
75%,388.5,144.60500000000002,31.99,84.0,3.09,53.315,83.19,628.245,12.665
max,504.0,187.49,38.99,100.0,8.23,126.18,663.85,1179.69,26.91
