,id,aqi,temperature,humidity,wind_speed,pm2_5,pm10,co,no2
count,625.0,625.0,625.0,625.0,625.0,625.0,625.0,625.0,625.0
mean,298.192,107.659104,29.799792000000004,75.1744,2.2767840000000006,39.878992,68.67038400000001,459.95575999999994,8.697824
std,163.9425172868801,33.91963430674909,3.222956486575483,12.807749457021954,1.2167477377977316,18.582915362594033,38.4831387633997,211.54271674334205,5.408221667386586
min,1.0,2.12,22.99,34.0,0.0,0.51,2.78,18.08,0.0
25%,159.0,79.81,27.99,66.0,1.54,26.1,45.73,294.04,4.09
50%,305.0,102.45,28.99,78.0,2.06,36.17,64.7,429.32,8.03
75%,442.0,139.26,31.99,84.0,3.09,51.22,84.77,608.79,12.13
max,563.0,187.49,38.99,100.0,8.23,126.18,663.85,1179.69,26.91
