,id,aqi,temperature,humidity,wind_speed,pm2_5,pm10,co,no2
count,763.0,763.0,763.0,763.0,763.0,763.0,763.0,763.0,763.0
mean,355.4888597640891,112.85806028833551,29.799842726081263,71.6867627785059,2.220969855832241,43.340235910878114,-26209697138.27592,463.50146788990827,8.43381389252949
std,192.51811332209004,35.53081446501813,3.434884988375731,14.989240949129268,1.2152380507898493,20.930885866259285,511592439449.50146,205.02131719827693,5.220419704566649
min,1.0,2.12,19.99,31.0,0.0,0.51,-9998999486464.0,18.08,0.0
25%,193.5,84.47999999999999,27.855,62.0,1.54,28.04,49.21,300.03,4.074999999999999
50%,367.0,108.02,28.99,74.0,2.06,38.37,71.28,438.99,7.85
75%,526.0,151.59,31.99,83.0,3.09,56.775,93.21000000000001,614.565,11.945
max,665.0,187.49,38.99,100.0,8.84,126.18,663.85,1179.69,26.91
