,id,aqi,temperature,humidity,wind_speed,pm2_5,pm10,co,no2
count,1201.0,1201.0,1201.0,1201.0,1201.0,1201.0,1201.0,1201.0,1201.0
mean,529.0974188176519,143.4425895087427,26.67358867610325,66.45462114904247,1.8368359700249792,74.73590341382182,-16651123089.104935,613.6108243130724,9.848109908409658
std,281.960652695251,57.1245630460796,6.0745167182806945,17.530729611471365,1.2758833465113804,57.55725435341749,407867413424.7553,340.06285173979717,5.77949323106361
min,1.0,2.12,7.99,20.0,0.0,0.51,-9998999486464.0,18.08,0.0
25%,295.0,97.25,22.99,54.0,1.03,34.09,62.09,361.41,5.25
50%,546.0,152.38,27.99,70.0,2.06,58.18,94.03,567.74,9.47
75%,766.0,171.02,30.99,79.0,2.06,94.28,152.34,770.91,13.69
max,1009.0,390.27,38.99,100.0,8.84,340.58,663.85,2362.04,28.32
