,id,aqi,temperature,humidity,wind_speed,pm2_5,pm10,co,no2
count,1412.0,1412.0,1412.0,1412.0,1412.0,1412.0,1412.0,1412.0,1412.0
mean,617.0113314447592,171.86034702549574,24.874553824362607,67.49645892351275,1.742485835694051,106.19589943342775,-14162888634.4681,765.5830382436261,10.845375354107649
std,334.9638247164497,91.25195655749243,7.239454297465743,18.00679024405575,1.2523613344072446,98.15611360098035,376183935015.0612,509.238231629072,6.372192941063916
min,1.0,2.12,6.99,20.0,0.0,0.51,-9998999486464.0,18.08,0.0
25%,341.75,103.2925,19.99,55.0,1.03,36.447500000000005,67.155,392.135,5.7775
50%,625.5,157.245,26.99,70.0,2.06,67.765,109.225,625.385,10.605
75%,889.25,194.1375,29.99,82.0,2.06,139.04000000000002,222.255,972.2875,15.075
max,1221.0,493.9,38.99,100.0,8.84,491.16,663.85,2839.26,33.91
