,id,aqi,temperature,humidity,wind_speed,pm2_5,pm10,co,no2
count,1084.0,1084.0,1084.0,1084.0,1084.0,1084.0,1084.0,1084.0,1084.0
mean,483.08671586715866,133.5025553505535,27.79165129151292,67.01752767527675,1.9044557195571958,63.25973247232473,-18448338430.732815,554.8320479704796,9.305442804428044
std,257.36954372931416,48.13318134001804,5.0872640338523425,17.33704414538825,1.2698927833973217,44.35130817949059,429295469140.2068,270.5357983583711,5.440610358956191
min,1.0,2.12,11.99,20.0,0.0,0.51,-9998999486464.0,18.08,0.0
25%,268.0,93.9725,24.99,55.0,1.03,32.5925,59.150000000000006,339.9475,4.925
50%,503.5,142.41500000000002,27.99,70.0,2.06,52.39,86.735,535.7,8.975000000000001
75%,707.25,163.89249999999998,30.99,82.0,2.0825,80.4675,127.7375,701.5425,13.0125
max,906.0,361.54,38.99,100.0,8.84,311.59,663.85,1655.54,26.91
