,id,aqi,temperature,humidity,wind_speed,pm2_5,pm10,co,no2
count,1081.0,1081.0,1081.0,1081.0,1081.0,1081.0,1081.0,1081.0,1081.0
mean,481.9158186864015,132.91517113783533,27.828103607770586,66.97872340425532,1.9097409805735432,62.616447733580024,-18499536410.82547,552.2933765032377,9.290638297872341
std,256.7629857863236,46.88244150505938,5.045774727836184,17.338314205248025,1.2676767637261714,42.688840266463615,429890196739.0847,266.50870525316486,5.440775651025429
min,1.0,2.12,11.99,20.0,0.0,0.51,-9998999486464.0,18.08,0.0
25%,268.0,93.92,24.99,55.0,1.03,32.54,58.88,339.94,4.91
50%,502.0,142.12,27.99,70.0,2.06,52.29,86.68,532.93,8.96
75%,705.0,163.67,30.99,82.0,2.12,80.04,127.33,699.55,12.94
max,904.0,348.23,38.99,100.0,8.84,298.16,663.85,1655.54,26.91
