,id,aqi,temperature,humidity,wind_speed,pm2_5,pm10,co,no2
count,461.0,461.0,461.0,461.0,461.0,461.0,461.0,461.0,461.0
mean,225.76789587852494,109.88162689804773,29.84709327548807,76.65509761388286,2.358633405639913,41.261822125813445,70.53600867678958,475.0748590021692,9.457527114967462
std,126.22747035187156,34.7987693023208,3.044583610064286,11.557809379527518,1.1958530146751833,19.558070938785168,42.5561591786043,218.3214728844273,5.592656594552294
min,1.0,2.12,22.99,46.0,0.0,0.51,2.78,18.08,0.0
25%,118.0,83.39,27.99,70.0,1.54,27.54,44.8,296.07,4.88
50%,231.0,105.41,28.99,79.0,2.06,37.43,65.41,459.15,8.96
75%,336.0,144.41,31.99,84.0,3.09,53.2,87.77,624.67,13.43
max,436.0,187.49,38.99,100.0,8.23,126.18,663.85,1179.69,26.91
