,id,aqi,temperature,humidity,wind_speed,pm2_5,pm10,co,no2
count,1284.0,1284.0,1284.0,1284.0,1284.0,1284.0,1284.0,1284.0,1284.0
mean,562.9119937694704,157.48773364485982,25.984540498442367,66.36993769470405,1.7942990654205608,90.23615264797506,-15574765416.671322,681.2846806853582,10.287749221183802
std,301.5943178261943,78.05243872976678,6.532423194303411,17.61357266448312,1.2668062311986181,82.56849528928558,394475210372.2987,430.0955180663604,6.056570338693048
min,1.0,2.12,7.99,20.0,0.0,0.51,-9998999486464.0,18.08,0.0
25%,313.75,98.81,21.99,54.0,1.03,34.9,63.8775,373.815,5.4350000000000005
50%,573.0,154.5,27.924999999999997,70.0,2.06,62.355000000000004,100.495,592.1800000000001,9.89
75%,814.25,178.595,30.99,79.0,2.06,108.9475,183.38,838.5475,14.282499999999999
max,1097.0,493.9,38.99,100.0,8.84,491.16,663.85,2794.89,28.32
