,id,aqi,temperature,humidity,wind_speed,pm2_5,pm10,co,no2
count,1400.0,1400.0,1400.0,1400.0,1400.0,1400.0,1400.0,1400.0,1400.0
mean,611.8814285714286,170.95764285714287,24.99142142857143,67.32571428571428,1.743078571428571,105.15987142857144,-14284284824.944023,752.4991857142857,10.714442857142856
std,331.75947900016934,91.06145457221353,7.155572398373248,17.96465185941835,1.254515797669633,97.88107460931327,377791562727.5164,489.9103045781541,6.208900766190016
min,1.0,2.12,6.99,20.0,0.0,0.51,-9998999486464.0,18.08,0.0
25%,338.75,102.9575,19.99,55.0,1.03,36.375,66.9475,390.575,5.71
50%,622.0,156.81,26.99,70.0,2.06,66.87,108.645,621.3299999999999,10.515
75%,883.25,193.04,29.99,82.0,2.06,136.925,218.4225,949.31,15.0125
max,1209.0,493.9,38.99,100.0,8.84,491.16,663.85,2794.89,28.32
