,id,aqi,temperature,humidity,wind_speed,pm2_5,pm10,co,no2
count,1198.0,1198.0,1198.0,1198.0,1198.0,1198.0,1198.0,1198.0,1198.0
mean,527.89816360601,143.05385642737897,26.690325542570953,66.52587646076795,1.8358514190317199,74.30010851419033,-16692820393.202248,612.098572621035,9.844616026711185
std,281.29133477146144,56.66291202645444,6.071927362785726,17.488000369311983,1.2772724704240206,56.96398450686912,408377352706.7374,339.0806252559154,5.779740635675859
min,1.0,2.12,7.99,20.0,0.0,0.51,-9998999486464.0,18.08,0.0
25%,294.25,97.2125,23.025,55.0,1.03,34.09,62.0075,360.9675,5.255
50%,544.5,152.20499999999998,27.99,70.0,2.06,58.035,93.875,567.485,9.465
75%,763.75,170.82999999999998,30.99,79.0,2.06,93.905,152.12,768.995,13.6825
max,1006.0,390.27,38.99,100.0,8.84,340.58,663.85,2362.04,28.32
