,id,aqi,temperature,humidity,wind_speed,pm2_5,pm10,co,no2
count,748.0,748.0,748.0,748.0,748.0,748.0,748.0,748.0,748.0
mean,349.39304812834223,112.02363636363637,29.87355614973262,72.07352941176471,2.230427807486631,42.8985294117647,-26735292671.689266,460.78756684491975,8.432700534759357
std,189.5113438723186,35.36348208542648,3.3867677665398785,14.710183519357033,1.2197365479703492,20.846619769153687,516689763840.1002,204.55845160390194,5.238637496318202
min,1.0,2.12,19.99,31.0,0.0,0.51,-9998999486464.0,18.08,0.0
25%,189.75,84.235,27.99,62.0,1.54,27.9475,48.855,299.15500000000003,4.057499999999999
50%,360.5,107.08500000000001,28.99,74.0,2.06,38.004999999999995,70.80000000000001,437.805,7.84
75%,518.25,151.05,31.99,83.0,3.09,55.645,91.8675,608.4975,11.942499999999999
max,654.0,187.49,38.99,100.0,8.84,126.18,663.85,1179.69,26.91
