,id,aqi,temperature,humidity,wind_speed,pm2_5,pm10,co,no2
count,352.0,352.0,352.0,352.0,352.0,352.0,352.0,352.0,352.0
mean,175.32954545454547,106.24221590909089,30.300000000000008,75.39488636363636,2.387159090909091,39.3990625,75.72170454545454,417.72855113636365,8.748068181818182
std,99.26935030966965,34.327849253805525,2.8944157847556635,11.257173818512904,1.1496598767321717,18.998827268548137,45.664210776101186,197.63669978205925,5.463568771584533
min,1.0,2.12,22.99,46.0,0.0,0.51,2.78,18.08,0.0
25%,88.75,79.43,27.99,66.0,2.06,26.174999999999997,50.625,263.34499999999997,3.9475
50%,178.5,102.095,29.99,78.0,2.06,36.005,70.685,371.29499999999996,8.065000000000001
75%,262.25,133.4075,32.99,83.0,3.09,48.7425,92.7075,575.8900000000001,12.3175
max,340.0,187.49,38.99,100.0,8.23,126.18,663.85,1168.94,26.91
