,id,aqi,temperature,humidity,wind_speed,pm2_5,pm10,co,no2
count,269.0,269.0,269.0,269.0,269.0,269.0,269.0,269.0,269.0
mean,135.6654275092937,105.56026022304832,30.12799256505576,76.04089219330855,2.4372118959107807,39.085353159851294,71.26654275092936,428.5016728624535,8.718661710037173
std,77.84590328650523,36.371012674817464,2.897024667709555,10.64988090919919,1.1757506476841086,19.51228760308257,49.5656472607386,204.21070214535413,5.456664594860539
min,1.0,2.12,22.99,46.0,0.0,0.51,2.78,18.08,0.0
25%,68.0,75.46,27.99,70.0,2.06,23.89,45.88,266.5,3.99
50%,138.0,101.57,29.99,78.0,2.06,35.9,64.51,371.96,8.03
75%,204.0,139.14,31.99,83.0,3.09,51.04,80.58,597.6,12.11
max,266.0,183.63,38.99,100.0,8.23,118.7,663.85,1168.94,26.91
