,id,aqi,temperature,humidity,wind_speed,pm2_5,pm10,co,no2
count,884.0,884.0,884.0,884.0,884.0,884.0,884.0,884.0,884.0
mean,404.36764705882354,119.97675339366515,29.320305429864256,69.28167420814479,2.065056561085973,48.79511312217195,-22622170702.643085,489.4639592760181,8.572092760180995
std,217.15301793663244,37.74957295675055,3.7130265038471966,16.39886687527363,1.2442712654701482,24.727224831995578,475334516906.1024,214.99018191900234,5.121077713894626
min,1.0,2.12,18.99,27.0,0.0,0.51,-9998999486464.0,18.08,0.0
25%,221.75,88.3175,26.99,58.0,1.03,29.877499999999998,53.792500000000004,315.1725,4.39
50%,420.0,115.35499999999999,28.99,71.0,2.06,41.465,77.245,477.91499999999996,8.11
75%,591.25,156.15499999999997,31.99,83.0,2.57,65.60749999999999,105.55250000000001,636.7075,11.95
max,753.0,190.97,38.99,100.0,8.84,132.92,663.85,1179.69,26.91
