,id,aqi,temperature,humidity,wind_speed,pm2_5,pm10,co,no2
count,684.0,684.0,684.0,684.0,684.0,684.0,684.0,684.0,684.0
mean,322.8859649122807,108.60412280701755,29.96116959064328,73.24853801169591,2.2340789473684213,40.410833333333336,-29236840532.747562,455.85742690058476,8.597119883040936
std,176.1838480790954,33.5534600331431,3.280048624859975,14.254934083904912,1.2049212897124875,18.63211797519491,540288008379.47955,207.52692872334916,5.352628427029765
min,1.0,2.12,22.99,31.0,0.0,0.51,-9998999486464.0,18.08,0.0
25%,173.75,83.1675,27.99,65.0,1.54,27.475,47.3575,293.215,4.057499999999999
50%,332.5,103.275,29.53,75.0,2.06,36.445,67.35,429.485,8.015
75%,478.25,140.05,31.99,83.0,3.09,51.4125,87.5575,602.7674999999999,12.13
max,610.0,187.49,38.99,100.0,8.23,126.18,663.85,1179.69,26.91
