,id,aqi,temperature,humidity,wind_speed,pm2_5,pm10,co,no2
count,751.0,751.0,751.0,751.0,751.0,751.0,751.0,751.0,751.0
mean,350.61251664447406,112.18976031957392,29.844061251664453,72.0439414114514,2.2247536617842876,42.969067909454054,-26628493898.968124,461.6754727030626,8.443115845539282
std,190.1109438980076,35.39018926495228,3.412845091353631,14.70353925345514,1.2207504410142858,20.834886792670176,515658110079.96606,204.65023698530848,5.234832300264761
min,1.0,2.12,19.99,31.0,0.0,0.51,-9998999486464.0,18.08,0.0
25%,190.5,84.3,27.99,62.0,1.54,27.965,48.955,299.31500000000005,4.06
50%,362.0,107.23,28.99,74.0,2.06,38.15,70.88,438.28,7.85
75%,519.5,151.19,31.99,83.0,3.09,55.985,92.125,609.265,11.945
max,655.0,187.49,38.99,100.0,8.84,126.18,663.85,1179.69,26.91
