,id,aqi,temperature,humidity,wind_speed,pm2_5,pm10,co,no2
count,1294.0,1294.0,1294.0,1294.0,1294.0,1294.0,1294.0,1294.0,1294.0
mean,567.0819165378671,159.63287480680063,25.904211746522414,66.37789799072642,1.7860046367851623,92.66217156105101,-15454404010.776634,690.1778670788253,10.334211746522412
std,304.12185314413006,81.50630012756025,6.581243129818487,17.63004290698671,1.2686662415549181,86.80097066078811,392949192038.2548,441.0115183436435,6.070342236586161
min,1.0,2.12,7.99,20.0,0.0,0.51,-9998999486464.0,18.08,0.0
25%,316.25,99.205,21.99,54.0,1.03,35.205,64.055,374.635,5.4475
50%,577.5,154.725,27.185000000000002,70.0,2.06,62.735,101.21000000000001,594.9849999999999,9.99
75%,821.75,180.05,30.8275,79.0,2.06,111.7625,185.42249999999999,849.5749999999999,14.46
max,1107.0,493.9,38.99,100.0,8.84,491.16,663.85,2794.89,28.32
