,id,aqi,temperature,humidity,wind_speed,pm2_5,pm10,co,no2
count,649.0,649.0,649.0,649.0,649.0,649.0,649.0,649.0,649.0
mean,308.2542372881356,107.51379044684128,29.870000000000008,74.38366718027736,2.256055469953775,39.757334360554694,69.44625577812018,456.59215716486904,8.648628659476117
std,168.88823579391018,33.38251857503879,3.244186205476263,13.379288101811781,1.2101297642406172,18.27421742123885,38.09716358405867,209.72253895480117,5.388758887250209
min,1.0,2.12,22.99,32.0,0.0,0.51,2.78,18.08,0.0
25%,165.0,81.43,27.99,66.0,1.54,26.57,46.52,292.3,4.06
50%,317.0,102.23,28.99,78.0,2.06,36.02,65.92,428.25,8.0
75%,456.0,136.31,31.99,83.0,3.09,50.07,85.74,606.36,12.13
max,579.0,187.49,38.99,100.0,8.23,126.18,663.85,1179.69,26.91
