,id,aqi,temperature,humidity,wind_speed,pm2_5,pm10,co,no2
count,706.0,706.0,706.0,706.0,706.0,706.0,706.0,706.0,706.0
mean,332.0864022662889,110.37522662889516,29.99021246458924,72.79745042492918,2.214773371104816,41.75249291784703,-28325777510.03788,459.00364022662893,8.532337110481587
std,180.85421317947905,34.495877468024965,3.278439878951749,14.442845803680322,1.2003602377367977,19.959098922669686,531815467639.4527,206.06428536822824,5.308669297241251
min,1.0,2.12,22.99,31.0,0.0,0.51,-9998999486464.0,18.08,0.0
25%,179.25,83.8925,27.99,62.0,1.54,27.815,48.415,297.3025,4.0525
50%,341.5,104.86500000000001,29.845,74.0,2.06,37.21,69.3,434.625,7.93
75%,492.75,144.6175,31.99,83.0,3.09,53.3625,89.41,606.9749999999999,12.024999999999999
max,625.0,187.49,38.99,100.0,8.23,126.18,663.85,1179.69,26.91
