,id,aqi,temperature,humidity,wind_speed,pm2_5,pm10,co,no2
count,1313.0,1313.0,1313.0,1313.0,1313.0,1313.0,1313.0,1313.0,1313.0
mean,575.039603960396,162.91529322162984,25.733328255902514,66.65651180502665,1.7813328255902516,96.25680883472961,-15230768302.702866,702.3206169078446,10.401805026656511
std,308.97760439180166,85.44108362473872,6.693440919142417,17.723874771296135,1.261361466694218,91.28002062689905,390097897123.83685,451.0193686737884,6.096871187669097
min,1.0,2.12,7.99,20.0,0.0,0.51,-9998999486464.0,18.08,0.0
25%,322.0,101.17,21.99,55.0,1.03,35.6,64.73,377.34,5.52
50%,586.0,155.06,26.99,70.0,2.06,63.4,102.2,599.23,10.05
75%,832.0,181.99,29.99,82.0,2.06,115.51,192.23,867.02,14.59
max,1126.0,493.9,38.99,100.0,8.84,491.16,663.85,2794.89,28.32
