,id,aqi,temperature,humidity,wind_speed,pm2_5,pm10,co,no2
count,1185.0,1185.0,1185.0,1185.0,1185.0,1185.0,1185.0,1185.0,1185.0
mean,522.7088607594936,141.4554852320675,26.83049789029536,66.53080168776371,1.8386160337552744,72.49656540084389,-16875948384.147017,601.4083122362869,9.735308016877637
std,278.4057208514932,54.50809276904898,5.938792249578415,17.502102328797527,1.2788403776070363,54.232451943945414,410609402357.5982,321.7398633591197,5.689461327439585
min,1.0,2.12,7.99,20.0,0.0,0.51,-9998999486464.0,18.08,0.0
25%,291.0,96.51,23.99,55.0,1.03,33.95,61.7,359.04,5.22
50%,540.0,151.9,27.99,70.0,2.06,57.33,93.47,565.33,9.42
75%,755.0,169.69,30.99,79.0,2.06,91.69,147.21,755.89,13.59
max,994.0,363.54,38.99,100.0,8.84,313.61,663.85,2285.75,28.32
