,id,aqi,temperature,humidity,wind_speed,pm2_5,pm10,co,no2
count,990.0,990.0,990.0,990.0,990.0,990.0,990.0,990.0,990.0
mean,446.1050505050505,125.50361616161616,28.632414141414145,67.8959595959596,1.9984141414141412,54.011686868686866,-20199998872.23619,516.5754343434344,8.843141414141414
std,238.13182802271373,39.820712345497704,4.275331281128916,16.998908066947646,1.2519474860343323,29.87364809050813,449194337663.1046,233.17782937361028,5.204203998892141
min,1.0,2.12,13.99,20.0,0.0,0.51,-9998999486464.0,18.08,0.0
25%,248.25,90.795,25.99,56.0,1.03,31.0375,56.745000000000005,327.92,4.702500000000001
50%,463.5,125.65,28.99,70.0,2.06,45.625,81.995,503.375,8.44
75%,650.0,159.5475,31.99,83.0,2.57,72.115,114.94500000000001,666.1750000000001,12.3
max,836.0,232.49,38.99,100.0,8.84,182.28,663.85,1324.55,26.91
