,id,aqi,temperature,humidity,wind_speed,pm2_5,pm10,co,no2
count,362.0,362.0,362.0,362.0,362.0,362.0,362.0,362.0,362.0
mean,180.0110497237569,105.89331491712707,30.269337016574585,75.4171270718232,2.386629834254143,39.19936464088398,74.65977900552485,421.34933701657457,8.790027624309392
std,101.76051343046511,33.96606614503211,2.8828143186477515,11.17724412291572,1.154242431696917,18.79065214893986,45.47944227014117,196.1646864148467,5.401171335903797
min,1.0,2.12,22.99,46.0,0.0,0.51,2.78,18.08,0.0
25%,91.25,79.9475,27.99,66.0,2.06,26.33,48.485,265.25,3.9975
50%,183.5,101.53,29.99,78.0,2.06,35.745,69.71000000000001,377.655,8.16
75%,268.0,132.6225,31.99,83.0,3.09,48.5525,92.4625,580.01,12.265
max,349.0,187.49,38.99,100.0,8.23,126.18,663.85,1168.94,26.91
