,id,aqi,temperature,humidity,wind_speed,pm2_5,pm10,co,no2
count,1200.0,1200.0,1200.0,1200.0,1200.0,1200.0,1200.0,1200.0,1200.0
mean,528.6975,143.3053,26.681658333333335,66.4675,1.8366499999999997,74.58338333333334,-16664999025.31144,612.9748666666667,9.841675
std,281.7372432289855,56.94981561274164,6.070605835714236,17.532353804940684,1.2763990126652967,57.33793783917791,408037180873.84906,339.4893994632805,5.777597090009572
min,1.0,2.12,7.99,20.0,0.0,0.51,-9998999486464.0,18.08,0.0
25%,294.75,97.2375,22.99,54.75,1.03,34.09,62.0625,361.26250000000005,5.2475000000000005
50%,545.5,152.305,27.99,70.0,2.06,58.18,93.965,567.685,9.465
75%,765.25,170.95250000000001,30.99,79.0,2.06,94.1375,152.3025,770.595,13.6675
max,1008.0,390.27,38.99,100.0,8.84,340.58,663.85,2362.04,28.32
