,id,aqi,temperature,humidity,wind_speed,pm2_5,pm10,co,no2
count,1135.0,1135.0,1135.0,1135.0,1135.0,1135.0,1135.0,1135.0,1135.0
mean,502.9770925110132,138.26906607929513,27.320387665198236,66.82466960352423,1.8687929515418502,68.86581497797356,-17619382242.950912,577.8207400881057,9.459999999999999
std,267.73760715025514,52.58187816440504,5.5071743675396885,17.374039230947478,1.2776356188496976,51.22085313755108,419548372570.6512,293.31380423534,5.487034244214094
min,1.0,2.12,9.99,20.0,0.0,0.51,-9998999486464.0,18.08,0.0
25%,279.0,95.41499999999999,24.99,55.0,1.03,33.3,60.675,348.245,5.075
50%,523.0,149.41,27.99,70.0,2.06,55.17,90.55,552.47,9.22
75%,731.5,166.745,30.99,79.0,2.06,85.995,137.64499999999998,729.95,13.29
max,946.0,363.54,38.99,100.0,8.84,313.61,663.85,1714.68,26.91
