,id,aqi,temperature,humidity,wind_speed,pm2_5,pm10,co,no2
count,484.0,484.0,484.0,484.0,484.0,484.0,484.0,484.0,484.0
mean,236.19214876033058,110.44181818181818,29.595619834710746,77.2603305785124,2.3773760330578515,41.460847107438006,69.51747933884297,485.8875826446281,9.531012396694216
std,131.75099742033527,34.43235278668161,3.1893652587506907,11.67035123837914,1.2265521434426736,19.3132849905891,41.88823411405868,220.2701424741285,5.558250354748083
min,1.0,2.12,22.99,46.0,0.0,0.51,2.78,18.08,0.0
25%,124.75,83.8075,26.99,70.0,1.54,27.825,44.474999999999994,306.73249999999996,5.1925
50%,242.5,106.565,28.99,79.0,2.06,37.91,64.39,478.71000000000004,9.1
75%,350.25,144.39499999999998,31.99,84.0,3.09,53.1475,86.5375,635.955,13.45
max,453.0,187.49,38.99,100.0,8.23,126.18,663.85,1179.69,26.91
