,id,aqi,temperature,humidity,wind_speed,pm2_5,pm10,co,no2
count,539.0,539.0,539.0,539.0,539.0,539.0,539.0,539.0,539.0
mean,260.7829313543599,110.36977736549164,29.50413729128015,77.25974025974025,2.356345083487941,41.36847866419295,67.50473098330241,483.47948051948055,9.14421150278293
std,144.68461793579726,34.94517068530979,3.140496395375875,11.602111425231517,1.2442361534705164,19.30988388170943,40.70387224886633,213.9728309971481,5.477596401871949
min,1.0,2.12,22.99,46.0,0.0,0.51,2.78,18.08,0.0
25%,138.5,83.525,26.99,70.0,1.54,27.615000000000002,43.615,312.70500000000004,4.67
50%,267.0,106.81,28.99,79.0,2.06,37.96,62.31,474.88,8.41
75%,385.5,144.865,31.99,84.0,3.09,53.44499999999999,83.395,629.87,12.715
max,500.0,187.49,38.99,100.0,8.23,126.18,663.85,1179.69,26.91
