,id,aqi,temperature,humidity,wind_speed,pm2_5,pm10,co,no2
count,889.0,889.0,889.0,889.0,889.0,889.0,889.0,889.0,889.0
mean,406.3352080989876,120.37048368953883,29.285826771653547,69.26771653543307,2.0580764904386952,49.25744656917885,-22494936895.601044,492.74174353205854,8.588425196850393
std,218.1172563301533,38.007432924837886,3.736414432621266,16.3719534496466,1.2446176059873229,25.42193362730355,473997433824.0166,219.00592121967043,5.113151585746688
min,1.0,2.12,18.99,27.0,0.0,0.51,-9998999486464.0,18.08,0.0
25%,223.0,88.39,26.99,58.0,1.03,29.96,53.86,315.84,4.44
50%,422.0,116.09,28.99,71.0,2.06,41.77,77.45,479.41,8.13
75%,594.0,156.37,31.99,83.0,2.57,65.91,106.22,639.03,11.95
max,755.0,193.47,38.99,100.0,8.84,137.75,663.85,1222.38,26.91
