,id,aqi,temperature,humidity,wind_speed,pm2_5,pm10,co,no2
count,847.0,847.0,847.0,847.0,847.0,847.0,847.0,847.0,847.0
mean,389.6151121605667,117.96990554899645,29.475230224321137,69.85832349468713,2.1023730814639907,47.240106257378976,-23610388318.61745,480.9538606847698,8.530365997638725
std,209.7851048585796,37.23996510385979,3.619548763411901,16.124698718733693,1.2444367596729708,23.760744895293996,485593664276.9105,211.0517593129059,5.150872930510482
min,1.0,2.12,19.99,27.0,0.0,0.51,-9998999486464.0,18.08,0.0
25%,212.5,87.265,26.99,59.0,1.03,29.425,52.834999999999994,312.32500000000005,4.3100000000000005
50%,403.0,112.94,28.99,73.0,2.06,40.38,75.52,471.06,8.03
75%,568.5,155.05,31.99,83.0,2.96,63.385,101.52,629.385,11.925
max,729.0,187.49,38.99,100.0,8.84,126.18,663.85,1179.69,26.91
