,id,aqi,temperature,humidity,wind_speed,pm2_5,pm10,co,no2
count,843.0,843.0,843.0,843.0,843.0,843.0,843.0,843.0,843.0
mean,388.00474495848164,117.73811387900355,29.501257413997635,69.90747330960853,2.107461447212337,47.055539739027274,-23722418631.55389,479.18470937129297,8.48429418742586
std,208.971488755884,37.17430197005571,3.6033496997047667,16.124691638147866,1.2421476724841376,23.658344854830688,486742993535.86115,209.91595675074188,5.115445064961443
min,1.0,2.12,19.99,27.0,0.0,0.51,-9998999486464.0,18.08,0.0
25%,211.5,87.095,26.99,59.0,1.03,29.345,52.7,312.135,4.279999999999999
50%,401.0,112.75,28.99,73.0,2.06,40.35,74.87,469.05,8.0
75%,567.0,154.875,31.99,83.0,2.96,63.185,101.21000000000001,627.355,11.875
max,728.0,187.49,38.99,100.0,8.84,126.18,663.85,1179.69,26.91
