,id,aqi,temperature,humidity,wind_speed,pm2_5,pm10,co,no2
count,591.0,591.0,591.0,591.0,591.0,591.0,591.0,591.0,591.0
mean,283.62267343485615,107.70248730964467,29.70763113367174,75.94585448392554,2.3119289340101523,39.999086294416244,67.64585448392555,464.9543654822335,8.789306260575295
std,156.57127502517864,34.66512683833796,3.194608297674604,12.37166440876877,1.2221051585971965,19.03576398125822,39.212178723493494,214.81217389253266,5.455340225461379
min,1.0,2.12,22.99,37.0,0.0,0.51,2.78,18.08,0.0
25%,150.5,78.66499999999999,27.99,66.0,1.54,25.315,44.845,293.17,4.17
50%,290.0,102.28,28.99,78.0,2.06,36.06,62.66,436.38,8.07
75%,420.5,140.77999999999997,31.99,84.0,3.09,51.83,82.2,619.41,12.315000000000001
max,538.0,187.49,38.99,100.0,8.23,126.18,663.85,1179.69,26.91
