,id,aqi,temperature,humidity,wind_speed,pm2_5,pm10,co,no2
count,409.0,409.0,409.0,409.0,409.0,409.0,409.0,409.0,409.0
mean,201.8997555012225,109.12907090464547,30.18833740831296,75.43031784841075,2.3639853300733495,40.675843520782394,73.17841075794621,441.7702444987775,9.079144254278729
std,113.47806743664505,34.49608309133763,2.9181189673221404,11.205769703756486,1.207040827233195,19.006221629311625,43.59216842178441,200.11228510866258,5.549846447374361
min,1.0,2.12,22.99,46.0,0.0,0.51,2.78,18.08,0.0
25%,103.0,83.18,27.99,66.0,1.54,27.5,48.39,276.81,4.23
50%,206.0,104.52,29.99,78.0,2.06,36.96,67.37,402.66,8.41
75%,300.0,142.34,31.99,83.0,3.09,52.43,90.68,601.02,12.73
max,390.0,187.49,38.99,100.0,8.23,126.18,663.85,1168.94,26.91
