,id,aqi,temperature,humidity,wind_speed,pm2_5,pm10,co,no2
count,324.0,324.0,324.0,324.0,324.0,324.0,324.0,324.0,324.0
mean,162.02777777777777,104.69873456790123,30.332962962962966,75.30864197530865,2.4028395061728394,38.39817901234568,76.54916666666666,410.0966666666667,8.750771604938272
std,92.05128382857659,33.766071792201075,2.931767794539806,11.22016315870469,1.1540200132061187,18.038525560967443,46.94289085123101,198.20959705968696,5.563250577488118
min,1.0,2.12,22.99,46.0,0.0,0.51,2.78,18.08,0.0
25%,81.75,78.5575,27.99,66.0,2.06,25.267500000000002,52.0375,246.8075,3.6750000000000003
50%,164.5,101.37,29.99,78.0,2.06,35.745,70.91,365.225,8.015
75%,243.25,129.5925,32.99,83.0,3.09,47.277499999999996,94.405,560.5649999999999,12.579999999999998
max,316.0,183.63,38.99,100.0,8.23,118.7,663.85,1168.94,26.91
