,id,aqi,temperature,humidity,wind_speed,pm2_5,pm10,co,no2
count,1376.0,1376.0,1376.0,1376.0,1376.0,1376.0,1376.0,1376.0,1376.0
mean,601.6671511627907,167.8139171511628,25.218190406976746,66.95421511627907,1.7521511627906976,101.69768168604652,-14533429333.935356,734.231715116279,10.62811046511628
std,325.4139065645838,88.34548407200843,6.999337838505654,17.865153802911728,1.2575786930181316,94.79666919313368,381069635210.02563,472.33340634040377,6.192482356547512
min,1.0,2.12,6.99,20.0,0.0,0.51,-9998999486464.0,18.08,0.0
25%,334.75,102.225,20.99,55.0,1.03,36.015,66.255,385.62,5.6775
50%,613.0,156.415,26.99,70.0,2.06,66.055,107.22999999999999,615.1500000000001,10.4
75%,868.25,189.22,29.99,82.0,2.06,129.52,209.85500000000002,928.9,14.99
max,1185.0,493.9,38.99,100.0,8.84,491.16,663.85,2794.89,28.32
