,id,aqi,temperature,humidity,wind_speed,pm2_5,pm10,co,no2
count,893.0,893.0,893.0,893.0,893.0,893.0,893.0,893.0,893.0
mean,407.9081746920493,120.61416573348265,29.275543113101904,69.21500559910415,2.0523180291153413,49.491612541993284,-22394175699.417553,493.62167973124303,8.598488241881297
std,218.88881750472132,38.09817443961973,3.73388508485395,16.367374270140203,1.2461040189720733,25.616809115895002,472935853450.9679,219.2633974269559,5.117709016931348
min,1.0,2.12,18.99,27.0,0.0,0.51,-9998999486464.0,18.08,0.0
25%,224.0,88.56,26.99,58.0,1.03,30.07,53.86,315.97,4.44
50%,424.0,116.66,28.99,70.0,2.06,42.09,77.63,480.05,8.13
75%,597.0,156.45,31.99,83.0,2.57,66.28,106.61,639.9,11.95
max,759.0,193.47,38.99,100.0,8.84,137.75,663.85,1222.38,26.91
