,id,aqi,temperature,humidity,wind_speed,pm2_5,pm10,co,no2
count,828.0,828.0,828.0,828.0,828.0,828.0,828.0,828.0,828.0
mean,381.93840579710144,116.79787439613527,29.56245169082126,70.21256038647343,2.1220048309178745,46.248562801932366,-24152172594.494858,473.2471497584541,8.46048309178744
std,205.88900009757623,36.822389446111245,3.556530366858139,15.95552272435703,1.244007678905621,22.98083561996165,491126812295.01654,204.557679918481,5.139092346046039
min,1.0,2.12,19.99,27.0,0.0,0.51,-9998999486464.0,18.08,0.0
25%,207.75,86.545,26.99,59.0,1.03,29.1025,52.1075,310.6975,4.2475000000000005
50%,394.5,111.795,28.99,74.0,2.06,39.894999999999996,74.195,462.0,7.945
75%,560.25,154.385,31.99,83.0,3.09,62.1075,99.61,623.9125,11.8825
max,717.0,187.49,38.99,100.0,8.84,126.18,663.85,1179.69,26.91
