,id,aqi,temperature,humidity,wind_speed,pm2_5,pm10,co,no2
count,1295.0,1295.0,1295.0,1295.0,1295.0,1295.0,1295.0,1295.0,1295.0
mean,567.4996138996139,159.85389189189186,25.89192277992278,66.3891891891892,1.7854208494208494,92.91371428571428,-15442470107.647156,691.2298532818533,10.340525096525097
std,304.3756979366803,81.86209090409783,6.593546720521642,17.62791292969959,1.2683499319790907,87.23832547516713,392797562377.04456,442.4635590788575,6.072247905314545
min,1.0,2.12,7.99,20.0,0.0,0.51,-9998999486464.0,18.08,0.0
25%,316.5,99.31,21.99,54.0,1.03,35.24,64.14,374.71000000000004,5.455
50%,578.0,154.73,27.18,70.0,2.06,62.74,101.3,595.29,9.99
75%,822.5,180.06,30.814999999999998,79.0,2.06,111.785,185.625,849.855,14.475000000000001
max,1108.0,493.9,38.99,100.0,8.84,491.16,663.85,2794.89,28.32
