,id,aqi,temperature,humidity,wind_speed,pm2_5,pm10,co,no2
count,1460.0,1460.0,1460.0,1460.0,1460.0,1460.0,1460.0,1460.0,1460.0
mean,637.6739726027397,175.47858219178082,24.41602739726028,67.82191780821918,1.7283904109589039,110.1825,-13697259409.807213,797.1253561643836,11.115246575342466
std,347.9707695835245,92.73169051266099,7.555906075850609,17.915453306850765,1.2422242641007295,99.91695659633017,369952726250.5186,539.8332134953131,6.614134708167662
min,1.0,2.12,6.99,20.0,0.0,0.51,-9998999486464.0,18.08,0.0
25%,352.75,105.26,18.99,55.0,1.03,37.28,68.685,401.69,5.8575
50%,643.0,158.57,26.99,71.0,2.06,70.33500000000001,112.19,635.315,10.82
75%,912.25,199.36,29.99,82.0,2.06,149.155,233.34750000000003,1044.9050000000002,15.47
max,1269.0,493.9,38.99,100.0,8.84,491.16,663.85,2839.26,33.91
