,id,aqi,temperature,humidity,wind_speed,pm2_5,pm10,co,no2
count,490.0,490.0,490.0,490.0,490.0,490.0,490.0,490.0,490.0
mean,238.88571428571427,111.03277551020408,29.561673469387756,77.34693877551021,2.37134693877551,41.815448979591835,69.63593877551021,489.0251428571429,9.522755102040815
std,133.16087722339427,34.632149939885394,3.1872325270527853,11.644620163354412,1.2227277753942907,19.468679348247438,41.65278766520367,220.94359542467396,5.528906410432498
min,1.0,2.12,22.99,46.0,0.0,0.51,2.78,18.08,0.0
25%,126.25,84.1525,26.99,70.0,1.54,27.8875,44.5325,309.25,5.2325
50%,245.5,107.32,28.99,79.0,2.06,38.17,64.715,481.7,9.1
75%,354.75,145.54749999999999,31.99,84.0,3.09,53.712500000000006,86.61250000000001,642.3625,13.3975
max,458.0,187.49,38.99,100.0,8.23,126.18,663.85,1179.69,26.91
