,id,aqi,temperature,humidity,wind_speed,pm2_5,pm10,co,no2
count,682.0,682.0,682.0,682.0,682.0,682.0,682.0,682.0,682.0
mean,322.04545454545456,108.43045454545455,29.95328445747801,73.32697947214076,2.235014662756598,40.27102639296188,-14661289498.632217,455.7485043988269,8.596950146627567
std,175.75535990644215,33.4485930852394,3.2801845429119343,14.20058133997045,1.2065650385076048,18.47893515509654,382881478893.1,207.77321995791613,5.356900644713768
min,1.0,2.12,22.99,31.0,0.0,0.51,-9998999486464.0,18.08,0.0
25%,173.25,83.1425,27.99,65.0,1.54,27.424999999999997,47.3725,292.605,4.0525
50%,331.5,103.22999999999999,29.174999999999997,75.0,2.06,36.425,67.35,429.485,8.015
75%,477.75,139.5975,31.99,83.0,3.09,51.325,87.4075,603.2625,12.125
max,608.0,187.49,38.99,100.0,8.23,126.18,663.85,1179.69,26.91
