,id,aqi,temperature,humidity,wind_speed,pm2_5,pm10,co,no2
count,685.0,685.0,685.0,685.0,685.0,685.0,685.0,685.0,685.0
mean,323.3065693430657,108.69651094890511,29.96121167883212,73.23211678832116,2.2323211678832116,40.49191240875912,-29194159013.520905,456.09556204379555,8.600087591240877
std,176.39883546295613,33.61600195833118,3.2776502366097002,14.250992241573268,1.2049187746174157,18.739032706517758,539894072212.8972,207.4688104013229,5.349278192924632
min,1.0,2.12,22.99,31.0,0.0,0.51,-9998999486464.0,18.08,0.0
25%,174.0,83.18,27.99,65.0,1.54,27.5,47.36,293.52,4.06
50%,333.0,103.31,29.7,75.0,2.06,36.45,67.37,429.65,8.03
75%,479.0,140.05,31.99,83.0,3.09,51.57,87.7,603.51,12.13
max,611.0,187.49,38.99,100.0,8.23,126.18,663.85,1179.69,26.91
