,id,aqi,temperature,humidity,wind_speed,pm2_5,pm10,co,no2
count,452.0,452.0,452.0,452.0,452.0,452.0,452.0,452.0,452.0
mean,221.63938053097345,109.9737610619469,29.941592920353983,76.31858407079646,2.3520575221238937,41.34727876106195,71.1629424778761,469.28617256637165,9.379203539823008
std,124.00109271947677,35.00939014378713,2.9982702526584193,11.412651389485596,1.1853190898653274,19.699942066212838,42.723352234277634,216.11254030353976,5.593344023808945
min,1.0,2.12,22.99,46.0,0.0,0.51,2.78,18.08,0.0
25%,115.5,83.1675,27.99,70.0,1.54,27.475,45.405,294.58,4.8325
50%,226.5,105.25999999999999,28.99,79.0,2.06,37.36,65.97,446.29,8.88
75%,330.0,145.14249999999998,31.99,84.0,3.09,53.5175,88.655,620.3475000000001,13.285
max,429.0,187.49,38.99,100.0,8.23,126.18,663.85,1179.69,26.91
