,id,aqi,temperature,humidity,wind_speed,pm2_5,pm10,co,no2
count,875.0,875.0,875.0,875.0,875.0,875.0,875.0,875.0,875.0
mean,400.8102857142857,119.4181142857143,29.359131428571434,69.39314285714286,2.0745257142857145,48.26217142857142,-22854855888.567333,487.04104,8.56214857142857
std,215.3986738150177,37.519241165738244,3.6936084537319642,16.37275877223092,1.2437742802254659,24.183455671831688,477770051443.99176,213.74402288042904,5.1329956728448165
min,1.0,2.12,18.99,27.0,0.0,0.51,-9998999486464.0,18.08,0.0
25%,219.5,87.88,26.99,58.0,1.03,29.705,53.629999999999995,313.485,4.369999999999999
50%,416.0,114.25,28.99,73.0,2.06,40.91,76.86,476.78,8.07
75%,586.0,155.805,31.99,83.0,2.57,64.875,104.38,634.56,11.95
max,748.0,187.49,38.99,100.0,8.84,126.18,663.85,1179.69,26.91
