,id,aqi,temperature,humidity,wind_speed,pm2_5,pm10,co,no2
count,804.0,804.0,804.0,804.0,804.0,804.0,804.0,804.0,804.0
mean,372.18283582089555,115.39053482587063,29.647947761194036,70.63059701492537,2.1558830845771144,45.11833333333333,-24873132973.884624,469.41577114427855,8.490460199004975
std,200.92061505254708,36.345997798967105,3.516716123906921,15.713946947196895,1.2355049854728257,22.057862856171088,498394144234.09564,204.24678163619757,5.180419395952955
min,1.0,2.12,19.99,27.0,0.0,0.51,-9998999486464.0,18.08,0.0
25%,203.75,85.8675,26.99,61.0,1.03,28.735,51.165,307.70000000000005,4.175
50%,384.5,110.185,28.99,74.0,2.06,39.24,73.595,454.095,7.955
75%,547.25,153.76749999999998,31.99,83.0,3.09,61.1275,96.73249999999999,619.0225,11.942499999999999
max,700.0,187.49,38.99,100.0,8.84,126.18,663.85,1179.69,26.91
