,id,aqi,temperature,humidity,wind_speed,pm2_5,pm10,co,no2
count,822.0,822.0,822.0,822.0,822.0,822.0,822.0,822.0,822.0
mean,379.50851581508516,116.44220194647201,29.576362530413626,70.35401459854015,2.131228710462287,45.975705596107055,-24328465825.945404,472.2352068126521,8.467262773722627
std,204.6564616235569,36.7116041572469,3.54977871090949,15.848167445820769,1.2413153896051905,22.793180085129045,492913806356.0738,204.30482715640633,5.148219935408593
min,1.0,2.12,19.99,27.0,0.0,0.51,-9998999486464.0,18.08,0.0
25%,206.25,86.3425,26.99,59.0,1.03,28.9675,52.0625,309.89250000000004,4.2425
50%,391.5,111.71000000000001,28.99,74.0,2.06,39.88,74.03,459.71,7.945
75%,557.0,154.335,31.99,83.0,3.09,61.9775,98.705,621.61,11.887500000000001
max,712.0,187.49,38.99,100.0,8.84,126.18,663.85,1179.69,26.91
