,id,aqi,temperature,humidity,wind_speed,pm2_5,pm10,co,no2
count,713.0,713.0,713.0,713.0,713.0,713.0,713.0,713.0,713.0
mean,334.9957924263675,110.85185133239831,29.996830294530163,72.64936886395512,2.2097335203366057,42.038092566619916,-28047684321.699432,460.30194950911647,8.536058906030856
std,182.3228052640429,34.65894227632779,3.275327292262639,14.49100564782781,1.196694328777948,20.070037558324177,529202128791.731,205.51876726064341,5.2908848935881565
min,1.0,2.12,22.99,31.0,0.0,0.51,-9998999486464.0,18.08,0.0
25%,181.0,84.14,27.99,62.0,1.54,27.86,48.77,298.96,4.06
50%,344.0,105.75,29.99,74.0,2.06,37.44,69.74,438.01,7.94
75%,497.0,146.33,31.99,83.0,3.09,54.01,90.39,607.18,12.01
max,630.0,187.49,38.99,100.0,8.23,126.18,663.85,1179.69,26.91
