,id,aqi,temperature,humidity,wind_speed,pm2_5,pm10,co,no2
count,1377.0,1377.0,1377.0,1377.0,1377.0,1377.0,1377.0,1377.0,1377.0
mean,602.0915032679738,167.9447204066812,25.210036310820627,66.96514161220044,1.7516267247639794,101.84013798111837,-14522874918.750727,734.9323965141612,10.638155410312272
std,325.67655036596716,88.44666269781918,7.003333648588221,17.86326307623157,1.2572722631569793,94.90954760764855,380931341309.8438,472.87710368924166,6.201444183987239
min,1.0,2.12,6.99,20.0,0.0,0.51,-9998999486464.0,18.08,0.0
25%,335.0,102.23,20.99,55.0,1.03,36.02,66.26,386.01,5.68
50%,613.0,156.45,26.99,70.0,2.06,66.06,107.25,615.2,10.41
75%,869.0,189.4,29.99,82.0,2.06,129.88,210.65,928.96,14.99
max,1186.0,493.9,38.99,100.0,8.84,491.16,663.85,2794.89,28.32
