,id,aqi,temperature,humidity,wind_speed,pm2_5,pm10,co,no2
count,1090.0,1090.0,1090.0,1090.0,1090.0,1090.0,1090.0,1090.0,1090.0
mean,485.4256880733945,134.22167889908258,27.74503669724771,66.99266055045871,1.8996422018348624,64.0890275229358,-18346787942.38733,557.9363119266055,9.318394495412843
std,258.5796381682784,49.21259205465547,5.12000665824472,17.321778869908297,1.2695784136661028,45.880542886743896,428113381496.3767,274.8932918853709,5.441163288693079
min,1.0,2.12,11.99,20.0,0.0,0.51,-9998999486464.0,18.08,0.0
25%,269.25,94.1575,24.99,55.0,1.03,32.699999999999996,59.385,340.955,4.9425
50%,506.5,143.675,27.99,70.0,2.06,52.91,87.095,539.48,8.98
75%,709.75,164.2175,30.99,81.25,2.06,81.095,130.0925,704.6225,13.057500000000001
max,909.0,363.54,38.99,100.0,8.84,313.61,663.85,1714.68,26.91
