,id,aqi,temperature,humidity,wind_speed,pm2_5,pm10,co,no2
count,1475.0,1475.0,1475.0,1475.0,1475.0,1475.0,1475.0,1475.0,1475.0
mean,644.1783050847457,177.4784338983051,24.255084745762712,67.94508474576271,1.7272067796610167,112.416793220339,-13557965242.505949,811.2598101694915,11.206332203389831
std,352.0970190031205,94.58833738139639,7.686935623761791,17.894697103887957,1.2372337760130867,102.12301485021703,368068088216.9612,558.8163361583969,6.714793024187716
min,1.0,2.12,3.99,20.0,0.0,0.51,-9998999486464.0,18.08,0.0
25%,356.5,105.86500000000001,18.49,55.0,1.03,37.515,69.61,402.46000000000004,5.875
50%,648.0,159.19,26.82,71.0,2.06,71.52,113.31,639.13,10.85
75%,922.5,205.4,29.99,82.0,2.06,154.94,236.91500000000002,1062.38,15.545
max,1288.0,493.9,38.99,100.0,8.84,491.16,663.85,3066.3,33.91
