,id,aqi,temperature,humidity,wind_speed,pm2_5,pm10,co,no2
count,1483.0,1483.0,1483.0,1483.0,1483.0,1483.0,1483.0,1483.0,1483.0
mean,647.6756574511126,178.67517194875253,24.16060013486177,68.03438975050574,1.7265610249494268,113.77588671611599,-13484827194.50083,817.4026230613622,11.237612946729604
std,354.34421475621275,95.88500973733441,7.776814296211513,17.914387159188216,1.2348549339823667,103.69595091601128,367074652087.0096,564.7036068077044,6.724508116794991
min,1.0,2.12,2.99,20.0,0.0,0.51,-9998999486464.0,18.08,0.0
25%,358.0,106.08500000000001,17.99,55.0,1.03,37.635,69.70500000000001,404.0,5.9
50%,650.0,159.32,26.22,71.0,2.06,71.72,114.1,642.01,10.9
75%,927.5,208.89499999999998,29.99,82.0,2.06,158.46499999999997,239.08499999999998,1069.355,15.65
max,1296.0,493.9,38.99,100.0,8.84,491.16,663.85,3066.3,33.91
