,id,aqi,temperature,humidity,wind_speed,pm2_5,pm10,co,no2
count,554.0,554.0,554.0,554.0,554.0,554.0,554.0,554.0,554.0
mean,267.45126353790613,109.38413357400722,29.53895306859206,76.92057761732852,2.347382671480144,40.87169675090252,67.48855595667871,476.2662274368231,9.006425992779782
std,148.21225911057758,34.981296088210605,3.1349030264324345,11.769063671419289,1.2418027093826545,19.281985530871975,40.21147552071325,215.61971151767284,5.4795897015567085
min,1.0,2.12,22.99,46.0,0.0,0.51,2.78,18.08,0.0
25%,142.25,81.32249999999999,26.99,70.0,1.54,26.555,44.15,299.72,4.39
50%,272.5,105.25999999999999,28.99,79.0,2.06,37.36,62.489999999999995,462.605,8.219999999999999
75%,395.75,144.29,31.99,84.0,3.09,53.1275,82.815,624.6099999999999,12.532499999999999
max,513.0,187.49,38.99,100.0,8.23,126.18,663.85,1179.69,26.91
