,id,aqi,temperature,humidity,wind_speed,pm2_5,pm10,co,no2
count,429.0,429.0,429.0,429.0,429.0,429.0,429.0,429.0,429.0
mean,211.08158508158508,108.71062937062938,29.98794871794872,76.05827505827506,2.365361305361305,40.50270396270396,71.61037296037296,451.0815617715617,9.222913752913753
std,118.34189484703344,34.31879642636625,3.030367330249341,11.427089383739819,1.201018521219515,19.00558378744019,43.350467371827754,202.5392133651964,5.5644340085944055
min,1.0,2.12,22.99,46.0,0.0,0.51,2.78,18.08,0.0
25%,108.0,83.13,27.99,66.0,1.54,27.4,45.69,284.59,4.39
50%,215.0,103.34,29.99,79.0,2.06,36.79,66.14,429.32,8.62
75%,314.0,140.89,31.99,84.0,3.09,51.96,89.49,606.36,12.8
max,407.0,187.49,38.99,100.0,8.23,126.18,663.85,1168.94,26.91
