,id,aqi,temperature,humidity,wind_speed,pm2_5,pm10,co,no2
count,1229.0,1229.0,1229.0,1229.0,1229.0,1229.0,1229.0,1229.0,1229.0
mean,540.3612693246542,147.78043124491455,26.424491456468676,66.27827502034174,1.8259886086248986,79.49969080553296,-16271764702.012205,638.3921562245729,10.025191212367778
std,288.334851591055,63.58243066787179,6.262180925259528,17.585316228579902,1.271979312412602,65.25208228785549,403198307519.69476,378.4344707389563,5.912488155504254
min,1.0,2.12,7.99,20.0,0.0,0.51,-9998999486464.0,18.08,0.0
25%,301.0,97.67,22.99,54.0,1.03,34.37,62.41,364.41,5.3
50%,557.0,152.94,27.99,70.0,2.06,59.28,95.5,574.39,9.61
75%,781.0,173.1,30.99,79.0,2.06,98.31,160.6,792.28,13.92
max,1037.0,402.62,38.99,100.0,8.84,352.96,663.85,2380.16,28.32
