,id,aqi,temperature,humidity,wind_speed,pm2_5,pm10,co,no2
count,756.0,756.0,756.0,756.0,756.0,756.0,756.0,756.0,756.0
mean,352.64550264550263,112.42298941798941,29.825859788359793,71.87962962962963,2.225357142857143,43.069021164021166,-26452379520.596085,462.1582936507937,8.432857142857143
std,191.11367233817012,35.40101871254527,3.416003811655048,14.822304934498325,1.218137435873879,20.81322408443621,513952334744.0568,204.59606589893886,5.229412947257301
min,1.0,2.12,19.99,31.0,0.0,0.51,-9998999486464.0,18.08,0.0
25%,191.75,84.36500000000001,27.99,62.0,1.54,28.0,49.055,299.3625,4.06
50%,364.5,107.66,28.99,74.0,2.06,38.254999999999995,70.95500000000001,438.615,7.84
75%,522.25,151.315,31.99,83.0,3.09,56.4325,92.4175,610.03,11.942499999999999
max,660.0,187.49,38.99,100.0,8.84,126.18,663.85,1179.69,26.91
