,id,aqi,temperature,humidity,wind_speed,pm2_5,pm10,co,no2
count,1330.0,1330.0,1330.0,1330.0,1330.0,1330.0,1330.0,1330.0,1330.0
mean,582.1947368421053,165.1526917293233,25.588488721804513,66.87368421052632,1.7775338345864662,98.70251127819549,-15036089305.184258,714.2048120300752,10.422082706766918
std,313.37416912448356,87.85561736426241,6.779972746678015,17.81310841522662,1.258137249501611,94.04057094150382,387598663150.1298,462.82245112999834,6.081616313396682
min,1.0,2.12,7.99,20.0,0.0,0.51,-9998999486464.0,18.08,0.0
25%,325.25,101.57,20.99,55.0,1.03,35.7325,65.3275,379.0625,5.5425
50%,593.5,155.32999999999998,26.99,70.0,2.06,64.095,103.55000000000001,604.05,10.129999999999999
75%,842.75,184.27249999999998,29.99,82.0,2.06,119.94500000000001,198.4475,884.7625,14.5975
max,1142.0,493.9,38.99,100.0,8.84,491.16,663.85,2794.89,28.32
