,id,aqi,temperature,humidity,wind_speed,pm2_5,pm10,co,no2
count,518.0,518.0,518.0,518.0,518.0,518.0,518.0,518.0,518.0
mean,251.42857142857142,110.58776061776062,29.53463320463321,77.23359073359073,2.3564671814671816,41.53777992277992,68.2053667953668,485.12173745173743,9.277548262548263
std,139.75837713353616,35.148140896996516,3.1450946978171714,11.558173066906212,1.2242550610201426,19.49658152582785,41.21894610196728,216.90450329886528,5.504685077926255
min,1.0,2.12,22.99,46.0,0.0,0.51,2.78,18.08,0.0
25%,133.25,83.41,26.99,70.0,1.54,27.5525,44.1825,311.9725,4.8149999999999995
50%,258.5,107.32,28.99,79.0,2.06,38.17,62.845,476.115,8.79
75%,372.75,145.22750000000002,31.99,84.0,3.09,53.5925,84.83,633.0,12.8675
max,481.0,187.49,38.99,100.0,8.23,126.18,663.85,1179.69,26.91
