,id,aqi,temperature,humidity,wind_speed,pm2_5,pm10,co,no2
count,1346.0,1346.0,1346.0,1346.0,1346.0,1346.0,1346.0,1346.0,1346.0
mean,588.9502228826152,165.3638707280832,25.469190193164938,66.80014858841011,1.7713224368499256,98.89158246656761,-14857354214.736746,719.8725928677563,10.487043090638931
std,317.54018059708693,87.38097884488982,6.841586731830039,17.853331407809783,1.2545831061777544,93.5706022095919,385289794964.1768,464.3488395794415,6.120794675396722
min,1.0,2.12,7.99,20.0,0.0,0.51,-9998999486464.0,18.08,0.0
25%,329.0,101.695,20.99,55.0,1.03,35.8075,65.57,383.24,5.595
50%,598.5,155.635,26.99,70.0,2.06,64.53,104.755,607.18,10.21
75%,849.75,184.9425,29.99,82.0,2.06,121.2375,198.57750000000001,899.0374999999999,14.77
max,1158.0,493.9,38.99,100.0,8.84,491.16,663.85,2794.89,28.32
