,id,aqi,temperature,humidity,wind_speed,pm2_5,pm10,co,no2
count,951.0,951.0,951.0,951.0,951.0,951.0,951.0,951.0,951.0
mean,430.73501577287067,124.03207150368034,28.945825446898006,68.75394321766562,2.017560462670873,52.72331230283911,-21028389999.29449,506.8198738170347,8.690956887486855
std,230.278365242853,39.61974900448058,3.967781791408896,16.464584726744274,1.2517697536197538,29.170785606696263,458302882773.717,228.21280095049065,5.1020687887863465
min,1.0,2.12,16.99,27.0,0.0,0.51,-9998999486464.0,18.08,0.0
25%,238.5,89.94999999999999,26.99,58.0,1.03,30.675,55.43,322.36,4.59
50%,447.0,122.45,28.99,70.0,2.06,44.28,79.96,493.64,8.28
75%,630.5,158.55,31.99,83.0,2.57,70.16499999999999,112.315,652.09,12.035
max,805.0,232.49,38.99,100.0,8.84,182.28,663.85,1324.55,26.91
