,id,aqi,temperature,humidity,wind_speed,pm2_5,pm10,co,no2
count,677.0,677.0,677.0,677.0,677.0,677.0,677.0,677.0,677.0
mean,319.9556868537666,108.00559822747414,29.941270310192024,73.44756277695717,2.2406499261447563,39.94462333825702,70.6432200886263,454.95097488921715,8.601964549483014
std,174.70496969407344,33.19708360066919,3.276508665456645,14.12535743269715,1.207023647592245,18.11127460435368,37.912505110552935,208.0132906326358,5.361382666198708
min,1.0,2.12,22.99,31.0,0.0,0.51,2.78,18.08,0.0
25%,172.0,82.9,27.99,65.0,1.54,27.38,47.36,291.95,4.05
50%,330.0,102.92,28.99,75.0,2.06,36.3,67.16,428.78,8.0
75%,474.0,138.28,31.99,83.0,3.09,50.96,87.06,602.5,12.11
max,601.0,187.49,38.99,100.0,8.23,126.18,663.85,1179.69,26.91
