,id,aqi,temperature,humidity,wind_speed,pm2_5,pm10,co,no2
count,381.0,381.0,381.0,381.0,381.0,381.0,381.0,381.0,381.0
mean,188.90551181102362,107.66968503937008,30.247532808398955,75.2755905511811,2.3904461942257216,39.97422572178478,73.9180839895013,428.41779527559055,8.829632545931759
std,106.53584272595522,34.23171339570665,2.8883207108155506,11.22380728537687,1.1991565282873469,18.836799684644998,44.541767308936606,195.56448292966556,5.387877315778946
min,1.0,2.12,22.99,46.0,0.0,0.51,2.78,18.08,0.0
25%,96.0,81.81,27.99,66.0,1.54,27.27,49.04,268.68,4.03
50%,193.0,102.65,29.99,78.0,2.06,36.28,67.46,388.54,8.2
75%,281.0,139.14,31.99,83.0,3.09,51.04,91.89,591.58,12.36
max,366.0,187.49,38.99,100.0,8.23,126.18,663.85,1168.94,26.91
