,id,aqi,temperature,humidity,wind_speed,pm2_5,pm10,co,no2
count,1196.0,1196.0,1196.0,1196.0,1196.0,1196.0,1196.0,1196.0,1196.0
mean,527.0986622073578,142.64647157190635,26.7115635451505,66.5309364548495,1.8367725752508364,73.86089464882943,-16720734809.251709,609.2624498327759,9.826571906354514
std,280.8452221298911,55.82600435221101,6.053473111897064,17.494717800567166,1.2780993152066755,55.987991440654184,408718376740.9004,332.1762860986536,5.766324525313054
min,1.0,2.12,7.99,20.0,0.0,0.51,-9998999486464.0,18.08,0.0
25%,293.75,97.1525,23.7675,55.0,1.03,34.085,61.9525,360.735,5.2475000000000005
50%,544.0,152.135,27.99,70.0,2.06,57.84,93.805,567.22,9.46
75%,762.25,170.4775,30.99,79.0,2.06,93.2225,151.57999999999998,766.7225,13.6525
max,1005.0,374.87,38.99,100.0,8.84,325.04,663.85,2285.75,28.32
