,id,aqi,temperature,humidity,wind_speed,pm2_5,pm10,co,no2
count,489.0,489.0,489.0,489.0,489.0,489.0,489.0,489.0,489.0
mean,238.43762781186095,110.93560327198362,29.566932515337427,77.33537832310839,2.3698773006134966,41.75754601226994,69.61989775051126,488.36378323108386,9.52683026584867
std,132.92693626396846,34.60068335482658,3.188367560743853,11.65372996250365,1.2235466392241177,19.446335375575895,41.693927770112516,220.68380500897612,5.533831674885617
min,1.0,2.12,22.99,46.0,0.0,0.51,2.78,18.08,0.0
25%,126.0,84.14,26.99,70.0,1.54,27.88,44.52,309.17,5.22
50%,245.0,107.11,28.99,79.0,2.06,38.15,64.7,480.33,9.11
75%,354.0,145.27,31.99,84.0,3.09,53.63,86.65,640.87,13.43
max,457.0,187.49,38.99,100.0,8.23,126.18,663.85,1179.69,26.91
