,id,aqi,temperature,humidity,wind_speed,pm2_5,pm10,co,no2
count,1360.0,1360.0,1360.0,1360.0,1360.0,1360.0,1360.0,1360.0,1360.0
mean,594.8830882352942,166.28097794117647,25.3598455882353,66.81617647058823,1.7614191176470586,99.97250000000001,-14704410859.456621,726.358,10.573492647058824
std,321.21610166196376,87.4882806363904,6.90132676815365,17.83387579620267,1.2544816967665968,93.77995484279361,383303024687.5458,466.98720984257835,6.172904542077182
min,1.0,2.12,7.99,20.0,0.0,0.51,-9998999486464.0,18.08,0.0
25%,330.75,101.975,20.99,55.0,1.03,35.93,65.9575,383.9425,5.6575
50%,606.0,156.06,26.99,70.0,2.06,65.44,106.34,609.365,10.31
75%,860.25,186.7975,29.99,82.0,2.06,124.8325,204.39000000000001,907.5775,14.942499999999999
max,1170.0,493.9,38.99,100.0,8.84,491.16,663.85,2794.89,28.32
