,id,aqi,temperature,humidity,wind_speed,pm2_5,pm10,co,no2
count,834.0,834.0,834.0,834.0,834.0,834.0,834.0,834.0,834.0
mean,384.36690647482015,117.17660671462829,29.534352517985614,70.1199040767386,2.1166187050359713,46.57207434052758,-23978415956.259186,475.9197362110312,8.463345323741008
std,207.12267570949268,36.96195720343454,3.579462040563022,15.996623653074751,1.2428442309520555,23.231402860895493,489359113827.8058,207.02389227004358,5.125697934094512
min,1.0,2.12,19.99,27.0,0.0,0.51,-9998999486464.0,18.08,0.0
25%,209.25,86.8175,26.99,59.0,1.03,29.1625,52.2425,311.4075,4.2524999999999995
50%,397.5,111.97999999999999,28.99,74.0,2.06,40.004999999999995,74.395,465.46000000000004,7.965
75%,563.75,154.54,31.99,83.0,3.09,62.42,100.36500000000001,625.7425000000001,11.87
max,721.0,187.49,38.99,100.0,8.84,126.18,663.85,1179.69,26.91
