,id,aqi,temperature,humidity,wind_speed,pm2_5,pm10,co,no2
count,1320.0,1320.0,1320.0,1320.0,1320.0,1320.0,1320.0,1320.0,1320.0
mean,577.9825757575758,164.2120303030303,25.663477272727274,66.78560606060606,1.7789090909090908,97.68575,-15149999074.6886,707.3613636363636,10.401537878787877
std,310.7834222680901,87.07764099092803,6.744676891293166,17.769399942322146,1.2595433511565572,93.1594905270101,389062959172.2478,455.7572298478255,6.082391479447375
min,1.0,2.12,7.99,20.0,0.0,0.51,-9998999486464.0,18.08,0.0
25%,322.75,101.355,21.99,55.0,1.03,35.69,64.91749999999999,378.345,5.54
50%,588.5,155.09,26.99,70.0,2.06,63.47,102.625,601.965,10.05
75%,836.25,183.42,29.99,82.0,2.06,118.28750000000001,195.5475,880.8975,14.5425
max,1133.0,493.9,38.99,100.0,8.84,491.16,663.85,2794.89,28.32
