,id,aqi,temperature,humidity,wind_speed,pm2_5,pm10,co,no2
count,640.0,640.0,640.0,640.0,640.0,640.0,640.0,640.0,640.0
mean,304.5,107.646671875,29.85425,74.6703125,2.265265625,39.83503125,69.233703125,457.72935937500006,8.664078125
std,167.05373832003272,33.58709532654357,3.2338646869916383,13.15547072201677,1.2094502397306741,18.387046879713132,38.28576334206764,210.50679725117507,5.4006342663635305
min,1.0,2.12,22.99,34.0,0.0,0.51,2.78,18.08,0.0
25%,162.75,81.2075,27.99,66.0,1.54,26.54,46.33,292.2125,4.06
50%,312.5,102.41499999999999,28.99,78.0,2.06,36.13,65.465,428.515,8.015
75%,451.0,138.4775,31.99,83.0,3.09,50.9675,85.71000000000001,607.265,12.13
max,572.0,187.49,38.99,100.0,8.23,126.18,663.85,1179.69,26.91
