,id,aqi,temperature,humidity,wind_speed,pm2_5,pm10,co,no2
count,901.0,901.0,901.0,901.0,901.0,901.0,901.0,901.0,901.0
mean,411.0577136514983,121.29118756936737,29.230832408435077,69.17758046614873,2.039811320754717,50.24741398446171,-22195337289.806103,497.44221975582684,8.611453940066593
std,220.44267332118122,38.669696611591824,3.760721750422928,16.360167994431414,1.249407889950955,26.942819927365186,470833916377.16095,223.58870383352578,5.110549763353201
min,1.0,2.12,18.99,27.0,0.0,0.51,-9998999486464.0,18.08,0.0
25%,226.0,88.96,26.99,58.0,1.03,30.19,54.26,316.44,4.48
50%,428.0,117.67,28.99,70.0,2.06,42.39,78.22,484.82,8.15
75%,600.0,156.71,31.99,83.0,2.57,66.58,107.49,642.92,11.95
max,766.0,232.49,38.99,100.0,8.84,182.28,663.85,1324.55,26.91
