,id,aqi,temperature,humidity,wind_speed,pm2_5,pm10,co,no2
count,1222.0,1222.0,1222.0,1222.0,1222.0,1222.0,1222.0,1222.0,1222.0
mean,537.5335515548281,146.8198199672668,26.489991816693944,66.31178396072013,1.8288625204582651,78.43499181669394,-16364974485.84198,632.3990589198036,9.95714402618658
std,286.72037207782097,62.42774488558026,6.212812940647546,17.588205468144057,1.2725176470615553,63.84784020924813,404350537102.5777,370.65052516213024,5.849982978243811
min,1.0,2.12,7.99,20.0,0.0,0.51,-9998999486464.0,18.08,0.0
25%,299.25,97.625,22.99,54.0,1.03,34.2825,62.2875,363.37,5.28
50%,554.5,152.755,27.99,70.0,2.06,59.05,95.34,572.97,9.594999999999999
75%,778.0,172.4375,30.99,79.0,2.06,97.015,158.0725,787.8175,13.83
max,1030.0,402.62,38.99,100.0,8.84,352.96,663.85,2380.16,28.32
