,id,aqi,temperature,humidity,wind_speed,pm2_5,pm10,co,no2
count,959.0,959.0,959.0,959.0,959.0,959.0,959.0,959.0,959.0
mean,433.88216892596455,124.02945776850886,28.882586027111575,68.6162669447341,2.0189781021897812,52.69572471324296,-20852970686.912014,507.64877997914493,8.707872784150156
std,231.87057185635783,39.52461335251759,4.031183095174315,16.51129765165687,1.253192998538849,29.098339055242054,456389300839.3802,227.97078413259413,5.110359863423989
min,1.0,2.12,14.99,27.0,0.0,0.51,-9998999486464.0,18.08,0.0
25%,240.5,90.235,26.99,57.5,1.03,30.814999999999998,55.43,324.115,4.62
50%,451.0,122.42,28.99,70.0,2.06,44.21,79.92,495.87,8.28
75%,634.5,158.55,31.99,83.0,2.57,70.16499999999999,112.00999999999999,654.78,12.085
max,811.0,232.49,38.99,100.0,8.84,182.28,663.85,1324.55,26.91
