,id,aqi,temperature,humidity,wind_speed,pm2_5,pm10,co,no2
count,790.0,790.0,790.0,790.0,790.0,790.0,790.0,790.0,790.0
mean,366.4670886075949,114.42249367088608,29.689987341772152,70.93417721518988,2.1810506329113926,44.28173417721518,-25313922674.58388,466.02232911392406,8.469
std,198.00671035057826,35.909415653237716,3.4932303714799486,15.52227955241785,1.2268769939958544,21.23222209670299,502785339050.4886,203.27301757279255,5.187426559408067
min,1.0,2.12,19.99,27.0,0.0,0.51,-9998999486464.0,18.08,0.0
25%,200.25,85.435,26.99,62.0,1.03,28.51,50.17,304.5525,4.13
50%,379.0,109.395,28.99,74.0,2.06,38.985,72.88,447.78,7.9350000000000005
75%,539.75,152.72,31.99,83.0,3.09,58.855000000000004,95.4375,614.9425,11.9475
max,688.0,187.49,38.99,100.0,8.84,126.18,663.85,1179.69,26.91
