,id,aqi,temperature,humidity,wind_speed,pm2_5,pm10,co,no2
count,306.0,306.0,306.0,306.0,306.0,306.0,306.0,306.0,306.0
mean,153.45424836601308,105.09676470588234,30.33352941176471,75.11764705882354,2.4280718954248366,38.667418300653594,75.53218954248365,413.9539869281046,8.674281045751634
std,87.43390683172875,34.42508205388313,2.9677324722759244,11.18866005336556,1.1632680962128032,18.431542552210846,48.02886647147159,199.3185202135463,5.461948818072732
min,1.0,2.12,22.99,46.0,0.0,0.51,2.78,18.08,0.0
25%,77.25,77.5325,27.99,66.0,2.06,24.9225,49.2675,261.11,3.8925
50%,155.5,101.935,29.99,78.0,2.06,35.945,68.86500000000001,367.185,7.9799999999999995
75%,229.75,133.14249999999998,32.99,83.0,3.09,48.644999999999996,92.9625,562.335,12.3325
max,299.0,183.63,38.99,100.0,8.23,118.7,663.85,1168.94,26.91
