,id,aqi,temperature,humidity,wind_speed,pm2_5,pm10,co,no2
count,936.0,936.0,936.0,936.0,936.0,936.0,936.0,936.0,936.0
mean,424.84081196581195,123.4505235042735,29.03699786324787,68.97649572649573,2.0130555555555554,52.38485042735043,-21365383431.422337,507.0896688034188,8.681420940170941
std,227.31833383923737,39.654298756705785,3.890742621057186,16.349900093105376,1.2493635860598433,29.22055732262791,461956680778.5854,229.3881444409249,5.10855444984243
min,1.0,2.12,17.99,27.0,0.0,0.51,-9998999486464.0,18.08,0.0
25%,234.75,89.67750000000001,26.99,58.0,1.03,30.552500000000002,55.1275,320.0775,4.57
50%,441.5,121.08000000000001,28.99,70.0,2.06,43.730000000000004,79.485,493.29999999999995,8.265
75%,623.0,158.3275,31.99,83.0,2.57,69.965,110.8725,653.2,12.03
max,792.0,232.49,38.99,100.0,8.84,182.28,663.85,1324.55,26.91
