,id,aqi,temperature,humidity,wind_speed,pm2_5,pm10,co,no2
count,563.0,563.0,563.0,563.0,563.0,563.0,563.0,563.0,563.0
mean,271.4333925399645,109.03611012433393,29.57103019538188,76.69626998223801,2.3436944937833037,40.68737122557726,67.64500888099467,473.89360568383665,8.958507992895205
std,150.30969365782548,34.84683073202128,3.1358770000726817,11.853574484310366,1.2361577450134817,19.195891070812934,39.96365240190933,215.3400691407554,5.4794348857113855
min,1.0,2.12,22.99,46.0,0.0,0.51,2.78,18.08,0.0
25%,144.5,81.345,26.99,70.0,1.54,26.560000000000002,44.235,298.79499999999996,4.279999999999999
50%,277.0,104.52,28.99,79.0,2.06,36.96,62.66,457.58,8.17
75%,401.5,143.675,31.99,84.0,3.09,52.91,83.19,623.975,12.504999999999999
max,519.0,187.49,38.99,100.0,8.23,126.18,663.85,1179.69,26.91
