,id,aqi,temperature,humidity,wind_speed,pm2_5,pm10,co,no2
count,1067.0,1067.0,1067.0,1067.0,1067.0,1067.0,1067.0,1067.0,1067.0
mean,476.427366447985,130.99122774133085,27.94875351452671,67.06373008434863,1.9212839737582008,60.42878163074039,-18742266977.16829,544.5875445173384,9.233233364573572
std,253.89933728106368,43.62607391703171,4.9386620623800965,17.325643520783107,1.2680140404981788,37.932357377643335,432698645536.1973,255.3669680147853,5.4231150177869685
min,1.0,2.12,11.99,20.0,0.0,0.51,-9998999486464.0,18.08,0.0
25%,265.5,93.565,24.99,55.0,1.03,32.355000000000004,58.315,338.42,4.88
50%,496.0,140.05,27.99,70.0,2.06,51.55,85.91,528.49,8.91
75%,697.0,163.135,30.99,82.0,2.185,79.0,124.58,693.6,12.89
max,896.0,253.89,38.99,100.0,8.84,203.87,663.85,1324.55,26.91
