,id,aqi,temperature,humidity,wind_speed,pm2_5,pm10,co,no2
count,939.0,939.0,939.0,939.0,939.0,939.0,939.0,939.0,939.0
mean,426.01703940362086,123.60117145899893,29.033652822151225,68.87539936102236,2.0099148029818954,52.516112886048994,-21297123419.71691,507.02435569755056,8.67485623003195
std,227.90453086565287,39.68049543578313,3.886886017279384,16.429614095385297,1.2495039498398952,29.267108183785446,461218930122.4387,229.18573284743482,5.10505484012393
min,1.0,2.12,17.99,27.0,0.0,0.51,-9998999486464.0,18.08,0.0
25%,235.5,89.77000000000001,26.99,58.0,1.03,30.58,55.25,320.29499999999996,4.57
50%,443.0,121.41,28.99,70.0,2.06,43.93,79.61,492.96,8.25
75%,624.0,158.55,31.99,83.0,2.57,70.16499999999999,111.13,653.45,12.02
max,794.0,232.49,38.99,100.0,8.84,182.28,663.85,1324.55,26.91
