,id,aqi,temperature,humidity,wind_speed,pm2_5,pm10,co,no2
count,821.0,821.0,821.0,821.0,821.0,821.0,821.0,821.0,821.0
mean,379.1035322777101,116.38609013398295,29.584384896467725,70.34470158343484,2.133824604141291,45.936942752740556,-24358098549.367516,472.1371254567601,8.469244823386115
std,204.45137235597002,36.69869500486575,3.544478635570472,15.855577208031985,1.2398375143064928,22.779947793959035,493213539357.3091,204.41000014203902,5.151044309437969
min,1.0,2.12,19.99,27.0,0.0,0.51,-9998999486464.0,18.08,0.0
25%,206.0,86.31,26.99,59.0,1.03,28.95,52.05,309.49,4.24
50%,391.0,111.64,28.99,74.0,2.06,39.88,73.99,459.15,7.95
75%,557.0,154.32,31.99,83.0,3.09,61.97,98.06,621.89,11.89
max,711.0,187.49,38.99,100.0,8.84,126.18,663.85,1179.69,26.91
