,id,aqi,temperature,humidity,wind_speed,pm2_5,pm10,co,no2
count,967.0,967.0,967.0,967.0,967.0,967.0,967.0,967.0,967.0
mean,437.0320579110651,124.29621509824199,28.81625646328852,68.44777662874871,2.0182523267838675,52.81233712512926,-20680453865.41328,510.1875594622544,8.764188210961738
std,233.47238833336073,39.472317169374925,4.094989218064348,16.60412009284786,1.2510396283036742,29.01865731523398,454499490108.07794,229.56817068883154,5.171724239803693
min,1.0,2.12,14.99,27.0,0.0,0.51,-9998999486464.0,18.08,0.0
25%,242.5,90.41,26.99,57.0,1.03,30.875,55.675,324.79999999999995,4.640000000000001
50%,453.0,123.04,28.99,70.0,2.06,44.47,80.55,498.55,8.33
75%,639.5,158.57,31.99,83.0,2.57,70.33500000000001,112.315,658.745,12.114999999999998
max,818.0,232.49,38.99,100.0,8.84,182.28,663.85,1324.55,26.91
