,id,aqi,temperature,humidity,wind_speed,pm2_5,pm10,co,no2
count,228.0,228.0,228.0,228.0,228.0,228.0,228.0,228.0,228.0
mean,115.40350877192982,105.97232456140352,29.910745614035086,77.15789473684211,2.443947368421053,39.15916666666666,66.37447368421053,446.9372368421053,9.108421052631577
std,66.53490611797446,36.757120732295625,2.827688439091371,9.941307005402006,1.1762148043364278,19.412250859791236,50.93642796225871,201.3465890177219,5.427054040417923
min,1.0,2.12,22.99,47.0,0.0,0.51,19.51,18.08,0.76
25%,57.75,75.7375,27.99,70.0,2.06,24.427500000000002,44.4525,283.42499999999995,4.8475
50%,116.5,102.515,28.99,78.5,2.06,36.235,60.754999999999995,398.78,8.175
75%,173.25,139.45749999999998,31.99,83.0,3.09,51.36,75.0325,606.565,12.405
max,228.0,183.63,38.99,100.0,8.23,118.7,663.85,1168.94,26.91
