,id,aqi,temperature,humidity,wind_speed,pm2_5,pm10,co,no2
count,820.0,820.0,820.0,820.0,820.0,820.0,820.0,820.0,820.0
mean,378.69878048780487,116.33462195121952,29.58998780487805,70.34146341463415,2.1364268292682924,45.907353658536586,-24387803547.71748,472.0234756097561,8.468036585365853
std,204.24675815260616,36.69143209903906,3.5430020968403286,15.864982451470693,1.238348791610119,22.77805864747452,493513819810.7175,204.5087982929739,5.154071655133881
min,1.0,2.12,19.99,27.0,0.0,0.51,-9998999486464.0,18.08,0.0
25%,206.0,86.2825,26.99,59.0,1.03,28.935,51.9925,309.41,4.237500000000001
50%,391.0,111.55,28.99,74.0,2.06,39.85,73.975,458.365,7.945
75%,557.0,154.245,31.99,83.0,3.09,61.94,98.275,622.255,11.895
max,711.0,187.49,38.99,100.0,8.84,126.18,663.85,1179.69,26.91
