,id,aqi,temperature,humidity,wind_speed,pm2_5,pm10,co,no2
count,1077.0,1077.0,1077.0,1077.0,1077.0,1077.0,1077.0,1077.0,1077.0
mean,480.3519034354689,132.43093779015786,27.848857938718663,67.05478180129991,1.910139275766017,62.05773444753947,-18568244068.088936,550.6906963788301,9.280649953574743
std,255.9506037319342,46.18141919192933,5.042247951142779,17.320555505101996,1.2697227982129426,41.6502863924432,430687025439.428,264.4826835600757,5.436916951181531
min,1.0,2.12,11.99,20.0,0.0,0.51,-9998999486464.0,18.08,0.0
25%,267.0,93.69,24.99,55.0,1.03,32.51,58.83,339.59,4.91
50%,500.0,141.43,27.99,70.0,2.06,51.96,86.5,530.43,8.96
75%,703.0,163.6,30.99,82.0,2.15,79.9,126.7,698.11,12.93
max,902.0,348.23,38.99,100.0,8.84,298.16,663.85,1655.54,26.91
