,id,aqi,temperature,humidity,wind_speed,pm2_5,pm10,co,no2
count,1256.0,1256.0,1256.0,1256.0,1256.0,1256.0,1256.0,1256.0,1256.0
mean,551.3383757961783,152.27576433121018,26.201775477707006,66.23726114649682,1.8055971337579617,84.3876194267516,-15921973572.245028,656.1450318471337,10.182547770700635
std,294.684401633282,69.94835845401482,6.408758532573406,17.594849304681677,1.27086191292087,72.6038557424534,398844520178.71124,395.21453318540193,6.017843881141801
min,1.0,2.12,7.99,20.0,0.0,0.51,-9998999486464.0,18.08,0.0
25%,306.75,98.19999999999999,22.8725,54.0,1.03,34.565,63.002500000000005,368.77,5.38
50%,564.0,154.04500000000002,27.99,70.0,2.06,61.445,96.955,584.975,9.77
75%,797.25,175.0975,30.99,79.0,2.06,102.1675,168.35500000000002,815.105,14.15
max,1064.0,403.0,38.99,100.0,8.84,353.53,663.85,2380.16,28.32
