,id,aqi,temperature,humidity,wind_speed,pm2_5,pm10,co,no2
count,948.0,948.0,948.0,948.0,948.0,948.0,948.0,948.0,948.0
mean,429.55379746835445,123.94160337552741,28.97838607594937,68.76054852320675,2.0136392405063295,52.69996835443039,-21094935537.557854,506.5978481012658,8.689166666666667
std,229.680955561754,39.649238600609955,3.930877903011027,16.487832527403608,1.2495025175283423,29.212648771664874,459026706613.6118,228.53751348363375,5.108684805824857
min,1.0,2.12,16.99,27.0,0.0,0.51,-9998999486464.0,18.08,0.0
25%,237.75,89.9025,26.99,58.0,1.03,30.630000000000003,55.3675,320.71750000000003,4.57
50%,446.0,122.39500000000001,28.99,70.0,2.06,44.205,79.96,492.73,8.265
75%,629.25,158.56,31.99,83.0,2.57,70.2675,112.19749999999999,652.5675000000001,12.032499999999999
max,802.0,232.49,38.99,100.0,8.84,182.28,663.85,1324.55,26.91
