,id,aqi,temperature,humidity,wind_speed,pm2_5,pm10,co,no2
count,970.0,970.0,970.0,970.0,970.0,970.0,970.0,970.0,970.0
mean,438.21649484536084,124.42436082474228,28.799268041237113,68.35051546391753,2.018381443298969,52.9088762886598,-20616493698.39024,511.52239175257733,8.768680412371133
std,234.07960977224698,39.4819164527764,4.106389114371252,16.694202992737093,1.2499798796589063,29.04382631352116,453796839522.8874,231.45044911227458,5.17500794542575
min,1.0,2.12,14.99,21.0,0.0,0.51,-9998999486464.0,18.08,0.0
25%,243.25,90.45750000000001,26.99,57.0,1.03,30.9025,55.97,325.2525,4.635
50%,454.5,123.185,28.99,70.0,2.06,44.66,80.60499999999999,498.61,8.355
75%,641.75,158.695,31.99,83.0,2.57,70.7925,112.64750000000001,659.47,12.12
max,821.0,232.49,38.99,100.0,8.84,182.28,663.85,1324.55,26.91
