,id,aqi,temperature,humidity,wind_speed,pm2_5,pm10,co,no2
count,345.0,345.0,345.0,345.0,345.0,345.0,345.0,345.0,345.0
mean,172.031884057971,106.31011594202899,30.30918840579711,75.4695652173913,2.3774202898550723,39.47142028985507,76.37031884057971,414.0669565217391,8.775971014492754
std,97.50114264797585,34.49160534856854,2.907603690863149,11.174869339382678,1.140626108228797,19.125526121662666,45.84481924855773,197.70054767619166,5.507424243826054
min,1.0,2.12,22.99,46.0,0.0,0.51,2.78,18.08,0.0
25%,87.0,79.62,27.99,66.0,2.06,26.33,52.11,261.04,3.87
50%,175.0,102.21,29.99,78.0,2.06,36.02,71.06,367.88,8.07
75%,258.0,133.43,32.99,83.0,3.09,48.96,93.27,567.63,12.36
max,335.0,187.49,38.99,100.0,8.23,126.18,663.85,1168.94,26.91
