,id,aqi,temperature,humidity,wind_speed,pm2_5,pm10,co,no2
count,259.0,259.0,259.0,259.0,259.0,259.0,259.0,259.0,259.0
mean,130.76833976833976,106.56490347490346,30.079266409266413,76.39382239382239,2.447837837837838,39.60814671814672,70.75891891891891,435.04401544401543,8.80891891891892
std,75.14657770671528,36.614495587172165,2.888305718734609,10.52089654044965,1.1859833671872972,19.66841127235218,50.35816774383929,204.71054167900436,5.471885187840133
min,1.0,2.12,22.99,46.0,0.0,0.51,2.78,18.08,0.0
25%,65.5,77.175,27.99,70.0,2.06,24.605,45.51,268.85,4.04
50%,133.0,102.65,29.99,78.0,2.06,36.28,62.67,384.3,8.06
75%,196.5,140.05,31.99,83.0,3.09,51.53,78.43,602.265,12.22
max,258.0,183.63,38.99,100.0,8.23,118.7,663.85,1168.94,26.91
