,id,aqi,temperature,humidity,wind_speed,pm2_5,pm10,co,no2
count,1006.0,1006.0,1006.0,1006.0,1006.0,1006.0,1006.0,1006.0,1006.0
mean,452.41153081510936,126.5142842942346,28.491978131212726,67.65109343936382,1.9876143141153082,55.19019880715705,-19878726520.677845,521.398986083499,8.916192842942344
std,241.38657838644832,40.32299255501423,4.416778227843135,17.113334063919286,1.2537115740073064,31.16506306716444,445611488537.2016,235.81757862977847,5.247474362269442
min,1.0,2.12,13.99,20.0,0.0,0.51,-9998999486464.0,18.08,0.0
25%,252.0,91.1475,25.99,55.0,1.03,31.295,56.9625,329.77750000000003,4.737500000000001
50%,470.5,127.595,28.99,70.0,2.06,46.415,82.215,511.1,8.535
75%,658.75,160.07,30.99,83.0,2.545,73.0975,116.785,671.745,12.3475
max,848.0,232.49,38.99,100.0,8.84,182.28,663.85,1324.55,26.91
