,id,aqi,temperature,humidity,wind_speed,pm2_5,pm10,co,no2
count,517.0,517.0,517.0,517.0,517.0,517.0,517.0,517.0,517.0
mean,250.98452611218568,110.71736943907156,29.53762088974855,77.22243713733076,2.3570406189555126,41.5978916827853,68.30998065764024,485.3360928433269,9.282263056092845
std,139.52749636080665,35.0580592704577,3.1474049153164465,11.566576725618773,1.2253711446518367,19.46735653719796,41.18997628920234,217.05965467718895,5.50896947485221
min,1.0,2.12,22.99,46.0,0.0,0.51,2.78,18.08,0.0
25%,133.0,83.47,26.99,70.0,1.54,27.59,44.19,311.91,4.81
50%,258.0,107.53,28.99,79.0,2.06,38.19,63.02,477.35,8.82
75%,372.0,145.27,31.99,84.0,3.09,53.63,84.85,633.29,12.89
max,480.0,187.49,38.99,100.0,8.23,126.18,663.85,1179.69,26.91
