,id,aqi,temperature,humidity,wind_speed,pm2_5,pm10,co,no2
count,488.0,488.0,488.0,488.0,488.0,488.0,488.0,488.0,488.0
mean,237.98975409836066,110.83145491803279,29.576311475409838,77.30122950819673,2.3715778688524587,41.68668032786885,69.59454918032787,487.7286270491803,9.53125
std,132.69349088460478,34.55937794932614,3.184879690994677,11.641171647875835,1.2242235816661775,19.402981598506287,41.7329406699632,220.46239007536303,5.538646291866503
min,1.0,2.12,22.99,46.0,0.0,0.51,2.78,18.08,0.0
25%,125.75,84.0675,26.99,70.0,1.54,27.875,44.5175,308.7875,5.217499999999999
50%,244.5,107.08500000000001,28.99,79.0,2.06,38.065,64.605,480.19,9.114999999999998
75%,353.25,145.14249999999998,31.99,84.0,3.09,53.5175,86.6575,637.7875,13.434999999999999
max,457.0,187.49,38.99,100.0,8.23,126.18,663.85,1179.69,26.91
