,id,aqi,temperature,humidity,wind_speed,pm2_5,pm10,co,no2
count,1312.0,1312.0,1312.0,1312.0,1312.0,1312.0,1312.0,1312.0,1312.0
mean,574.6196646341464,162.8016539634146,25.740754573170733,66.65243902439025,1.7811204268292682,96.13077743902438,-15242377120.291147,702.164519817073,10.405503048780488
std,308.72035439518555,85.37434226091752,6.690579790656642,17.7300185057125,1.2618189542107912,91.20047240084928,390246420635.5572,451.1558670701694,6.0977227413227055
min,1.0,2.12,7.99,20.0,0.0,0.51,-9998999486464.0,18.08,0.0
25%,321.5,101.17,21.99,55.0,1.03,35.5925,64.7225,377.34,5.5175
50%,586.0,155.05,26.99,70.0,2.06,63.385,102.17500000000001,599.0250000000001,10.05
75%,831.25,181.5325,29.99,82.0,2.06,114.625,192.0125,866.405,14.5925
max,1125.0,493.9,38.99,100.0,8.84,491.16,663.85,2794.89,28.32
