,id,aqi,temperature,humidity,wind_speed,pm2_5,pm10,co,no2
count,1039.0,1039.0,1039.0,1039.0,1039.0,1039.0,1039.0,1039.0,1039.0
mean,465.40519730510107,128.6777093358999,28.177670837343605,67.38017324350336,1.9482771896053896,57.65941289701637,-19247352138.641987,533.9048411934554,9.102098171318575
std,248.13070785586874,41.631336645539484,4.74903595971367,17.20198580329882,1.2617778142651226,34.067239759033704,438484727660.364,246.90825062975333,5.361177942091579
min,1.0,2.12,11.99,20.0,0.0,0.51,-9998999486464.0,18.08,0.0
25%,259.0,92.19,25.99,55.0,1.03,31.785,57.405,335.40999999999997,4.83
50%,483.0,133.4,28.99,70.0,2.06,48.67,84.48,519.94,8.77
75%,679.5,161.81,30.99,82.0,2.34,76.44,119.77000000000001,681.8299999999999,12.71
max,875.0,242.45,38.99,100.0,8.84,192.33,663.85,1324.55,26.91
