,id,aqi,temperature,humidity,wind_speed,pm2_5,pm10,co,no2
count,668.0,668.0,668.0,668.0,668.0,668.0,668.0,668.0,668.0
mean,316.20359281437123,107.43652694610778,29.91440119760479,73.72155688622755,2.246437125748503,39.692140718562875,70.02345808383234,454.9004790419162,8.610479041916168
std,172.83823633414084,33.03382479252986,3.2656657061717658,13.929583544470963,1.2090946718831135,18.0801465344948,37.77005322616565,208.75217987692577,5.372676897184411
min,1.0,2.12,22.99,31.0,0.0,0.51,2.78,18.08,0.0
25%,169.75,81.805,27.99,66.0,1.54,26.78,47.0475,291.76,4.045
50%,326.5,102.255,28.99,75.0,2.06,36.040000000000006,66.64,427.28999999999996,7.984999999999999
75%,468.25,134.21499999999997,31.99,83.0,3.09,49.1175,86.0625,602.7674999999999,12.115
max,595.0,187.49,38.99,100.0,8.23,126.18,663.85,1179.69,26.91
