,id,aqi,temperature,humidity,wind_speed,pm2_5,pm10,co,no2
count,1349.0,1349.0,1349.0,1349.0,1349.0,1349.0,1349.0,1349.0,1349.0
mean,590.2201630837658,165.4970051890289,25.44366197183099,66.80948851000741,1.769673832468495,99.06073387694587,-14824313396.69734,721.3454484803558,10.514025203854706
std,318.3260715719129,87.32943759947092,6.855777248705778,17.84008336835386,1.2543006896056927,93.5352829490569,384861458039.0055,464.88556354555317,6.141401110395805
min,1.0,2.12,7.99,20.0,0.0,0.51,-9998999486464.0,18.08,0.0
25%,329.0,101.71,20.99,55.0,1.03,35.86,65.6,383.57,5.61
50%,599.0,155.69,26.99,70.0,2.06,64.78,105.14,607.52,10.23
75%,852.0,185.32,29.99,82.0,2.06,121.97,199.25,900.57,14.85
max,1161.0,493.9,38.99,100.0,8.84,491.16,663.85,2794.89,28.32
