,id,aqi,temperature,humidity,wind_speed,pm2_5,pm10,co,no2
count,546.0,546.0,546.0,546.0,546.0,546.0,546.0,546.0,546.0
mean,263.9010989010989,109.85556776556777,29.515860805860807,77.15018315018315,2.359139194139194,41.11065934065934,67.39769230769231,480.1067582417582,9.079395604395605
std,146.3381697486876,35.01430072387049,3.1382910809913436,11.619951600404894,1.2407852614345123,19.31937173758801,40.48868773700606,214.7349105512928,5.4783443726392695
min,1.0,2.12,22.99,46.0,0.0,0.51,2.78,18.08,0.0
25%,140.25,82.08250000000001,26.99,70.0,1.54,27.2975,43.6375,309.25,4.555
50%,269.5,105.96000000000001,28.99,79.0,2.06,37.565,62.225,470.055,8.385000000000002
75%,390.75,144.53750000000002,31.99,84.0,3.09,53.215,83.285,627.3774999999999,12.6225
max,507.0,187.49,38.99,100.0,8.23,126.18,663.85,1179.69,26.91
