,id,aqi,temperature,humidity,wind_speed,pm2_5,pm10,co,no2
count,466.0,466.0,466.0,466.0,466.0,466.0,466.0,466.0,466.0
mean,228.05150214592274,109.90328326180259,29.794978540772533,76.80257510729614,2.346587982832618,41.246609442060084,70.23223175965664,479.3623175965665,9.546502145922746
std,127.4515700890688,34.63298360353943,3.0693266571954796,11.586591890376207,1.1957921519800159,19.459825350525193,42.43048486361222,221.03517723587,5.631388224061888
min,1.0,2.12,22.99,46.0,0.0,0.51,2.78,18.08,0.0
25%,119.25,83.4975,27.99,70.0,1.54,27.6025,44.615,297.385,4.9425
50%,233.5,105.765,28.99,79.0,2.06,37.474999999999994,64.895,465.46000000000004,9.045
75%,338.0,144.29,31.99,84.0,3.09,53.1275,87.6525,630.92,13.49
max,440.0,187.49,38.99,100.0,8.23,126.18,663.85,1179.69,26.91
