,id,aqi,temperature,humidity,wind_speed,pm2_5,pm10,co,no2
count,268.0,268.0,268.0,268.0,268.0,268.0,268.0,268.0,268.0
mean,135.17910447761193,105.52985074626865,30.117313432835818,76.07835820895522,2.4386194029850747,39.0794776119403,71.09884328358208,429.2005597014925,8.74115671641791
std,77.58106556387645,36.43563329709546,2.8971352670050647,10.652030187112729,1.1777232990860498,19.54855490764023,49.581864236874075,204.27020085871945,5.454362972522285
min,1.0,2.12,22.99,46.0,0.0,0.51,2.78,18.08,0.0
25%,67.75,75.4025,27.99,70.0,2.06,23.85,45.862500000000004,267.64,4.012499999999999
50%,137.5,101.37,29.99,78.0,2.06,35.815,64.49000000000001,373.12,8.045
75%,203.25,139.17,31.99,83.0,3.09,51.12,79.7775,597.8725000000001,12.115
max,266.0,183.63,38.99,100.0,8.23,118.7,663.85,1168.94,26.91
