,id,aqi,temperature,humidity,wind_speed,pm2_5,pm10,co,no2
count,1204.0,1204.0,1204.0,1204.0,1204.0,1204.0,1204.0,1204.0,1204.0
mean,530.2981727574751,143.90872093023253,26.63450996677741,66.48006644518273,1.8348255813953485,75.24806478405316,-16609633578.76773,615.8692607973421,9.865548172757475
std,282.6326889642082,57.81235377267289,6.117700509743541,17.521024577346225,1.275618234990317,58.39358729546171,407359379658.7676,342.6359957710806,5.783112955827107
min,1.0,2.12,7.99,20.0,0.0,0.51,-9998999486464.0,18.08,0.0
25%,295.75,97.25,22.99,54.75,1.03,34.1125,62.097500000000004,361.5825,5.265
50%,547.0,152.39999999999998,27.99,70.0,2.06,58.53,94.14500000000001,569.29,9.524999999999999
75%,768.25,171.22500000000002,30.99,79.0,2.06,94.6675,152.5725,772.45,13.71
max,1012.0,390.27,38.99,100.0,8.84,340.58,663.85,2362.04,28.32
