,id,aqi,temperature,humidity,wind_speed,pm2_5,pm10,co,no2
count,1206.0,1206.0,1206.0,1206.0,1206.0,1206.0,1206.0,1206.0,1206.0
mean,531.0995024875622,144.2614179104478,26.61685737976783,66.46600331674959,1.8334908789386397,75.63171641791047,-16582088580.429228,617.7968905472636,9.872504145936981
std,283.08220887050703,58.40949464166691,6.130125975262552,17.517889045983107,1.2756705187981907,59.100192697532634,407021743251.32874,345.60577974679427,5.7810473743774216
min,1.0,2.12,7.99,20.0,0.0,0.51,-9998999486464.0,18.08,0.0
25%,296.25,97.265,22.99,54.25,1.03,34.135,62.1,361.66999999999996,5.2725
50%,547.5,152.565,27.99,70.0,2.06,58.815,94.32,570.0550000000001,9.535
75%,769.0,171.4875,30.99,79.0,2.06,95.185,152.715,773.4175,13.71
max,1014.0,390.27,38.99,100.0,8.84,340.58,663.85,2362.04,28.32
