,id,aqi,temperature,humidity,wind_speed,pm2_5,pm10,co,no2
count,1095.0,1095.0,1095.0,1095.0,1095.0,1095.0,1095.0,1095.0,1095.0
mean,487.36803652968035,134.72055707762559,27.696840182648405,67.00182648401827,1.894730593607306,64.67346118721461,-18263012653.835194,559.8698447488584,9.313990867579909
std,259.57859021580816,49.68093518632042,5.166766982211922,17.319716347487716,1.2705830383471874,46.62302828765248,427135732480.93695,276.1089644648231,5.434782039184723
min,1.0,2.12,11.99,20.0,0.0,0.51,-9998999486464.0,18.08,0.0
25%,270.5,94.405,24.99,55.0,1.03,32.82,59.485,341.055,4.955
50%,508.0,144.39,27.99,70.0,2.06,53.13,87.7,541.05,8.98
75%,711.5,164.52499999999998,30.99,82.0,2.06,81.69,130.79500000000002,706.825,13.025
max,912.0,363.54,38.99,100.0,8.84,313.61,663.85,1714.68,26.91
