,id,aqi,temperature,humidity,wind_speed,pm2_5,pm10,co,no2
count,823.0,823.0,823.0,823.0,823.0,823.0,823.0,823.0,823.0
mean,379.913730255164,116.50629404617253,29.565929526123938,70.36938031591738,2.1286391251518832,46.03007290400972,-24298905113.981407,472.44292831105713,8.464447144592953
std,204.8620236960882,36.73531010170818,3.5602220234616357,15.844657560720512,1.242782509027518,22.832644497280732,492614619145.5719,204.26745759878636,5.145721479239906
min,1.0,2.12,19.99,27.0,0.0,0.51,-9998999486464.0,18.08,0.0
25%,206.5,86.375,26.99,59.0,1.03,28.985,52.075,310.295,4.245
50%,392.0,111.78,28.99,74.0,2.06,39.88,74.07,460.27,7.94
75%,557.5,154.345,31.99,83.0,3.09,61.985,99.045,622.62,11.885000000000002
max,713.0,187.49,38.99,100.0,8.84,126.18,663.85,1179.69,26.91
