,id,aqi,temperature,humidity,wind_speed,pm2_5,pm10,co,no2
count,1252.0,1252.0,1252.0,1252.0,1252.0,1252.0,1252.0,1252.0,1252.0
mean,549.7052715654952,151.6564376996805,26.229608626198083,66.21645367412141,1.8072523961661344,83.71142971246007,-15972842498.559052,654.1364856230031,10.17658945686901
std,293.73191560599895,69.18057517962659,6.399193301241661,17.613043388509723,1.2723038602880705,71.71139710069345,399480634622.43243,394.0155086856881,6.021127320545256
min,1.0,2.12,7.99,20.0,0.0,0.51,-9998999486464.0,18.08,0.0
25%,305.75,98.165,22.99,53.75,1.03,34.545,62.88,368.525,5.3725
50%,564.0,154.005,27.99,70.0,2.06,61.36,96.765,583.715,9.75
75%,794.25,174.93,30.99,79.0,2.06,101.84,167.24,812.2049999999999,14.15
max,1060.0,403.0,38.99,100.0,8.84,353.53,663.85,2380.16,28.32
