,id,aqi,temperature,humidity,wind_speed,pm2_5,pm10,co,no2
count,742.0,742.0,742.0,742.0,742.0,742.0,742.0,742.0,742.0
mean,346.94743935309975,112.43338274932616,29.932924528301893,72.06064690026955,2.2222911051212937,43.10614555256065,-26951481022.333694,462.2655795148248,8.445431266846361
std,188.30481416208966,35.2016914621148,3.330454320884783,14.744347295787495,1.2115633297182922,20.799252224188216,518771784443.8492,204.6600379448319,5.25403298755068
min,1.0,2.12,19.99,31.0,0.0,0.51,-9998999486464.0,18.08,0.0
25%,188.25,84.51,27.99,62.0,1.54,28.065,49.2675,301.19,4.0525
50%,358.0,107.575,29.24,74.0,2.06,38.205,70.91,438.97,7.85
75%,514.75,151.1175,31.99,83.0,3.09,55.915,91.95750000000001,608.7674999999999,11.95
max,650.0,187.49,38.99,100.0,8.84,126.18,663.85,1179.69,26.91
