,id,aqi,temperature,humidity,wind_speed,pm2_5,pm10,co,no2
count,328.0,328.0,328.0,328.0,328.0,328.0,328.0,328.0,328.0
mean,163.9359756097561,104.38707317073168,30.298292682926828,75.48780487804878,2.4064939024390246,38.24067073170731,76.47844512195122,408.10094512195116,8.733018292682928
std,93.08944197053027,33.679217204825264,2.9310137707749337,11.278779189190125,1.1526298450047758,17.985223858061488,46.6949408658789,197.93436570240988,5.542491990752379
min,1.0,2.12,22.99,46.0,0.0,0.51,2.78,18.08,0.0
25%,82.75,78.3425,27.99,66.0,2.06,25.205,52.0375,246.3025,3.6750000000000003
50%,166.5,99.31,29.99,78.0,2.06,35.370000000000005,70.91,362.92,8.015
75%,246.25,129.1175,32.99,83.0,3.09,47.1125,93.6675,559.375,12.51
max,320.0,183.63,38.99,100.0,8.23,118.7,663.85,1168.94,26.91
