,id,aqi,temperature,humidity,wind_speed,pm2_5,pm10,co,no2
count,512.0,512.0,512.0,512.0,512.0,512.0,512.0,512.0,512.0
mean,248.755859375,111.1505078125,29.550781250000004,77.197265625,2.347890625,41.812832031250004,68.7706640625,486.5894921875,9.32666015625
std,138.36118310798318,34.92448840776297,3.152859816811056,11.591132666859345,1.2152937053906085,19.42915940570862,41.119241446927035,217.73544297367664,5.516614185544167
min,1.0,2.12,22.99,46.0,0.0,0.51,2.78,18.08,0.0
25%,131.75,84.0675,26.99,70.0,1.54,27.875,44.5175,310.6975,4.8375
50%,255.5,107.97999999999999,28.99,79.0,2.06,38.37,63.335,478.15,8.88
75%,369.25,145.70749999999998,31.99,84.0,3.09,53.7825,85.50750000000001,635.605,12.9825
max,478.0,187.49,38.99,100.0,8.23,126.18,663.85,1179.69,26.91
