,id,aqi,temperature,humidity,wind_speed,pm2_5,pm10,co,no2
count,1011.0,1011.0,1011.0,1011.0,1011.0,1011.0,1011.0,1011.0,1011.0
mean,454.37487636003954,126.93972304648864,28.44993076162216,67.58160237388724,1.9849159248269042,55.68663699307616,-19780414320.93808,523.5935608308605,8.930791295746785
std,242.39507257731526,40.71574898449941,4.460508816950416,17.15468408175176,1.252533143315012,31.96929738379685,444509310906.2904,238.52866843780828,5.251191921931046
min,1.0,2.12,12.99,20.0,0.0,0.51,-9998999486464.0,18.08,0.0
25%,252.5,91.44,25.99,55.0,1.03,31.439999999999998,57.004999999999995,330.025,4.745
50%,473.0,128.97,28.99,70.0,2.06,47.1,82.34,511.7,8.55
75%,661.5,160.61,30.99,83.0,2.54,74.11500000000001,117.2,672.965,12.4
max,851.0,242.45,38.99,100.0,8.84,192.33,663.85,1324.55,26.91
