,id,aqi,temperature,humidity,wind_speed,pm2_5,pm10,co,no2
count,377.0,377.0,377.0,377.0,377.0,377.0,377.0,377.0,377.0
mean,187.0371352785146,107.19140583554378,30.237002652519898,75.38726790450929,2.402175066312997,39.71283819628647,73.96811671087534,427.1505570291777,8.853076923076923
std,105.53311318731002,34.073269392796966,2.8701410897363484,11.168137009865225,1.1997683912633013,18.669144690257536,44.73349278816596,195.6748249565165,5.3914294750057445
min,1.0,2.12,22.99,46.0,0.0,0.51,2.78,18.08,0.0
25%,95.0,81.43,27.99,66.0,1.54,26.75,48.81,268.02,4.03
50%,191.0,102.38,29.99,78.0,2.06,36.09,68.36,387.22,8.24
75%,278.0,136.88,31.99,83.0,3.09,50.64,91.89,587.79,12.36
max,363.0,187.49,38.99,100.0,8.23,126.18,663.85,1168.94,26.91
