,id,aqi,temperature,humidity,wind_speed,pm2_5,pm10,co,no2
count,234.0,234.0,234.0,234.0,234.0,234.0,234.0,234.0,234.0
mean,118.38034188034187,107.43824786324788,29.946965811965814,77.03846153846153,2.420897435897436,40.181111111111115,67.54615384615384,453.44470085470084,9.138846153846153
std,68.19937791784079,37.39751202286767,2.8101978194130557,9.899203125286485,1.1725873075073356,20.199041611470978,50.7998317956418,203.0990999575286,5.463793345169549
min,1.0,2.12,22.99,47.0,0.0,0.51,19.51,18.08,0.76
25%,59.25,77.1275,27.99,70.0,2.06,24.5975,44.615,286.72749999999996,4.842499999999999
50%,119.5,103.88,28.99,78.0,2.06,37.09,60.945,403.06,8.175
75%,177.75,145.22750000000002,31.99,83.0,3.09,53.5925,76.1575,608.2025,12.682500000000001
max,234.0,183.63,38.99,100.0,8.23,118.7,663.85,1168.94,26.91
