,id,aqi,temperature,humidity,wind_speed,pm2_5,pm10,co,no2
count,1224.0,1224.0,1224.0,1224.0,1224.0,1224.0,1224.0,1224.0,1224.0
mean,538.3406862745098,147.01674019607842,26.477736928104576,66.27696078431373,1.8283986928104576,78.6621160130719,-16338234330.918219,633.5609558823529,9.972982026143791
std,287.18026756438405,62.57402698453105,6.215649638969049,17.599550054971953,1.2716990075693013,64.04988943189808,404020321078.55804,371.5363960993286,5.861626949506386
min,1.0,2.12,7.99,20.0,0.0,0.51,-9998999486464.0,18.08,0.0
25%,299.75,97.635,22.99,54.0,1.03,34.2875,62.3025,363.87,5.28
50%,555.0,152.82999999999998,27.99,70.0,2.06,59.185,95.405,573.27,9.6
75%,779.0,172.59,30.99,79.0,2.06,97.315,159.85500000000002,788.905,13.875
max,1032.0,402.62,38.99,100.0,8.84,352.96,663.85,2380.16,28.32
