,id,aqi,temperature,humidity,wind_speed,pm2_5,pm10,co,no2
count,1454.0,1454.0,1454.0,1454.0,1454.0,1454.0,1454.0,1454.0,1454.0
mean,635.0790921595599,174.81012379642365,24.479683631361766,67.7757909215956,1.730213204951857,109.45037826685007,-13753781802.239923,793.1264099037139,11.066671251719393
std,346.3294044247014,92.27694686894094,7.505590889494405,17.929642026751694,1.2436184339642007,99.41449926548158,370714729173.6998,536.6897286566998,6.551289974993289
min,1.0,2.12,6.99,20.0,0.0,0.51,-9998999486464.0,18.08,0.0
25%,351.25,104.7425,18.99,55.0,1.03,37.19,68.475,400.20500000000004,5.8525
50%,641.5,158.485,26.99,71.0,2.06,70.10499999999999,111.78999999999999,633.0999999999999,10.81
75%,909.75,198.58249999999998,29.99,82.0,2.06,147.6625,231.9375,1032.0925,15.3575
max,1263.0,493.9,38.99,100.0,8.84,491.16,663.85,2839.26,33.91
