,id,aqi,temperature,humidity,wind_speed,pm2_5,pm10,co,no2
count,1473.0,1473.0,1473.0,1473.0,1473.0,1473.0,1473.0,1473.0,1473.0
mean,643.3075356415478,177.18189409368634,24.275811269517995,67.93346911065852,1.7278071961982349,112.07031228784794,-13576373885.631868,809.5972844534963,11.202355736591988
std,351.54112344320134,94.24880723215773,7.671166239754133,17.89988538289233,1.2379308695567133,101.67163877279052,368317710089.7955,556.5665219901656,6.704450264279063
min,1.0,2.12,3.99,20.0,0.0,0.51,-9998999486464.0,18.08,0.0
25%,356.0,105.78,18.99,55.0,1.03,37.51,69.6,402.26,5.89
50%,647.0,159.17,26.93,71.0,2.06,71.37,113.0,639.03,10.85
75%,921.0,205.22,29.99,82.0,2.06,154.76,236.73,1060.3,15.54
max,1282.0,493.9,38.99,100.0,8.84,491.16,663.85,3066.3,33.91
