,id,aqi,temperature,humidity,wind_speed,pm2_5,pm10,co,no2
count,564.0,564.0,564.0,564.0,564.0,564.0,564.0,564.0,564.0
mean,271.8741134751773,108.96460992907801,29.58241134751773,76.64716312056737,2.3422695035460994,40.65161347517731,67.6260815602837,473.3097163120568,8.943741134751773
std,150.54043591530973,34.85725312735783,3.1447278388445437,11.900325044517645,1.235522983473703,19.19762683452532,39.930675010836524,215.59513760204763,5.485787418315109
min,1.0,2.12,22.99,46.0,0.0,0.51,2.78,18.08,0.0
25%,144.75,81.2075,26.99,70.0,1.54,26.54,44.2575,298.1875,4.2575
50%,277.5,104.47,28.99,79.0,2.06,36.945,62.644999999999996,457.1,8.17
75%,402.25,143.6375,31.99,84.0,3.09,52.885,83.095,623.9125,12.5025
max,520.0,187.49,38.99,100.0,8.23,126.18,663.85,1179.69,26.91
