,id,aqi,temperature,humidity,wind_speed,pm2_5,pm10,co,no2
count,678.0,678.0,678.0,678.0,678.0,678.0,678.0,678.0,678.0
mean,320.37168141592923,108.0834365781711,29.945766961651923,73.41592920353982,2.2403834808259586,39.99551622418879,70.73843657817109,455.0838790560472,8.607935103244838
std,174.91161024288672,33.23441580550491,3.2761808003982322,14.138934374122703,1.2061518213280762,18.146344772722667,37.965534174359,207.88841072172553,5.359676723251274
min,1.0,2.12,22.99,31.0,0.0,0.51,2.78,18.08,0.0
25%,172.25,82.95750000000001,27.99,65.0,1.54,27.384999999999998,47.3725,292.0375,4.0525
50%,330.0,102.945,28.99,75.0,2.06,36.349999999999994,67.245,429.04999999999995,8.015
75%,474.75,138.8725,31.99,83.0,3.09,50.9825,87.08250000000001,602.13,12.125
max,602.0,187.49,38.99,100.0,8.23,126.18,663.85,1179.69,26.91
