,id,aqi,temperature,humidity,wind_speed,pm2_5,pm10,co,no2
count,266.0,266.0,266.0,266.0,266.0,266.0,266.0,266.0,266.0
mean,134.19924812030075,105.76533834586465,30.12203007518797,76.07894736842105,2.445338345864662,39.199360902255634,71.02462406015039,430.1328947368421,8.744097744360902
std,77.03962322469104,36.47059000301625,2.904611105563665,10.690736971836555,1.1787393642632236,19.572795713511216,49.75302978590353,204.73551623636288,5.468043709870241
min,1.0,2.12,22.99,46.0,0.0,0.51,2.78,18.08,0.0
25%,67.25,75.96000000000001,27.99,70.0,2.06,24.2825,45.8275,266.88,3.9975
50%,136.5,101.775,29.99,78.0,2.06,35.96,63.870000000000005,376.125,8.045
75%,201.75,139.23,31.99,83.0,3.09,51.28,79.405,598.4175,12.125
max,264.0,183.63,38.99,100.0,8.23,118.7,663.85,1168.94,26.91
