,id,aqi,temperature,humidity,wind_speed,pm2_5,pm10,co,no2
count,914.0,914.0,914.0,914.0,914.0,914.0,914.0,914.0,914.0
mean,416.1881838074398,122.38222100656454,29.156291028446393,69.15098468271334,2.0288293216630198,51.52516411378556,-21879648681.967354,503.2793216630197,8.623676148796498
std,223.00101334350265,39.51062446147301,3.8139521530603915,16.347645847909078,1.2486546746704306,28.991016092015762,467477245547.3502,229.37313481770298,5.105513915550906
min,1.0,2.12,18.99,27.0,0.0,0.51,-9998999486464.0,18.08,0.0
25%,229.25,89.215,26.99,58.0,1.03,30.2975,54.5075,319.40999999999997,4.4975000000000005
50%,433.5,119.07,28.99,70.0,2.06,43.04,78.655,487.78499999999997,8.16
75%,611.75,157.5575,31.99,83.0,2.57,68.22999999999999,108.86500000000001,647.285,11.95
max,776.0,232.49,38.99,100.0,8.84,182.28,663.85,1324.55,26.91
