,id,aqi,temperature,humidity,wind_speed,pm2_5,pm10,co,no2
count,1244.0,1244.0,1244.0,1244.0,1244.0,1244.0,1244.0,1244.0,1244.0
mean,546.4461414790997,150.29939710610932,26.295458199356915,66.20900321543408,1.812250803858521,82.23860128617363,-16075561745.58825,648.6730707395499,10.134260450160772
std,291.83904273352385,67.28687091808301,6.354621685430596,17.607494454138667,1.2728477323537177,69.53456047792201,400762048033.4331,388.9847040459476,5.999091096323715
min,1.0,2.12,7.99,20.0,0.0,0.51,-9998999486464.0,18.08,0.0
25%,304.0,98.0575,22.99,53.75,1.03,34.5125,62.652499999999996,367.4525,5.342499999999999
50%,561.0,153.68,27.99,70.0,2.06,60.894999999999996,96.3,580.5999999999999,9.72
75%,790.25,174.1,30.99,79.0,2.06,100.245,164.8725,806.0925,14.07
max,1052.0,403.0,38.99,100.0,8.84,353.53,663.85,2380.16,28.32
