,id,aqi,temperature,humidity,wind_speed,pm2_5,pm10,co,no2
count,557.0,557.0,557.0,557.0,557.0,557.0,557.0,557.0,557.0
mean,268.77917414721725,109.20360861759424,29.562926391382412,76.79712746858169,2.3476840215439854,40.780412926391385,67.50120287253141,474.59655296229795,8.96689407540395
std,148.91127578095765,34.97721997229667,3.1451079775764774,11.858584860732337,1.2389682354553126,19.271627727331175,40.1189871017263,216.23578442809426,5.491319953552605
min,1.0,2.12,22.99,46.0,0.0,0.51,2.78,18.08,0.0
25%,143.0,80.93,26.99,70.0,1.54,26.51,44.18,298.63,4.26
50%,274.0,104.62,28.99,79.0,2.06,37.17,62.47,459.15,8.17
75%,398.0,143.99,31.99,84.0,3.09,53.12,83.0,624.43,12.51
max,515.0,187.49,38.99,100.0,8.23,126.18,663.85,1179.69,26.91
