,id,aqi,temperature,humidity,wind_speed,pm2_5,pm10,co,no2
count,985.0,985.0,985.0,985.0,985.0,985.0,985.0,985.0,985.0
mean,444.1329949238579,125.23655837563453,28.668162436548226,68.0274111675127,2.0054213197969544,53.73756345177665,-20302536938.62478,516.03,8.835807106598985
std,237.1162187553057,39.73957252697774,4.246586119787818,16.899760061631902,1.2507242820979998,29.67594417975001,450331823627.3189,233.39863665993306,5.205687144039306
min,1.0,2.12,13.99,20.0,0.0,0.51,-9998999486464.0,18.08,0.0
25%,247.0,90.66,26.5,56.0,1.03,31.02,56.63,327.74,4.7
50%,461.0,125.06,28.99,70.0,2.06,45.29,81.94,500.98,8.41
75%,648.0,159.32,31.99,83.0,2.57,71.72,114.81,665.46,12.27
max,832.0,232.49,38.99,100.0,8.84,182.28,663.85,1324.55,26.91
