,id,aqi,temperature,humidity,wind_speed,pm2_5,pm10,co,no2
count,1399.0,1399.0,1399.0,1399.0,1399.0,1399.0,1399.0,1399.0,1399.0
mean,611.4546104360257,170.90013581129378,25.00071479628306,67.30664760543245,1.7435882773409577,105.09110078627592,-14294495178.799145,751.7197283774124,10.710192994996426
std,331.49337267671825,91.06858282568439,7.149674246768845,17.956899761758454,1.2548193752137544,97.88223546451788,377926463924.3351,489.21631754528875,6.209083684887076
min,1.0,2.12,6.99,20.0,0.0,0.51,-9998999486464.0,18.08,0.0
25%,338.5,102.945,19.99,55.0,1.03,36.349999999999994,66.885,390.15999999999997,5.71
50%,622.0,156.8,26.99,70.0,2.06,66.77,108.57,620.77,10.51
75%,882.5,192.785,29.99,82.0,2.06,136.43,218.135,948.845,15.01
max,1208.0,493.9,38.99,100.0,8.84,491.16,663.85,2794.89,28.32
