,id,aqi,temperature,humidity,wind_speed,pm2_5,pm10,co,no2
count,263.0,263.0,263.0,263.0,263.0,263.0,263.0,263.0,263.0
mean,132.7300380228137,106.13433460076045,30.134942965779466,76.10266159695817,2.4517110266159694,39.386882129277566,71.04714828897339,431.02882129277566,8.709961977186312
std,76.22946057239848,36.51183926249625,2.9173438811977874,10.743758730885995,1.1836525337935166,19.60429297931649,50.03415987916459,205.71926776069049,5.489567864783183
min,1.0,2.12,22.99,46.0,0.0,0.51,2.78,18.08,0.0
25%,66.5,77.175,27.99,70.0,2.06,24.605,45.75,266.40999999999997,3.9800000000000004
50%,135.0,102.28,29.99,78.0,2.06,36.06,63.27,377.97,7.93
75%,199.5,139.655,31.99,83.0,3.09,51.36,80.045,599.855,12.120000000000001
max,261.0,183.63,38.99,100.0,8.23,118.7,663.85,1168.94,26.91
