,id,aqi,temperature,humidity,wind_speed,pm2_5,pm10,co,no2
count,247.0,247.0,247.0,247.0,247.0,247.0,247.0,247.0,247.0
mean,124.83400809716599,107.92619433198381,30.00995951417004,76.82186234817814,2.4248178137651824,40.30821862348178,70.00842105263159,444.64566801619435,8.905101214574898
std,71.82510924755144,36.88100853198114,2.8551659781143868,10.146921104437254,1.1673309957613218,19.844862681877608,51.26563260627125,203.84863464493648,5.495800751878484
min,1.0,2.12,22.99,47.0,0.0,0.51,2.78,18.08,0.0
25%,62.5,77.64500000000001,27.99,70.0,2.06,24.955,44.845,278.81,4.05
50%,127.0,105.41,28.99,78.0,2.06,37.51,61.87,395.47,8.07
75%,187.5,143.89499999999998,31.99,83.0,3.09,53.44499999999999,77.525,607.18,12.335
max,247.0,183.63,38.99,100.0,8.23,118.7,663.85,1168.94,26.91
