,id,aqi,temperature,humidity,wind_speed,pm2_5,pm10,co,no2
count,1357.0,1357.0,1357.0,1357.0,1357.0,1357.0,1357.0,1357.0,1357.0
mean,593.611643330877,165.9479366249079,25.387929255711132,66.79218865143699,1.763036109064112,99.60419307295506,-14736918769.26073,724.523920412675,10.562453942520266
std,320.4288865555962,87.29664939330068,6.881477944668293,17.835477992501954,1.2547729205033504,93.55472271070002,383726173510.3165,465.8433823750351,6.174672726591256
min,1.0,2.12,7.99,20.0,0.0,0.51,-9998999486464.0,18.08,0.0
25%,330.0,101.96,20.99,55.0,1.03,35.9,65.92,383.77,5.62
50%,603.0,155.94,26.99,70.0,2.06,65.17,106.05,608.79,10.26
75%,858.0,185.9,29.99,82.0,2.06,123.1,203.64,905.3,14.93
max,1169.0,493.9,38.99,100.0,8.84,491.16,663.85,2794.89,28.32
