,id,aqi,temperature,humidity,wind_speed,pm2_5,pm10,co,no2
count,819.0,819.0,819.0,819.0,819.0,819.0,819.0,819.0,819.0
mean,378.2930402930403,116.2895115995116,29.591941391941397,70.35775335775335,2.1377777777777776,45.890256410256406,-24417581085.73043,471.9679975579976,8.464639804639805
std,204.0406309024816,36.69109281137199,3.544725137403377,15.867813459732975,1.2385007279959106,22.786711968924156,493814649384.8292,204.6275912126023,5.156302617719805
min,1.0,2.12,19.99,27.0,0.0,0.51,-9998999486464.0,18.08,0.0
25%,206.0,86.255,26.99,59.0,1.03,28.92,51.935,309.33000000000004,4.235
50%,391.0,111.46,28.99,74.0,2.06,39.82,73.96,457.58,7.94
75%,556.5,154.26999999999998,31.99,83.0,3.09,61.95,98.49000000000001,622.62,11.9
max,710.0,187.49,38.99,100.0,8.84,126.18,663.85,1179.69,26.91
