,id,aqi,temperature,humidity,wind_speed,pm2_5,pm10,co,no2
count,536.0,536.0,536.0,536.0,536.0,536.0,536.0,536.0,536.0
mean,259.44589552238807,110.42197761194029,29.505149253731346,77.27798507462687,2.354179104477612,41.40222014925373,67.49192164179104,483.8291044776119,9.168880597014924
std,143.9765195743016,35.02210170798374,3.143120893259486,11.583551036883115,1.244851407118758,19.354300816832755,40.807691411748166,214.44738685407742,5.480612478283622
min,1.0,2.12,22.99,46.0,0.0,0.51,2.78,18.08,0.0
25%,137.75,83.45,26.99,70.0,1.54,27.5775,43.565,312.4075,4.7
50%,266.0,106.935,28.99,79.0,2.06,37.97,62.295,475.485,8.545
75%,384.25,145.14249999999998,31.99,84.0,3.09,53.5175,83.38749999999999,630.87,12.73
max,498.0,187.49,38.99,100.0,8.23,126.18,663.85,1179.69,26.91
