,id,aqi,temperature,humidity,wind_speed,pm2_5,pm10,co,no2
count,632.0,632.0,632.0,632.0,632.0,632.0,632.0,632.0,632.0
mean,301.1455696202532,107.67512658227847,29.828797468354434,74.97151898734177,2.271123417721519,39.86681962025317,68.92821202531647,458.7999525316456,8.675332278481013
std,165.40594354800626,33.7891755140221,3.2294594068268205,12.906434428997166,1.213540812369293,18.498331029674485,38.3720166064576,211.04251426904327,5.402399145719391
min,1.0,2.12,22.99,34.0,0.0,0.51,2.78,18.08,0.0
25%,160.75,80.8075,27.99,66.0,1.54,26.33,45.862500000000004,293.605,4.0825
50%,308.5,102.55000000000001,28.99,78.0,2.06,36.225,65.1,429.04999999999995,8.015
75%,446.0,139.17,31.99,83.25,3.09,51.085,85.48750000000001,608.4975,12.115
max,567.0,187.49,38.99,100.0,8.23,126.18,663.85,1179.69,26.91
