,id,aqi,temperature,humidity,wind_speed,pm2_5,pm10,co,no2
count,455.0,455.0,455.0,455.0,455.0,455.0,455.0,455.0,455.0
mean,223.01978021978022,109.85863736263738,29.908945054945054,76.44835164835165,2.3523956043956042,41.28112087912088,70.91923076923077,471.42509890109886,9.427956043956042
std,124.74934182710224,34.97407901553584,3.015156461639068,11.488409813907342,1.184038010603259,19.670339023187122,42.69700065889888,217.1941797618023,5.612892804680143
min,1.0,2.12,22.99,46.0,0.0,0.51,2.78,18.08,0.0
25%,116.5,83.155,27.99,70.0,1.54,27.45,45.269999999999996,295.4,4.845
50%,228.0,105.11,28.99,79.0,2.06,37.29,65.6,448.95,8.88
75%,331.5,144.84,31.99,84.0,3.09,53.44499999999999,88.19,622.87,13.365
max,432.0,187.49,38.99,100.0,8.23,126.18,663.85,1179.69,26.91
