,id,aqi,temperature,humidity,wind_speed,pm2_5,pm10,co,no2
count,427.0,427.0,427.0,427.0,427.0,427.0,427.0,427.0,427.0
mean,210.1662763466042,108.43936768149884,29.983255269320843,76.07728337236534,2.3667915690866512,40.29067915690866,71.52330210772834,449.72194379391107,9.22224824355972
std,117.85764862289913,34.166428774939845,3.036692810955999,11.449670398182795,1.2036518225698414,18.780392551098178,43.42563073575545,201.96070333080831,5.5702014953495045
min,1.0,2.12,22.99,46.0,0.0,0.51,2.78,18.08,0.0
25%,107.5,83.015,27.99,66.0,1.54,27.39,45.56,282.26,4.369999999999999
50%,214.0,103.31,29.99,79.0,2.06,36.45,65.6,428.25,8.62
75%,312.5,140.05,31.99,84.0,3.09,51.53,89.35,604.35,12.775
max,405.0,187.49,38.99,100.0,8.23,126.18,663.85,1168.94,26.91
