,id,aqi,temperature,humidity,wind_speed,pm2_5,pm10,co,no2
count,868.0,868.0,868.0,868.0,868.0,868.0,868.0,868.0,868.0
mean,398.02073732718895,119.07321428571429,29.39436635944701,69.463133640553,2.0805760368663595,48.029101382488484,-23039169243.430813,485.90627880184337,8.575990783410138
std,214.00317352239526,37.46938742084476,3.6674092178016164,16.336563257006365,1.2432994166431133,24.123619047772,479690456922.9203,213.78930227740344,5.1461546598479995
min,1.0,2.12,18.99,27.0,0.0,0.51,-9998999486464.0,18.08,0.0
25%,217.75,87.8175,26.99,58.0,1.03,29.63,53.555,312.915,4.35
50%,412.5,113.84,28.99,73.0,2.06,40.790000000000006,76.505,474.52,8.094999999999999
75%,581.25,155.6225,31.99,83.0,2.57,64.4725,103.53,633.4825,11.959999999999999
max,745.0,187.49,38.99,100.0,8.84,126.18,663.85,1179.69,26.91
