,id,aqi,temperature,humidity,wind_speed,pm2_5,pm10,co,no2
count,604.0,604.0,604.0,604.0,604.0,604.0,604.0,604.0,604.0
mean,289.21854304635764,107.57279801324503,29.75675496688742,75.62913907284768,2.292864238410596,39.904337748344375,67.95632450331125,462.7054304635761,8.740711920529801
std,159.4119123472441,34.372242232724226,3.2126202837332904,12.532076730718126,1.2222367181266067,18.86302489486361,38.891066354494754,213.68839966849484,5.446099947052983
min,1.0,2.12,22.99,37.0,0.0,0.51,2.78,18.08,0.0
25%,153.75,79.44500000000001,27.99,66.0,1.54,25.685000000000002,45.21,293.605,4.1125
50%,296.5,102.12,28.99,78.0,2.06,35.980000000000004,63.155,432.0,8.015
75%,430.25,140.18,31.99,84.0,3.09,51.58,83.38749999999999,617.315,12.175
max,548.0,187.49,38.99,100.0,8.23,126.18,663.85,1179.69,26.91
