,id,aqi,temperature,humidity,wind_speed,pm2_5,pm10,co,no2
count,906.0,906.0,906.0,906.0,906.0,906.0,906.0,906.0,906.0
mean,413.0309050772627,121.74647902869756,29.198598233995586,69.18101545253863,2.0365121412803533,50.78528697571744,-22072846464.717613,499.4201324503311,8.600452538631346
std,221.42465671607545,39.067861801109736,3.7870906805800293,16.351603346656585,1.2491817336640132,27.899859521129663,469534351088.74646,225.20420882788713,5.102882027673446
min,1.0,2.12,18.99,27.0,0.0,0.51,-9998999486464.0,18.08,0.0
25%,227.25,89.0625,26.99,58.0,1.03,30.240000000000002,54.375,318.33000000000004,4.48
50%,430.5,118.11500000000001,28.99,70.5,2.06,42.504999999999995,78.28999999999999,485.435,8.135000000000002
75%,604.5,156.8125,31.99,83.0,2.57,66.92,107.7375,644.0875,11.95
max,770.0,232.49,38.99,100.0,8.84,182.28,663.85,1324.55,26.91
