,id,aqi,temperature,humidity,wind_speed,pm2_5,pm10,co,no2
count,1484.0,1484.0,1484.0,1484.0,1484.0,1484.0,1484.0,1484.0,1484.0
mean,648.1132075471698,178.79276280323447,24.14902964959569,68.04716981132076,1.725397574123989,113.90349730458222,-13475740383.488531,818.1875336927224,11.2505525606469
std,354.62553258640713,95.95965669240175,7.786959057114548,17.915112229597142,1.2352518956630758,103.77748135560596,366951037338.973,565.3223883600414,6.7406965003710715
min,1.0,2.12,2.99,20.0,0.0,0.51,-9998999486464.0,18.08,0.0
25%,358.0,106.1425,17.99,55.0,1.03,37.647499999999994,69.7175,404.065,5.905
50%,650.0,159.345,26.104999999999997,71.0,2.06,71.77,114.21,642.435,10.905000000000001
75%,928.25,208.95,29.99,82.0,2.06,158.51999999999998,239.48499999999999,1070.9425,15.6525
max,1297.0,493.9,38.99,100.0,8.84,491.16,663.85,3066.3,33.91
