,id,aqi,temperature,humidity,wind_speed,pm2_5,pm10,co,no2
count,348.0,348.0,348.0,348.0,348.0,348.0,348.0,348.0,348.0
mean,173.45114942528735,106.49126436781609,30.294942528735632,75.50574712643679,2.3761494252873563,39.52933908045977,76.22655172413793,416.221867816092,8.7583908045977
std,98.2680004488729,34.432259128813634,2.903351585489467,11.201454787380884,1.1373446503538096,19.06326106983487,45.678918231324836,198.20880289316068,5.487744348731394
min,1.0,2.12,22.99,46.0,0.0,0.51,2.78,18.08,0.0
25%,87.75,80.6025,27.99,66.0,2.06,26.33,52.0375,261.25,3.9000000000000004
50%,176.5,102.33,29.99,78.0,2.06,36.075,70.91,368.76,8.065000000000001
75%,259.25,133.60750000000002,32.99,83.0,3.09,48.99,93.135,573.3775,12.344999999999999
max,337.0,187.49,38.99,100.0,8.23,126.18,663.85,1168.94,26.91
