,id,aqi,temperature,humidity,wind_speed,pm2_5,pm10,co,no2
count,299.0,299.0,299.0,299.0,299.0,299.0,299.0,299.0,299.0
mean,150.1036789297659,105.42334448160533,30.251270903010038,75.50501672240803,2.4251170568561875,38.84652173913044,74.84826086956521,418.3193311036789,8.734046822742474
std,85.62595780982299,34.72235197046421,2.9257989885956466,10.918972847142362,1.171356224943889,18.595306326901536,48.335859195979936,199.4161943457359,5.484022981800347
min,1.0,2.12,22.99,46.0,0.0,0.51,2.78,18.08,0.0
25%,75.5,77.4,27.99,66.0,2.06,24.775,48.935,264.87,3.965
50%,152.0,102.28,29.99,78.0,2.06,36.06,68.36,368.78,8.03
75%,224.5,133.41500000000002,32.99,83.0,3.09,48.815,92.425,566.65,12.43
max,293.0,183.63,38.99,100.0,8.23,118.7,663.85,1168.94,26.91
