,id,aqi,temperature,humidity,wind_speed,pm2_5,pm10,co,no2
count,1076.0,1076.0,1076.0,1076.0,1076.0,1076.0,1076.0,1076.0,1076.0
mean,479.9600371747212,132.2420910780669,27.861737918215617,67.04553903345725,1.9119144981412641,61.850130111524166,-18585500800.834003,549.7140055762083,9.27371747211896
std,255.7461919179966,45.78495975851067,5.0268360801632115,17.325952266520037,1.2689753625749265,41.10837710114609,430886925907.38007,262.6553404020331,5.434680823739118
min,1.0,2.12,11.99,20.0,0.0,0.51,-9998999486464.0,18.08,0.0
25%,266.75,93.67,24.99,55.0,1.03,32.4825,58.8,339.3425,4.9025
50%,500.0,141.16,27.99,70.0,2.06,51.94,86.5,529.95,8.955
75%,702.25,163.5925,30.99,82.0,2.15,79.8925,126.5725,697.96,12.9225
max,901.0,348.23,38.99,100.0,8.84,298.16,663.85,1655.54,26.91
