,id,aqi,temperature,humidity,wind_speed,pm2_5,pm10,co,no2
count,1269.0,1269.0,1269.0,1269.0,1269.0,1269.0,1269.0,1269.0,1269.0
mean,556.6816390858944,155.0759416863672,26.098739164696614,66.30575256107171,1.7960283687943261,87.52407407407408,-15758864303.41861,668.0788258471238,10.221315996847911
std,297.8414740710342,74.92242174914561,6.469225777709714,17.606444368063894,1.271020846754855,78.69434155599383,396797944305.43994,411.0959198645719,6.027268248654147
min,1.0,2.12,7.99,20.0,0.0,0.51,-9998999486464.0,18.08,0.0
25%,310.0,98.44,21.99,54.0,1.03,34.67,63.27,371.96,5.39
50%,568.0,154.32,27.99,70.0,2.06,61.97,98.92,587.79,9.84
75%,806.0,176.8,30.99,79.0,2.06,105.47,174.26,823.76,14.19
max,1082.0,493.9,38.99,100.0,8.84,491.16,663.85,2380.16,28.32
