,id,aqi,temperature,humidity,wind_speed,pm2_5,pm10,co,no2
count,408.0,408.0,408.0,408.0,408.0,408.0,408.0,408.0,408.0
mean,201.43872549019608,109.06245098039214,30.20107843137255,75.39950980392157,2.366004901960784,40.65338235294118,73.2285294117647,440.5429166666667,9.05563725490196
std,113.23323398180639,34.51208255285652,2.910289179671417,11.202171593390544,1.207830703098294,19.02412075102977,43.63388878397053,198.81074657419458,5.536236366560042
min,1.0,2.12,22.99,46.0,0.0,0.51,2.78,18.08,0.0
25%,102.75,83.1675,27.99,66.0,1.54,27.475,48.34,276.69,4.2125
50%,205.5,104.47,29.99,78.0,2.06,36.945,67.41499999999999,402.45500000000004,8.4
75%,299.25,142.4275,31.99,83.0,3.09,52.5225,90.79750000000001,599.6775,12.7075
max,389.0,187.49,38.99,100.0,8.23,126.18,663.85,1168.94,26.91
