,id,aqi,temperature,humidity,wind_speed,pm2_5,pm10,co,no2
count,368.0,368.0,368.0,368.0,368.0,368.0,368.0,368.0,368.0
mean,182.8233695652174,106.27888586956523,30.294673913043486,75.28804347826087,2.3952445652173906,39.33970108695652,74.31046195652173,424.024972826087,8.83375
std,103.26877604739133,33.93084562144589,2.876769570739432,11.222722594300466,1.174472318161829,18.708213416283467,45.210495876380236,196.09884171943744,5.3940881012587925
min,1.0,2.12,22.99,46.0,0.0,0.51,2.78,18.08,0.0
25%,92.75,80.93,27.99,66.0,2.06,26.509999999999998,48.34,266.2925,4.0275
50%,186.5,101.765,29.99,78.0,2.06,35.879999999999995,68.86500000000001,383.935,8.219999999999999
75%,272.0,133.295,32.99,83.0,3.09,48.662499999999994,92.28999999999999,587.26,12.3175
max,355.0,187.49,38.99,100.0,8.23,126.18,663.85,1168.94,26.91
