,id,aqi,temperature,humidity,wind_speed,pm2_5,pm10,co,no2
count,1324.0,1324.0,1324.0,1324.0,1324.0,1324.0,1324.0,1324.0,1324.0
mean,579.666918429003,164.90510574018126,25.634252265861026,66.84969788519638,1.7766465256797581,98.43982628398791,-15104228683.559912,710.9944486404834,10.414335347432024
std,311.8192395910792,87.86322789219088,6.756389588523944,17.783766491570976,1.2589469109922446,94.03568420177298,388475251785.86707,460.04424567820735,6.086060595451585
min,1.0,2.12,7.99,20.0,0.0,0.51,-9998999486464.0,18.08,0.0
25%,323.75,101.465,21.735,55.0,1.03,35.7225,65.18,378.635,5.54
50%,590.5,155.14,26.99,70.0,2.06,63.545,102.77000000000001,602.51,10.075
75%,838.25,184.1075,29.99,82.0,2.06,119.6225,198.20250000000001,883.345,14.5925
max,1137.0,493.9,38.99,100.0,8.84,491.16,663.85,2794.89,28.32
