,id,aqi,temperature,humidity,wind_speed,pm2_5,pm10,co,no2
count,837.0,837.0,837.0,837.0,837.0,837.0,837.0,837.0,837.0
mean,385.5806451612903,117.34798088410992,29.530011947431305,70.02628434886499,2.1139545997610516,46.70119474313022,-23892471812.64177,476.7114217443249,8.480681003584229
std,207.7399512089367,37.006610506199145,3.577893231488839,16.05013905886803,1.2417488488732251,23.29202350799941,488482392364.3703,207.10073689453284,5.124772898670936
min,1.0,2.12,19.99,27.0,0.0,0.51,-9998999486464.0,18.08,0.0
25%,210.0,86.84,26.99,59.0,1.03,29.23,52.58,311.91,4.26
50%,398.0,112.11,28.99,74.0,2.06,40.12,74.46,467.29,8.0
75%,564.0,154.72,31.99,83.0,3.09,62.74,100.56,626.98,11.89
max,724.0,187.49,38.99,100.0,8.84,126.18,663.85,1179.69,26.91
