,id,aqi,temperature,humidity,wind_speed,pm2_5,pm10,co,no2
count,1260.0,1260.0,1260.0,1260.0,1260.0,1260.0,1260.0,1260.0,1260.0
mean,552.9738095238096,153.09330952380952,26.15665873015873,66.30396825396825,1.8031349206349205,85.27687301587302,-15871427623.133734,659.8047777777778,10.190968253968252
std,295.64084232978786,71.32720930146459,6.448853382961013,17.606649498406956,1.2702555255262065,74.18689118846697,398211434841.7661,399.9154026335726,6.011008898144669
min,1.0,2.12,7.99,20.0,0.0,0.51,-9998999486464.0,18.08,0.0
25%,307.75,98.24,22.0275,54.0,1.03,34.615,63.072500000000005,370.6475,5.387499999999999
50%,565.5,154.11,27.99,70.0,2.06,61.585,97.27000000000001,585.87,9.79
75%,799.25,175.62,30.99,79.0,2.06,103.17750000000001,171.57,819.4175,14.15
max,1068.0,424.08,38.99,100.0,8.84,385.45,663.85,2380.16,28.32
