,id,aqi,temperature,humidity,wind_speed,pm2_5,pm10,co,no2
count,1181.0,1181.0,1181.0,1181.0,1181.0,1181.0,1181.0,1181.0,1181.0
mean,521.1176968670618,141.11823878069433,26.857053344623203,66.61388653683319,1.8396104995766298,72.09977984758679,-16933106550.640295,599.0693480101608,9.716469093988145
std,277.52802368827224,54.18707087908332,5.929820469574878,17.462452025116292,1.2805406104222203,53.784946995802855,411303584130.06476,317.9847449299005,5.670345068873969
min,1.0,2.12,7.99,20.0,0.0,0.51,-9998999486464.0,18.08,0.0
25%,290.0,96.38,23.99,55.0,1.03,33.74,61.66,358.72,5.22
50%,538.0,151.81,27.99,70.0,2.06,57.12,93.27,564.92,9.4
75%,754.0,169.24,30.99,79.0,2.06,90.83,145.84,755.37,13.54
max,990.0,363.54,38.99,100.0,8.84,313.61,663.85,2285.75,28.32
