,id,aqi,temperature,humidity,wind_speed,pm2_5,pm10,co,no2
count,1440.0,1440.0,1440.0,1440.0,1440.0,1440.0,1440.0,1440.0,1440.0
mean,629.0375,173.36460416666668,24.626111111111115,67.64652777777778,1.737388888888889,107.89363888888889,-13887499128.650803,780.8726527777778,10.950020833333333
std,342.51616679151226,91.2741856880631,7.391519182014179,17.956961182958004,1.2455241290143957,98.30309912894185,372511207764.25336,521.5761468717599,6.427424968829584
min,1.0,2.12,6.99,20.0,0.0,0.51,-9998999486464.0,18.08,0.0
25%,347.75,104.495,18.99,55.0,1.03,36.9525,68.15,397.9325,5.827500000000001
50%,635.0,157.94,26.99,70.0,2.06,69.12,111.0,630.985,10.725000000000001
75%,903.25,197.465,29.99,82.0,2.06,145.49,227.1625,1008.0550000000001,15.23
max,1249.0,493.9,38.99,100.0,8.84,491.16,663.85,2839.26,33.91
