,id,aqi,temperature,humidity,wind_speed,pm2_5,pm10,co,no2
count,1152.0,1152.0,1152.0,1152.0,1152.0,1152.0,1152.0,1152.0,1152.0
mean,509.64756944444446,139.13874131944442,27.159262152777778,66.68576388888889,1.8599913194444444,69.84782118055556,-17359373995.285194,583.1318055555555,9.519739583333333
std,271.29011678616484,52.772390005512634,5.64778076041048,17.45427802814353,1.276379034774199,51.69842152197433,416443955362.4299,296.6373968040146,5.509500657905124
min,1.0,2.12,9.99,20.0,0.0,0.51,-9998999486464.0,18.08,0.0
25%,283.75,96.0025,23.99,55.0,1.03,33.5275,60.8525,351.17,5.09
50%,528.0,151.05,27.99,70.0,2.06,55.69,91.875,556.65,9.29
75%,742.0,167.695,30.99,79.0,2.06,87.83,139.92499999999998,737.9975,13.36
max,963.0,363.54,38.99,100.0,8.84,313.61,663.85,1714.68,26.91
