,id,aqi,temperature,humidity,wind_speed,pm2_5,pm10,co,no2
count,805.0,805.0,805.0,805.0,805.0,805.0,805.0,805.0,805.0
mean,372.5913043478261,115.46426086956524,29.643403726708076,70.6136645962733,2.1532049689440993,45.18834782608696,-24842234671.868282,469.7844223602484,8.496124223602484
std,201.12979565546968,36.38356886275134,3.516892368636431,15.711518166501913,1.2370722192326402,22.133465305867283,498084872683.76,204.3875333779409,5.179690282954703
min,1.0,2.12,19.99,27.0,0.0,0.51,-9998999486464.0,18.08,0.0
25%,204.0,85.89,26.99,61.0,1.03,28.75,51.21,307.72,4.18
50%,385.0,110.21,28.99,74.0,2.06,39.24,73.64,454.49,7.96
75%,548.0,153.88,31.99,83.0,3.09,61.3,96.8,619.15,11.95
max,701.0,187.49,38.99,100.0,8.84,126.18,663.85,1179.69,26.91
