,id,aqi,temperature,humidity,wind_speed,pm2_5,pm10,co,no2
count,1239.0,1239.0,1239.0,1239.0,1239.0,1239.0,1239.0,1239.0,1239.0
mean,544.4140435835351,149.31170298627927,26.349152542372885,66.18886198547216,1.8170702179176759,81.1771589991929,-16140434878.137419,644.1893058918482,10.088587570621469
std,290.66436155619505,65.59470526690596,6.307616764589086,17.625978731642206,1.2720687947160483,67.62996701260285,401569221066.314,383.25199129194783,5.966887739503646
min,1.0,2.12,7.99,20.0,0.0,0.51,-9998999486464.0,18.08,0.0
25%,303.5,97.94999999999999,22.99,53.0,1.03,34.46,62.57,366.49,5.3100000000000005
50%,559.0,153.5,27.99,70.0,2.06,60.56,95.98,578.44,9.7
75%,787.5,173.88,30.99,79.0,2.06,99.815,164.48,803.185,14.01
max,1047.0,402.62,38.99,100.0,8.84,352.96,663.85,2380.16,28.32
