,id,aqi,temperature,humidity,wind_speed,pm2_5,pm10,co,no2
count,326.0,326.0,326.0,326.0,326.0,326.0,326.0,326.0,326.0
mean,162.98159509202455,104.54036809815952,30.312453987730063,75.42331288343559,2.4023006134969327,38.31819018404908,76.6019018404908,409.05616564417176,8.733957055214724
std,92.56960606975376,33.72327701732386,2.9344025400594127,11.280695944445693,1.152089439022559,18.012151559195004,46.80507033746398,198.11670492924546,5.55462252276946
min,1.0,2.12,22.99,46.0,0.0,0.51,2.78,18.08,0.0
25%,82.25,78.4525,27.99,66.0,2.06,25.2425,52.2275,246.4825,3.665
50%,165.5,100.345,29.99,78.0,2.06,35.65,70.995,363.62,8.015
75%,244.75,129.4125,32.99,83.0,3.09,47.1375,94.0425,559.905,12.53
max,318.0,183.63,38.99,100.0,8.23,118.7,663.85,1168.94,26.91
