,id,aqi,temperature,humidity,wind_speed,pm2_5,pm10,co,no2
count,1120.0,1120.0,1120.0,1120.0,1120.0,1120.0,1120.0,1120.0,1120.0
mean,497.1098214285714,136.8629107142857,27.46945535714286,66.86785714285715,1.8800267857142858,67.23029464285713,-17855356115.7158,569.9633482142857,9.408776785714286
std,264.6451102864707,51.28711408216239,5.367585562440826,17.361849511511153,1.274291511155678,49.30138719235946,422346005555.74677,284.06110217118106,5.478031585198548
min,1.0,2.12,10.99,20.0,0.0,0.51,-9998999486464.0,18.08,0.0
25%,275.75,94.735,24.99,55.0,1.03,32.9225,60.260000000000005,345.86,5.04
50%,518.0,147.07,27.99,70.0,2.06,54.41,89.315,549.11,9.16
75%,726.0,166.035,30.99,82.0,2.06,84.6175,135.77,720.2275,13.195
max,935.0,363.54,38.99,100.0,8.84,313.61,663.85,1714.68,26.91
