,id,aqi,temperature,humidity,wind_speed,pm2_5,pm10,co,no2
count,882.0,882.0,882.0,882.0,882.0,882.0,882.0,882.0,882.0
mean,403.578231292517,119.86673469387756,29.322188208616783,69.3344671201814,2.067403628117914,48.70307256235828,-22673468142.213436,489.1602154195011,8.563106575963719
std,216.76421620730935,37.72083052355777,3.716340528028808,16.378758017258434,1.2437361578389499,24.675782246601127,475872527344.31024,215.08573168750513,5.122779587436395
min,1.0,2.12,18.99,27.0,0.0,0.51,-9998999486464.0,18.08,0.0
25%,221.25,88.2125,26.99,58.0,1.03,29.872500000000002,53.7575,315.11749999999995,4.39
50%,419.5,114.875,28.99,72.0,2.06,41.33,77.065,477.58500000000004,8.094999999999999
75%,589.75,156.1375,31.99,83.0,2.57,65.4575,105.075,636.445,11.9475
max,751.0,190.97,38.99,100.0,8.84,132.92,663.85,1179.69,26.91
