,id,aqi,temperature,humidity,wind_speed,pm2_5,pm10,co,no2
count,1042.0,1042.0,1042.0,1042.0,1042.0,1042.0,1042.0,1042.0,1042.0
mean,466.5873320537428,128.90477927063338,28.16753358925144,67.27927063339732,1.9476103646833012,57.93830134357006,-19191937496.458443,534.9786180422265,9.09947216890595
std,248.7485962246038,41.79736228916408,4.747022076920922,17.284357735540695,1.2610975008443976,34.431135261589915,437853665057.238,247.87235014457733,5.359227223753823
min,1.0,2.12,11.99,20.0,0.0,0.51,-9998999486464.0,18.08,0.0
25%,259.25,92.3,25.99,55.0,1.03,31.9325,57.425,336.4175,4.83
50%,484.5,133.785,28.99,70.0,2.06,49.019999999999996,84.72999999999999,521.005,8.77
75%,681.75,161.96,30.99,82.0,2.345,76.72,120.42750000000001,681.9275,12.6875
max,877.0,242.45,38.99,100.0,8.84,192.33,663.85,1324.55,26.91
