,id,aqi,temperature,humidity,wind_speed,pm2_5,pm10,co,no2
count,1464.0,1464.0,1464.0,1464.0,1464.0,1464.0,1464.0,1464.0,1464.0
mean,639.405737704918,175.881912568306,24.376612021857923,67.83743169398907,1.7278825136612022,110.62742486338797,-13659835202.899508,799.7807445355191,11.129829234972679
std,349.0673160130383,92.97461668767062,7.583528089761018,17.897698747798966,1.2407090215436005,100.18819507571855,369447327062.09686,542.238255260926,6.6238277832838754
min,1.0,2.12,6.99,20.0,0.0,0.51,-9998999486464.0,18.08,0.0
25%,353.75,105.38499999999999,18.99,55.0,1.03,37.394999999999996,68.72,401.9075,5.8575
50%,644.0,158.83999999999997,26.99,71.0,2.06,70.92500000000001,112.61500000000001,636.2,10.82
75%,915.25,200.425,29.99,82.0,2.06,150.5125,234.36249999999998,1047.85,15.5
max,1273.0,493.9,38.99,100.0,8.84,491.16,663.85,2839.26,33.91
