,id,aqi,temperature,humidity,wind_speed,pm2_5,pm10,co,no2
count,410.0,410.0,410.0,410.0,410.0,410.0,410.0,410.0,410.0
mean,202.3609756097561,109.17219512195122,30.175658536585367,75.4609756097561,2.363243902439024,40.688780487804884,73.11541463414635,442.364,9.082560975609756
std,113.72336546350796,34.46494942597391,2.925834456523599,11.20926481209921,1.2056577967077722,18.9847797350888,43.55752613589863,200.22877163220036,5.543489366316454
min,1.0,2.12,22.99,46.0,0.0,0.51,2.78,18.08,0.0
25%,103.25,83.2325,27.99,66.0,1.54,27.509999999999998,48.239999999999995,277.1875,4.2325
50%,206.0,104.555,29.99,78.0,2.06,37.065,67.265,403.265,8.41
75%,300.75,142.285,31.99,83.0,3.09,52.394999999999996,90.64750000000001,602.145,12.7225
max,391.0,187.49,38.99,100.0,8.23,126.18,663.85,1168.94,26.91
