,id,aqi,temperature,humidity,wind_speed,pm2_5,pm10,co,no2
count,613.0,613.0,613.0,613.0,613.0,613.0,613.0,613.0,613.0
mean,293.08482871125614,107.72246329526916,29.799331158238175,75.32137030995106,2.2928058727569334,39.939836867862965,68.41432300163132,460.96928221859713,8.713083197389885
std,161.3794881562105,34.18182095727116,3.2282693378856746,12.791291592440638,1.2186023910268824,18.738232010043887,38.80117311000394,212.82821875518187,5.431717381607324
min,1.0,2.12,22.99,34.0,0.0,0.51,2.78,18.08,0.0
25%,156.0,79.62,27.99,66.0,1.54,25.76,45.43,292.3,4.09
50%,300.0,102.28,28.99,78.0,2.06,36.06,63.72,429.32,7.97
75%,435.0,140.05,31.99,84.0,3.09,51.36,85.43,614.77,12.13
max,555.0,187.49,38.99,100.0,8.23,126.18,663.85,1179.69,26.91
