,id,aqi,temperature,humidity,wind_speed,pm2_5,pm10,co,no2
count,928.0,928.0,928.0,928.0,928.0,928.0,928.0,928.0,928.0
mean,421.6971982758621,123.07733836206896,29.07942887931035,69.04525862068965,2.018200431034483,52.09521551724138,-21549567772.93114,506.32451508620693,8.664181034482759
std,225.74779464760752,39.61934046748486,3.864138471171321,16.343141468891524,1.2508221653112412,29.176573421684672,463941457020.9938,229.90779986886332,5.107493170965871
min,1.0,2.12,17.99,27.0,0.0,0.51,-9998999486464.0,18.08,0.0
25%,232.75,89.575,26.99,58.0,1.03,30.4575,54.6875,319.5675,4.5675
50%,439.0,120.32,28.99,70.0,2.06,43.53,79.12,492.365,8.219999999999999
75%,619.25,157.93,31.99,83.0,2.57,69.05000000000001,110.3925,651.915,12.01
max,787.0,232.49,38.99,100.0,8.84,182.28,663.85,1324.55,26.91
