,id,aqi,temperature,humidity,wind_speed,pm2_5,pm10,co,no2
count,225.0,225.0,225.0,225.0,225.0,225.0,225.0,225.0,225.0
mean,113.91555555555556,105.3060888888889,29.945244444444445,77.07555555555555,2.4582222222222225,38.81368888888888,66.25093333333334,438.30199999999996,8.993511111111111
std,65.70508363797292,36.54140240866603,2.830031085420168,9.968189483918412,1.1761363974458172,19.305145807139628,51.263470020083496,187.88982239552368,5.347101320133907
min,1.0,2.12,22.99,47.0,0.0,0.51,19.51,18.08,0.76
25%,57.0,73.54,27.99,70.0,2.06,24.21,44.28,279.93,4.84
50%,114.0,102.28,28.99,78.0,2.06,36.06,60.11,395.47,8.1
75%,171.0,138.28,31.99,83.0,3.09,50.99,74.61,598.69,12.31
max,225.0,183.63,38.99,100.0,8.23,118.7,663.85,1168.94,26.91
