,id,aqi,temperature,humidity,wind_speed,pm2_5,pm10,co,no2
count,480.0,480.0,480.0,480.0,480.0,480.0,480.0,480.0,480.0
mean,234.39375,110.3216875,29.64025,77.14375,2.3714375,41.429770833333336,69.68627083333334,484.80495833333333,9.542520833333333
std,130.80946462703886,34.54068282182267,3.161176206799998,11.633861136690944,1.228123564982933,19.38785220440299,42.02050034591531,220.79388017032156,5.576810330746269
min,1.0,2.12,22.99,46.0,0.0,0.51,2.78,18.08,0.0
25%,123.5,83.655,26.99,70.0,1.54,27.7,44.474999999999994,303.16999999999996,5.1925
50%,240.5,106.08500000000001,28.99,79.0,2.06,37.635,64.605,477.58500000000004,9.1
75%,347.25,144.4525,31.99,84.0,3.09,53.2525,86.6575,635.605,13.459999999999999
max,451.0,187.49,38.99,100.0,8.23,126.18,663.85,1179.69,26.91
