,id,aqi,temperature,humidity,wind_speed,pm2_5,pm10,co,no2
count,982.0,982.0,982.0,982.0,982.0,982.0,982.0,982.0,982.0
mean,442.9511201629328,125.0358350305499,28.702820773930757,68.05804480651732,2.0084012219959266,53.49586558044807,-20364560982.893337,514.8822097759675,8.833655804480651
std,236.50992710784558,39.633542089728266,4.20220272397592,16.892165379820113,1.251469753633488,29.396288451677133,451018477070.8491,232.8014147263237,5.213362015264602
min,1.0,2.12,14.99,20.0,0.0,0.51,-9998999486464.0,18.08,0.0
25%,246.25,90.645,26.8475,56.0,1.03,30.975,56.457499999999996,327.2975,4.685
50%,459.5,124.575,28.99,70.0,2.06,45.18000000000001,81.405,499.905,8.41
75%,647.0,159.2775,31.99,83.0,2.57,71.545,114.08,663.5275,12.3
max,830.0,232.49,38.99,100.0,8.84,182.28,663.85,1324.55,26.91
