,id,aqi,temperature,humidity,wind_speed,pm2_5,pm10,co,no2
count,611.0,611.0,611.0,611.0,611.0,611.0,611.0,611.0,611.0
mean,292.22749590834695,107.6755155482815,29.77906710310966,75.44189852700491,2.291882160392799,39.926366612111295,68.29409165302782,461.7295417348609,8.733420621931261
std,160.9443207767103,34.22787734285766,3.2134947954536712,12.634372021975858,1.2201348591920702,18.767426216102482,38.80745727666411,212.7537062321767,5.428270948771714
min,1.0,2.12,22.99,37.0,0.0,0.51,2.78,18.08,0.0
25%,155.5,79.6,27.99,66.0,1.54,25.735,45.379999999999995,294.4,4.140000000000001
50%,299.0,102.23,28.99,78.0,2.06,36.02,63.71,429.65,8.0
75%,434.0,140.05,31.99,84.0,3.09,51.465,84.81,614.885,12.22
max,554.0,187.49,38.99,100.0,8.23,126.18,663.85,1179.69,26.91
