,id,aqi,temperature,humidity,wind_speed,pm2_5,pm10,co,no2
count,1096.0,1096.0,1096.0,1096.0,1096.0,1096.0,1096.0,1096.0,1096.0
mean,487.75638686131384,134.77764598540145,27.693458029197085,66.97992700729927,1.894881386861314,64.74688868613138,-18246349320.94066,560.0073905109488,9.314051094890512
std,259.7783740270517,49.694197674276666,5.165620845169056,17.326980528679616,1.2700125424830235,46.665092278306375,426941005182.9665,276.02042177828764,5.432300202626034
min,1.0,2.12,11.99,20.0,0.0,0.51,-9998999486464.0,18.08,0.0
25%,270.75,94.4875,24.99,55.0,1.03,32.82,59.5125,341.09749999999997,4.9675
50%,508.0,144.39999999999998,27.99,70.0,2.06,53.165000000000006,87.735,541.2049999999999,9.004999999999999
75%,712.25,164.55,30.99,82.0,2.06,81.7425,130.91250000000002,707.4575,13.0125
max,913.0,363.54,38.99,100.0,8.84,313.61,663.85,1714.68,26.91
