,id,aqi,temperature,humidity,wind_speed,pm2_5,pm10,co,no2
count,1045.0,1045.0,1045.0,1045.0,1045.0,1045.0,1045.0,1045.0,1045.0
mean,467.7712918660287,129.1675885167464,28.138315789473683,67.25263157894737,1.9439904306220095,58.25967464114832,-19136841024.42886,536.4935885167464,9.12268899521531
std,249.37001915777105,42.03468463517256,4.773206673714215,17.278352934730915,1.2621658011081127,34.91353151493317,437225319284.23553,249.1757546484789,5.36935673137285
min,1.0,2.12,11.99,20.0,0.0,0.51,-9998999486464.0,18.08,0.0
25%,260.0,92.6,25.99,55.0,1.03,32.09,57.47,337.1,4.83
50%,486.0,134.44,28.99,70.0,2.06,49.23,84.78,521.41,8.8
75%,683.0,162.17,30.99,82.0,2.33,77.13,121.12,684.82,12.72
max,880.0,242.45,38.99,100.0,8.84,192.33,663.85,1324.55,26.91
