,id,aqi,temperature,humidity,wind_speed,pm2_5,pm10,co,no2
count,717.0,717.0,717.0,717.0,717.0,717.0,717.0,717.0,717.0
mean,336.6513249651325,111.11263598326359,30.013528591352866,72.54532775453278,2.2074616457461644,42.184490934449094,-27891211884.20946,460.5406834030684,8.533514644351465
std,183.15329550016736,34.738633773103054,3.2776131995467996,14.531019452329941,1.1941982538701226,20.118743669584482,527725980925.10596,205.32098226720322,5.288121576589709
min,1.0,2.12,22.99,31.0,0.0,0.51,-9998999486464.0,18.08,0.0
25%,182.0,84.14,27.99,62.0,1.54,27.88,48.81,298.96,4.06
50%,346.0,105.95,29.99,74.0,2.06,37.52,70.15,438.01,7.94
75%,500.0,146.85,31.99,83.0,3.09,54.52,90.68,607.18,12.01
max,633.0,187.49,38.99,100.0,8.23,126.18,663.85,1179.69,26.91
