,id,aqi,temperature,humidity,wind_speed,pm2_5,pm10,co,no2
count,1422.0,1422.0,1422.0,1422.0,1422.0,1422.0,1422.0,1422.0,1422.0
mean,621.2974683544304,172.48819268635722,24.783952180028127,67.5576652601969,1.739465541490858,106.89459915611815,-14063290259.800526,772.0152250351617,10.87225035161744
std,337.6492827204955,91.32534375132965,7.299293420575305,18.02708829371835,1.2507944818787513,98.28778564348968,374859808465.14307,515.0223013578178,6.37423135236554
min,1.0,2.12,6.99,20.0,0.0,0.51,-9998999486464.0,18.08,0.0
25%,343.25,103.9425,19.99,55.0,1.03,36.775000000000006,67.3925,394.815,5.7975
50%,629.5,157.57,26.99,70.0,2.06,68.25,110.33000000000001,627.26,10.63
75%,895.75,195.9675,29.99,82.0,2.06,142.595,223.59,989.005,15.0975
max,1231.0,493.9,38.99,100.0,8.84,491.16,663.85,2839.26,33.91
