,id,aqi,temperature,humidity,wind_speed,pm2_5,pm10,co,no2
count,1049.0,1049.0,1049.0,1049.0,1049.0,1049.0,1049.0,1049.0,1049.0
mean,469.34699714013345,129.53556720686367,28.102478551000956,67.21639656816015,1.9395233555767397,58.6854814108675,-19063869275.02126,538.314756911344,9.128350810295519
std,250.19456873838038,42.41313233597765,4.81139433177209,17.29873020697997,1.2629268085436889,35.602331349250164,436391717531.574,251.27699314260573,5.368930609017805
min,1.0,2.12,11.99,20.0,0.0,0.51,-9998999486464.0,18.08,0.0
25%,261.0,93.04,25.99,55.0,1.03,32.11,57.61,337.87,4.83
50%,488.0,136.16,28.67,70.0,2.06,49.84,84.89,522.74,8.8
75%,685.0,162.26,30.99,82.0,2.24,77.31,121.99,686.29,12.73
max,882.0,249.94,38.99,100.0,8.84,199.88,663.85,1324.55,26.91
