,id,aqi,temperature,humidity,wind_speed,pm2_5,pm10,co,no2
count,1449.0,1449.0,1449.0,1449.0,1449.0,1449.0,1449.0,1449.0,1449.0
mean,632.9192546583851,174.0922084195997,24.534513457556937,67.7287784679089,1.7333471359558315,108.67616977225673,-13801241368.191172,787.6798481711526,11.021007591442373
std,344.9648268089889,91.61305121462946,7.459891949748678,17.9393624495194,1.24394291207507,98.69781916137504,371353341229.3313,529.5106022985034,6.505784736200708
min,1.0,2.12,6.99,20.0,0.0,0.51,-9998999486464.0,18.08,0.0
25%,350.0,104.59,18.99,55.0,1.03,36.97,68.36,399.36,5.84
50%,639.0,158.24,26.99,70.0,2.06,69.61,111.46,632.13,10.78
75%,908.0,198.17,29.99,82.0,2.06,146.86,230.75,1019.59,15.32
max,1258.0,493.9,38.99,100.0,8.84,491.16,663.85,2839.26,33.91
