,id,aqi,temperature,humidity,wind_speed,pm2_5,pm10,co,no2
count,1145.0,1145.0,1145.0,1145.0,1145.0,1145.0,1145.0,1145.0,1145.0
mean,506.8943231441048,138.8528733624454,27.230165938864634,66.73362445414847,1.864165938864629,69.52765065502183,-17465501173.591434,581.4587423580787,9.508899563318776
std,269.8148261235228,52.79384768973484,5.581163708991711,17.42325217374446,1.276668464224412,51.64925721258842,417713877201.3571,296.20144314995537,5.513757778224541
min,1.0,2.12,9.99,20.0,0.0,0.51,-9998999486464.0,18.08,0.0
25%,282.0,95.79,23.99,55.0,1.03,33.43,60.76,348.63,5.09
50%,526.0,151.04,27.99,70.0,2.06,55.58,91.33,554.08,9.25
75%,738.0,167.41,30.99,79.0,2.06,87.28,139.15,734.37,13.36
max,956.0,363.54,38.99,100.0,8.84,313.61,663.85,1714.68,26.91
