,id,aqi,temperature,humidity,wind_speed,pm2_5,pm10,co,no2
count,1146.0,1146.0,1146.0,1146.0,1146.0,1146.0,1146.0,1146.0,1146.0
mean,507.2870855148342,138.89159685863874,27.219485165794072,66.73385689354276,1.8643368237347298,69.56988656195462,-17450260771.021282,581.736422338569,9.515157068062827
std,270.0245250851872,52.787068151186745,5.590430938248464,17.415643882333814,1.2761239573697216,51.64649326043984,417531748306.1339,296.22125832729455,5.515418976094047
min,1.0,2.12,9.99,20.0,0.0,0.51,-9998999486464.0,18.08,0.0
25%,282.25,95.8075,23.99,55.0,1.03,33.4525,60.777499999999996,348.6575,5.09
50%,526.5,151.04,27.99,70.0,2.06,55.585,91.37,555.11,9.265
75%,738.75,167.5225,30.99,79.0,2.06,87.4975,139.28500000000003,735.87,13.36
max,957.0,363.54,38.99,100.0,8.84,313.61,663.85,1714.68,26.91
