,id,aqi,temperature,humidity,wind_speed,pm2_5,pm10,co,no2
count,1381.0,1381.0,1381.0,1381.0,1381.0,1381.0,1381.0,1381.0,1381.0
mean,603.7900072411296,168.64879797248372,25.16522809558291,67.05141202027517,1.7502824040550324,102.61174511223751,-14480810109.6062,738.5216944243301,10.66041998551774
std,326.7286880291228,89.28643176619609,7.0429068054602615,17.91164607270196,1.257149925300444,95.85864847881105,380379667538.62714,476.89586989729514,6.208307498618073
min,1.0,2.12,6.99,20.0,0.0,0.51,-9998999486464.0,18.08,0.0
25%,336.0,102.28,20.99,55.0,1.03,36.06,66.34,387.1,5.7
50%,614.0,156.57,26.99,70.0,2.06,66.29,107.49,617.48,10.43
75%,872.0,189.62,29.99,82.0,2.06,130.3,211.43,930.87,15.0
max,1190.0,493.9,38.99,100.0,8.84,491.16,663.85,2794.89,28.32
