,id,aqi,temperature,humidity,wind_speed,pm2_5,pm10,co,no2
count,363.0,363.0,363.0,363.0,363.0,363.0,363.0,363.0,363.0
mean,180.4793388429752,106.01771349862258,30.27132231404959,75.40220385674931,2.385730027548209,39.244517906336085,74.62396694214875,421.86831955922867,8.794490358126723
std,102.01078638452006,34.00182462613794,2.879078258196737,11.165416000607184,1.1527745553803308,18.784390221570288,45.42170694855546,196.14294712066342,5.394376133472889
min,1.0,2.12,22.99,46.0,0.0,0.51,2.78,18.08,0.0
25%,91.5,80.275,27.99,66.0,2.06,26.33,48.58,265.57,4.005
50%,184.0,101.57,29.99,78.0,2.06,35.76,69.68,377.97,8.17
75%,268.5,133.02499999999998,31.99,83.0,3.09,48.629999999999995,92.425,583.6500000000001,12.22
max,350.0,187.49,38.99,100.0,8.23,126.18,663.85,1168.94,26.91
