,id,aqi,temperature,humidity,wind_speed,pm2_5,pm10,co,no2
count,1209.0,1209.0,1209.0,1209.0,1209.0,1209.0,1209.0,1209.0,1209.0
mean,532.302729528536,144.66885028949545,26.600413564929696,66.41935483870968,1.8323490488006617,76.08505376344087,-16540941957.73474,619.1723655913978,9.877303556658395
std,283.75871081093976,58.92262420578599,6.133142269697129,17.535545430836542,1.2752099323019568,59.738800966472716,406516859089.6683,346.43400537547126,5.783028535955683
min,1.0,2.12,7.99,20.0,0.0,0.51,-9998999486464.0,18.08,0.0
25%,297.0,97.31,22.99,54.0,1.03,34.18,62.1,361.76,5.27
50%,549.0,152.71,27.99,70.0,2.06,58.83,94.44,570.48,9.54
75%,771.0,171.66,30.99,79.0,2.06,95.52,153.42,777.41,13.71
max,1017.0,390.27,38.99,100.0,8.84,340.58,663.85,2362.04,28.32
