,id,aqi,temperature,humidity,wind_speed,pm2_5,pm10,co,no2
count,1219.0,1219.0,1219.0,1219.0,1219.0,1219.0,1219.0,1219.0,1219.0
mean,536.32403609516,146.41524200164068,26.51009023789992,66.36997538966367,1.8287202625102543,77.98542247744054,-16405249239.357416,629.3805332239541,9.949753896636587
std,286.032630744052,61.88680103915621,6.201342053096437,17.54104127414708,1.2740225022725504,63.1983095327522,404847382813.3306,364.605443809643,5.845258918792644
min,1.0,2.12,7.99,20.0,0.0,0.51,-9998999486464.0,18.08,0.0
25%,298.5,97.58000000000001,22.99,54.0,1.03,34.275000000000006,62.225,362.93,5.28
50%,554.0,152.73,27.99,70.0,2.06,58.87,95.3,571.99,9.59
75%,776.5,172.015,30.99,79.0,2.06,96.2,156.57,786.01,13.79
max,1027.0,402.62,38.99,100.0,8.84,352.96,663.85,2362.04,28.32
