,id,aqi,temperature,humidity,wind_speed,pm2_5,pm10,co,no2
count,1216.0,1216.0,1216.0,1216.0,1216.0,1216.0,1216.0,1216.0,1216.0
mean,535.1159539473684,145.8490460526316,26.545090460526318,66.36101973684211,1.8298437500000002,77.37331414473684,-16445722717.168512,625.3537171052632,9.911800986842104
std,285.34743626519963,60.900034767188686,6.167900643308031,17.55669270427569,1.2744800183328215,62.05855987915683,405346064530.6655,355.9075029343118,5.80110078640457
min,1.0,2.12,7.99,20.0,0.0,0.51,-9998999486464.0,18.08,0.0
25%,297.75,97.5125,22.99,54.0,1.03,34.260000000000005,62.167500000000004,362.735,5.2775
50%,552.5,152.73,27.99,70.0,2.06,58.86,95.14500000000001,571.6600000000001,9.57
75%,775.0,171.89999999999998,30.99,79.0,2.06,95.97999999999999,156.155,782.22,13.7475
max,1024.0,402.62,38.99,100.0,8.84,352.96,663.85,2362.04,28.32
