,id,aqi,temperature,humidity,wind_speed,pm2_5,pm10,co,no2
count,1392.0,1392.0,1392.0,1392.0,1392.0,1392.0,1392.0,1392.0,1392.0
mean,608.4698275862069,170.23528735632186,25.0704525862069,67.1853448275862,1.7456968390804597,104.34721264367816,-14366378417.40768,746.6620761494254,10.687155172413792
std,329.6347026498512,90.79294522787798,7.099118201176172,17.918984166370162,1.2559721099997079,97.545075377484,378874836018.4329,484.8905453275233,6.210987118657197
min,1.0,2.12,6.99,20.0,0.0,0.51,-9998999486464.0,18.08,0.0
25%,337.75,102.60000000000001,19.99,55.0,1.03,36.2525,66.51249999999999,388.705,5.71
50%,619.5,156.715,26.99,70.0,2.06,66.61500000000001,107.91,619.41,10.455
75%,879.25,191.575,29.99,82.0,2.06,134.0875,216.915,943.2149999999999,15.01
max,1201.0,493.9,38.99,100.0,8.84,491.16,663.85,2794.89,28.32
