,id,aqi,temperature,humidity,wind_speed,pm2_5,pm10,co,no2
count,1476.0,1476.0,1476.0,1476.0,1476.0,1476.0,1476.0,1476.0,1476.0
mean,644.6151761517615,177.5700406504065,24.246775067750683,67.94376693766938,1.727432249322493,112.51834010840109,-13548779628.996126,811.6385501355013,11.206632791327912
std,352.37758967975157,94.62174237331004,7.690958188935072,17.88870172086805,1.2368446371406892,102.16290790770468,367943467454.65515,558.8163459562207,6.712526370997551
min,1.0,2.12,3.99,20.0,0.0,0.51,-9998999486464.0,18.08,0.0
25%,356.75,105.9075,17.99,55.0,1.03,37.5175,69.61500000000001,402.56,5.8825
50%,648.0,159.23000000000002,26.78,71.0,2.06,71.525,113.52000000000001,639.515,10.855
75%,923.25,205.5525,29.99,82.0,2.06,155.0925,237.0925,1063.3975,15.5425
max,1289.0,493.9,38.99,100.0,8.84,491.16,663.85,3066.3,33.91
