,id,aqi,temperature,humidity,wind_speed,pm2_5,pm10,co,no2
count,1058.0,1058.0,1058.0,1058.0,1058.0,1058.0,1058.0,1058.0,1058.0
mean,472.88941398865785,130.16044423440454,28.02968809073724,67.09640831758034,1.9298393194706993,59.428241965973534,-18901700252.585335,541.1064650283554,9.183232514177694
std,252.04831282429745,42.81821686002466,4.864512176011855,17.34054715242609,1.2656757752688756,36.44035886668889,434533411810.3472,253.00036017672898,5.4033555523376195
min,1.0,2.12,11.99,20.0,0.0,0.51,-9998999486464.0,18.08,0.0
25%,263.25,93.45,25.667499999999997,55.0,1.03,32.3075,58.0575,338.06,4.842499999999999
50%,492.5,139.105,27.99,70.0,2.06,51.015,85.68,525.105,8.870000000000001
75%,691.75,162.5,30.99,82.0,2.2075,77.78,123.3725,687.985,12.815000000000001
max,888.0,249.94,38.99,100.0,8.84,199.88,663.85,1324.55,26.91
