,id,aqi,temperature,humidity,wind_speed,pm2_5,pm10,co,no2
count,590.0,590.0,590.0,590.0,590.0,590.0,590.0,590.0,590.0
mean,283.1915254237288,107.72572881355931,29.707152542372885,75.96271186440678,2.3141016949152546,40.011728813559316,67.6473559322034,465.0142033898305,8.785949152542372
std,156.35260831978206,34.68993263481736,3.1972978341388183,12.375367097572873,1.2219991649261934,19.049433095255395,39.245434682539624,214.98952009905125,5.459358255425025
min,1.0,2.12,22.99,37.0,0.0,0.51,2.78,18.08,0.0
25%,150.25,78.6375,27.99,66.0,1.54,25.2975,44.8225,292.735,4.165
50%,289.5,102.33,28.99,78.0,2.06,36.075,62.644999999999996,437.195,8.07
75%,420.0,140.83499999999998,31.99,84.0,3.09,51.895,82.23,619.54,12.3175
max,537.0,187.49,38.99,100.0,8.23,126.18,663.85,1179.69,26.91
