,id,aqi,temperature,humidity,wind_speed,pm2_5,pm10,co,no2
count,700.0,700.0,700.0,700.0,700.0,700.0,700.0,700.0,700.0
mean,329.5885714285714,109.93408571428571,29.99284285714286,72.85,2.217742857142857,41.4547,-28568569889.556267,457.9649142857143,8.549285714285714
std,179.59344290171748,34.31020324629935,3.2855837279040165,14.461099216793304,1.2034486887160452,19.77666007916861,534086557567.1023,206.45041752229164,5.321580842666179
min,1.0,2.12,22.99,31.0,0.0,0.51,-9998999486464.0,18.08,0.0
25%,177.75,83.655,27.99,62.0,1.54,27.7,48.14,296.0625,4.057499999999999
50%,338.5,104.555,29.99,74.0,2.06,36.96,68.68,432.555,7.9399999999999995
75%,488.25,143.81,31.99,83.0,3.09,53.0,88.5325,605.4825000000001,12.045
max,622.0,187.49,38.99,100.0,8.23,126.18,663.85,1179.69,26.91
