,id,aqi,temperature,humidity,wind_speed,pm2_5,pm10,co,no2
count,1255.0,1255.0,1255.0,1255.0,1255.0,1255.0,1255.0,1255.0,1255.0
mean,550.9298804780876,152.10267729083665,26.210709163346614,66.22470119521913,1.805394422310757,84.20018326693229,-15934660404.07848,655.4688047808766,10.176374501992033
std,294.44590710097907,69.70664184329083,6.403484726445583,17.596229711225014,1.2713482212399108,72.3281556400531,399003263868.9062,394.6444966842483,6.01626302091501
min,1.0,2.12,7.99,20.0,0.0,0.51,-9998999486464.0,18.08,0.0
25%,306.5,98.19,22.99,54.0,1.03,34.56,62.985,368.76,5.38
50%,564.0,154.04,27.99,70.0,2.06,61.4,96.88,584.72,9.77
75%,796.5,175.07999999999998,30.99,79.0,2.06,102.13,168.01999999999998,813.865,14.129999999999999
max,1063.0,403.0,38.99,100.0,8.84,353.53,663.85,2380.16,28.32
