,id,aqi,temperature,humidity,wind_speed,pm2_5,pm10,co,no2
count,675.0,675.0,675.0,675.0,675.0,675.0,675.0,675.0,675.0
mean,319.12444444444446,107.86918518518519,29.92186666666667,73.55555555555556,2.239659259259259,39.88106666666667,70.49007407407407,455.50007407407406,8.619525925925926
std,174.29330623242043,33.151096120100945,3.2617462345370045,14.005756905944338,1.2083499193695508,18.098990046416866,37.86362687988244,208.06286792967674,5.358592568480987
min,1.0,2.12,22.99,31.0,0.0,0.51,2.78,18.08,0.0
25%,171.5,82.39500000000001,27.99,66.0,1.54,27.325,47.355000000000004,292.125,4.055
50%,329.0,102.65,28.99,75.0,2.06,36.28,67.14,429.32,8.03
75%,473.0,136.595,31.99,83.0,3.09,50.355000000000004,86.725,602.51,12.120000000000001
max,599.0,187.49,38.99,100.0,8.23,126.18,663.85,1179.69,26.91
