,id,aqi,temperature,humidity,wind_speed,pm2_5,pm10,co,no2
count,1251.0,1251.0,1251.0,1251.0,1251.0,1251.0,1251.0,1251.0,1251.0
mean,549.2973621103117,151.47827338129497,26.242589928057555,66.19984012789769,1.80705035971223,83.51878497202239,-15985610558.415245,653.460207833733,10.173836930455636
std,293.4944188652247,68.9202967925734,6.385239704733603,17.610270638874933,1.2727925882333972,71.41524419423718,399640139365.11743,393.4454947189976,6.022747225825358
min,1.0,2.12,7.99,20.0,0.0,0.51,-9998999486464.0,18.08,0.0
25%,305.5,98.16,22.99,53.5,1.03,34.54,62.81,368.31,5.365
50%,564.0,153.99,27.99,70.0,2.06,61.34,96.73,583.71,9.73
75%,793.5,174.89,30.99,79.0,2.06,101.76,167.09,811.24,14.15
max,1059.0,403.0,38.99,100.0,8.84,353.53,663.85,2380.16,28.32
