,id,aqi,temperature,humidity,wind_speed,pm2_5,pm10,co,no2
count,937.0,937.0,937.0,937.0,937.0,937.0,937.0,937.0,937.0
mean,425.2326574172892,123.50453575240128,29.032678762006405,68.95624332977589,2.013105656350054,52.435848452508004,-21342581527.843315,507.2879402347919,8.680907150480257
std,227.51326926805262,39.66758070783575,3.890910509131761,16.352918855761516,1.24869695439297,29.246635622687265,461710370673.7475,229.34589367699763,5.105849014104441
min,1.0,2.12,17.99,27.0,0.0,0.51,-9998999486464.0,18.08,0.0
25%,235.0,89.7,26.99,58.0,1.03,30.57,55.21,320.09,4.57
50%,442.0,121.12,28.99,70.0,2.06,43.79,79.51,493.64,8.25
75%,623.0,158.44,31.99,83.0,2.57,70.13,110.94,653.95,12.03
max,792.0,232.49,38.99,100.0,8.84,182.28,663.85,1324.55,26.91
