,id,aqi,temperature,humidity,wind_speed,pm2_5,pm10,co,no2
count,922.0,922.0,922.0,922.0,922.0,922.0,922.0,922.0,922.0
mean,419.3362255965293,122.7858459869848,29.117971800433843,69.07700650759219,2.022396963123644,51.860444685466376,-21689803572.85076,505.4243492407809,8.645694143167027
std,224.56840925290714,39.57999638152444,3.83634882676142,16.36160107466082,1.2513506287188698,29.113338252226875,465446942682.51166,230.26310284373926,5.113284034930646
min,1.0,2.12,18.99,27.0,0.0,0.51,-9998999486464.0,18.08,0.0
25%,231.25,89.41749999999999,26.99,58.0,1.03,30.427500000000002,54.567499999999995,319.53749999999997,4.5525
50%,436.5,119.69999999999999,28.99,70.0,2.06,43.115,78.905,490.56500000000005,8.175
75%,614.75,157.7975,31.99,83.0,2.57,68.75,109.7925,649.4825,12.004999999999999
max,781.0,232.49,38.99,100.0,8.84,182.28,663.85,1324.55,26.91
