,id,aqi,temperature,humidity,wind_speed,pm2_5,pm10,co,no2
count,704.0,704.0,704.0,704.0,704.0,704.0,704.0,704.0,704.0
mean,331.2556818181818,110.23357954545453,29.98311079545455,72.83806818181819,2.2166761363636365,41.66262784090909,-28406248469.168278,458.9390056818182,8.548224431818182
std,180.4365497178223,34.441464787363664,3.279407946981932,14.441993641151097,1.2012199951530376,19.911807137905566,532569275486.7862,206.27483761720143,5.307532514718438
min,1.0,2.12,22.99,31.0,0.0,0.51,-9998999486464.0,18.08,0.0
25%,178.75,83.8075,27.99,62.0,1.54,27.78,48.34,296.6625,4.06
50%,340.5,104.605,29.564999999999998,74.0,2.06,37.07,68.86500000000001,434.625,7.9399999999999995
75%,491.25,144.4525,31.99,83.0,3.09,53.205,89.2225,607.18,12.03
max,624.0,187.49,38.99,100.0,8.23,126.18,663.85,1179.69,26.91
