,id,aqi,temperature,humidity,wind_speed,pm2_5,pm10,co,no2
count,498.0,498.0,498.0,498.0,498.0,498.0,498.0,498.0,498.0
mean,242.47791164658634,111.61345381526104,29.538433734939762,77.32128514056225,2.372530120481928,42.045100401606426,69.52234939759036,489.57700803212845,9.463152610441766
std,135.04975055439775,34.66866115262556,3.178407906095708,11.627051159559858,1.218485727823615,19.408020736370315,41.33369979976669,219.4579473961605,5.512525001499418
min,1.0,2.12,22.99,46.0,0.0,0.51,2.78,18.08,0.0
25%,128.25,84.275,26.99,70.0,1.54,27.9625,44.7625,311.3025,5.2125
50%,249.5,108.07,28.99,79.0,2.06,38.43,64.605,483.945,9.004999999999999
75%,359.75,146.5175,31.99,84.0,3.09,54.0925,86.2675,639.8425,13.2775
max,466.0,187.49,38.99,100.0,8.23,126.18,663.85,1179.69,26.91
