,id,aqi,temperature,humidity,wind_speed,pm2_5,pm10,co,no2
count,904.0,904.0,904.0,904.0,904.0,904.0,904.0,904.0,904.0
mean,412.24225663716817,121.58902654867258,29.20127212389381,69.21681415929204,2.0387389380530974,50.611117256637165,-22121680196.282272,498.8744579646018,8.610055309734513
std,221.03259117833338,38.95390080281643,3.789685926417016,16.34760505231879,1.2496649218174525,27.63549764706753,470052884709.2862,224.65760233168197,5.102721886436206
min,1.0,2.12,18.99,27.0,0.0,0.51,-9998999486464.0,18.08,0.0
25%,226.75,89.02000000000001,26.99,58.0,1.03,30.22,54.3275,317.77500000000003,4.48
50%,429.5,118.03,28.99,71.0,2.06,42.45,78.265,485.435,8.145
75%,602.25,156.76749999999998,31.99,83.0,2.57,66.725,107.58,643.9225,11.95
max,769.0,232.49,38.99,100.0,8.84,182.28,663.85,1324.55,26.91
