,id,aqi,temperature,humidity,wind_speed,pm2_5,pm10,co,no2
count,1018.0,1018.0,1018.0,1018.0,1018.0,1018.0,1018.0,1018.0,1018.0
mean,457.1326129666012,127.46638506876228,28.38979371316307,67.46954813359528,1.9783497053045187,56.278821218074654,-19644399682.568054,526.4025638506876,8.96220039292731
std,243.8246446173203,41.14945403348311,4.520928222478448,17.23239146568146,1.2532091460413317,32.87898046064127,442979911890.00745,241.5530018819865,5.264284128498883
min,1.0,2.12,12.99,20.0,0.0,0.51,-9998999486464.0,18.08,0.0
25%,254.25,91.79,25.99,55.0,1.03,31.544999999999998,57.0575,330.885,4.7675
50%,475.5,130.08999999999997,28.99,70.0,2.06,47.4,83.185,514.7349999999999,8.61
75%,665.75,160.9975,30.99,82.0,2.4525,74.86749999999999,117.5775,674.515,12.51
max,858.0,242.45,38.99,100.0,8.84,192.33,663.85,1324.55,26.91
