,id,aqi,temperature,humidity,wind_speed,pm2_5,pm10,co,no2
count,231.0,231.0,231.0,231.0,231.0,231.0,231.0,231.0,231.0
mean,116.89177489177489,106.75190476190477,29.942077922077917,77.03030303030303,2.4389610389610388,39.748658008658005,66.94272727272727,450.0666233766234,9.040259740259739
std,67.36636673323018,37.14652119951036,2.8245455214241826,9.941303361052263,1.169330448793427,19.96216522236859,50.84756762947459,202.186963719509,5.428563980350918
min,1.0,2.12,22.99,47.0,0.0,0.51,19.51,18.08,0.76
25%,58.5,76.775,27.99,70.0,2.06,24.545,44.54,285.58,4.615
50%,118.0,102.97,28.99,78.0,2.06,36.45,60.83,401.84,8.1
75%,175.5,140.47,31.99,83.0,3.09,52.555,75.61,607.18,12.335
max,231.0,183.63,38.99,100.0,8.23,118.7,663.85,1168.94,26.91
