,id,aqi,temperature,humidity,wind_speed,pm2_5,pm10,co,no2
count,1329.0,1329.0,1329.0,1329.0,1329.0,1329.0,1329.0,1329.0,1329.0
mean,581.7735139202408,165.14552294958614,25.59345372460497,66.88487584650113,1.7765462753950336,98.70051166290443,-15047403142.236134,714.0947103085026,10.421790820165539
std,313.1152507652969,87.88830016772226,6.780105756685542,17.815135579789764,1.2580950672927833,94.07594283460534,387744349223.38196,462.97924900845703,6.08389632813644
min,1.0,2.12,7.99,20.0,0.0,0.51,-9998999486464.0,18.08,0.0
25%,325.0,101.57,20.99,55.0,1.03,35.73,65.3,378.83,5.54
50%,593.0,155.32,26.99,70.0,2.06,63.9,103.51,603.92,10.12
75%,842.0,184.32,29.99,82.0,2.06,120.04,198.57,885.01,14.6
max,1141.0,493.9,38.99,100.0,8.84,491.16,663.85,2794.89,28.32
