,id,aqi,temperature,humidity,wind_speed,pm2_5,pm10,co,no2
count,282.0,282.0,282.0,282.0,282.0,282.0,282.0,282.0,282.0
mean,141.93617021276594,105.20787234042552,30.24929078014184,75.58865248226951,2.4289007092198585,38.85131205673759,72.83127659574468,422.1126241134752,8.686276595744681
std,81.21968037769047,35.654098122020656,2.935499047071816,10.871668702832133,1.1887520883148028,19.121520678979778,48.969532693015694,203.10802712013628,5.469035772336329
min,1.0,2.12,22.99,46.0,0.0,0.51,2.78,18.08,0.0
25%,71.25,76.6225,27.99,67.0,2.06,24.5225,48.04,264.84000000000003,3.975
50%,144.5,101.37,29.99,78.0,2.06,35.795,65.43,368.76,7.9799999999999995
75%,211.75,136.26999999999998,32.99,83.0,3.09,50.4975,86.365,585.85,12.125
max,277.0,183.63,38.99,100.0,8.23,118.7,663.85,1168.94,26.91
