,id,aqi,temperature,humidity,wind_speed,pm2_5,pm10,co,no2
count,1227.0,1227.0,1227.0,1227.0,1227.0,1227.0,1227.0,1227.0,1227.0
mean,539.5525672371638,147.45977995110024,26.44312958435208,66.29421352893236,1.8264466177669114,79.14941320293399,-16298287546.655983,636.3420945395274,10.012184189079056
std,287.8721923896684,63.13547094194227,6.248131073417107,17.58546571280094,1.2714352999922751,64.7249788219765,403526510451.83246,375.31337840231953,5.908189380064952
min,1.0,2.12,7.99,20.0,0.0,0.51,-9998999486464.0,18.08,0.0
25%,300.5,97.655,22.99,54.0,1.03,34.33,62.36,364.265,5.29
50%,556.0,152.91,27.99,70.0,2.06,59.26,95.49,573.83,9.61
75%,780.0,172.865,30.99,79.0,2.06,97.85,160.22500000000002,791.38,13.89
max,1035.0,402.62,38.99,100.0,8.84,352.96,663.85,2380.16,28.32
