,id,aqi,temperature,humidity,wind_speed,pm2_5,pm10,co,no2
count,522.0,522.0,522.0,522.0,522.0,522.0,522.0,522.0,522.0
mean,253.20689655172413,110.33528735632183,29.518965517241384,77.29310344827586,2.3522222222222227,41.40927203065134,67.9061877394636,484.44965517241377,9.245632183908047
std,140.6867967152733,35.1572254392899,3.1396057802887425,11.53964668559802,1.2211300438199906,19.487435261170077,41.205912865904075,216.2083008758803,5.496236025145405
min,1.0,2.12,22.99,46.0,0.0,0.51,2.78,18.08,0.0
25%,134.25,83.2325,26.99,70.0,1.54,27.509999999999998,43.6075,312.2425,4.795
50%,259.5,106.935,28.99,79.0,2.06,37.97,62.644999999999996,473.4,8.68
75%,375.75,144.9825,31.99,84.0,3.09,53.4625,84.67,632.13,12.787500000000001
max,485.0,187.49,38.99,100.0,8.23,126.18,663.85,1179.69,26.91
