,id,aqi,temperature,humidity,wind_speed,pm2_5,pm10,co,no2
count,766.0,766.0,766.0,766.0,766.0,766.0,766.0,766.0,766.0
mean,356.70626631853787,113.05184073107048,29.784921671018278,71.63577023498695,2.2149608355091384,43.473864229765006,-26107048193.262592,463.96148825065274,8.4433681462141
std,193.11994616750684,35.59581268068099,3.437924123862866,14.98597949961314,1.2181567286099115,20.999344420575625,510590959343.76666,204.7548833267432,5.213882036991607
min,1.0,2.12,19.99,31.0,0.0,0.51,-9998999486464.0,18.08,0.0
25%,194.25,84.51,27.7675,62.0,1.54,28.065,49.2675,301.19,4.09
50%,368.5,108.07,28.99,74.0,2.06,38.405,71.445,439.805,7.875
75%,527.75,151.7625,31.99,83.0,3.09,57.0275,93.45,613.7925,11.9475
max,667.0,187.49,38.99,100.0,8.84,126.18,663.85,1179.69,26.91
