,id,aqi,temperature,humidity,wind_speed,pm2_5,pm10,co,no2
count,274.0,274.0,274.0,274.0,274.0,274.0,274.0,274.0,274.0
mean,138.08759124087592,105.40948905109488,30.180218978102193,75.9014598540146,2.4284306569343066,38.990437956204374,71.85930656934306,425.80992700729934,8.702919708029198
std,79.15686419690955,36.06786682520041,2.9060159823376557,10.671645944513388,1.1770062370213306,19.35073666120495,49.315929641113016,203.64560434365583,5.439232352725536
min,1.0,2.12,22.99,46.0,0.0,0.51,2.78,18.08,0.0
25%,69.25,75.96000000000001,27.99,70.0,2.06,24.2825,46.53,266.365,3.9975
50%,140.5,101.37,29.99,78.0,2.06,35.795,64.78999999999999,370.025,8.045
75%,206.0,138.8725,32.74,83.0,3.09,50.9825,82.0875,597.1775,12.084999999999999
max,270.0,183.63,38.99,100.0,8.23,118.7,663.85,1168.94,26.91
