,id,aqi,temperature,humidity,wind_speed,pm2_5,pm10,co,no2
count,281.0,281.0,281.0,281.0,281.0,281.0,281.0,281.0,281.0
mean,141.4555160142349,105.18007117437722,30.253772241992888,75.57651245551601,2.430213523131673,38.84587188612099,72.71306049822066,421.87259786476875,8.656334519572955
std,80.96180082408745,35.714647245241814,2.9397697926292325,10.889150068860552,1.1906681605429605,19.15541719456441,49.016573056174856,203.43032611756396,5.455588983705203
min,1.0,2.12,22.99,46.0,0.0,0.51,2.78,18.08,0.0
25%,71.0,76.47,27.99,66.0,2.06,24.5,47.99,264.81,3.97
50%,144.0,101.17,29.99,78.0,2.06,35.73,65.41,368.74,7.93
75%,211.0,136.88,32.99,83.0,3.09,50.64,85.96,587.11,12.11
max,276.0,183.63,38.99,100.0,8.23,118.7,663.85,1168.94,26.91
