,id,aqi,temperature,humidity,wind_speed,pm2_5,pm10,co,no2
count,1396.0,1396.0,1396.0,1396.0,1396.0,1396.0,1396.0,1396.0,1396.0
mean,610.1747851002865,170.62611747851003,25.030107449856732,67.25071633237822,1.7436461318051573,104.78358166189112,-14325214008.549973,749.0776719197709,10.696690544412608
std,330.69592238820115,90.95691395355632,7.129104257571773,17.93553268848833,1.2559654759737917,97.74607982602704,378332036233.5712,486.3068805857491,6.206058613962585
min,1.0,2.12,6.99,20.0,0.0,0.51,-9998999486464.0,18.08,0.0
25%,338.0,102.8525,19.99,55.0,1.03,36.295,66.7,389.1875,5.71
50%,621.0,156.77499999999998,26.99,70.0,2.06,66.72,108.43,620.365,10.49
75%,881.0,191.9225,29.99,82.0,2.06,134.75,217.555,947.5325,15.01
max,1205.0,493.9,38.99,100.0,8.84,491.16,663.85,2794.89,28.32
