,id,aqi,temperature,humidity,wind_speed,pm2_5,pm10,co,no2
count,240.0,240.0,240.0,240.0,240.0,240.0,240.0,240.0,240.0
mean,121.35833333333333,108.21966666666667,29.956375,77.05,2.4097083333333336,40.494208333333326,68.72891666666666,450.8509583333334,8.999833333333333
std,69.86972885136238,37.31988600065404,2.8226610980927553,9.975576870096956,1.164116343060826,20.08222779003388,51.35692232589493,202.96576324107406,5.4938607780190996
min,1.0,2.12,22.99,47.0,0.0,0.51,2.78,18.08,0.0
25%,60.75,77.315,27.99,70.0,2.06,24.6425,44.705,286.075,4.234999999999999
50%,123.0,106.075,28.99,78.0,2.06,37.735,61.150000000000006,402.04499999999996,8.094999999999999
75%,182.25,145.3625,31.99,83.0,3.09,53.7525,76.39,607.7475,12.405
max,240.0,183.63,38.99,100.0,8.23,118.7,663.85,1168.94,26.91
