,id,aqi,temperature,humidity,wind_speed,pm2_5,pm10,co,no2
count,1191.0,1191.0,1191.0,1191.0,1191.0,1191.0,1191.0,1191.0,1191.0
mean,525.1007556675063,141.9627287993283,26.766649874055418,66.52728799328295,1.8380016792611253,73.09869017632242,-16790931010.530634,605.1280436607892,9.780344248530646
std,279.7317170741345,54.849976544362754,5.999196734255379,17.500993084432665,1.2788988317478116,54.767976280358816,409574688648.34436,325.79178437281837,5.731849875095914
min,1.0,2.12,7.99,20.0,0.0,0.51,-9998999486464.0,18.08,0.0
25%,292.5,96.98,23.99,55.0,1.03,34.025,61.805,359.89,5.23
50%,542.0,152.04,27.99,70.0,2.06,57.57,93.58,566.52,9.44
75%,759.5,170.175,30.99,79.0,2.06,92.63,148.975,761.22,13.6
max,1000.0,363.54,38.99,100.0,8.84,313.61,663.85,2285.75,28.32
