,id,aqi,temperature,humidity,wind_speed,pm2_5,pm10,co,no2
count,801.0,801.0,801.0,801.0,801.0,801.0,801.0,801.0,801.0
mean,370.95880149812734,115.20313358302121,29.645418227215984,70.7378277153558,2.1600998751560545,44.97480649188514,-24966290775.750523,469.16665418227217,8.485543071161048
std,200.29588001394785,36.2837324471089,3.521522306633505,15.639730808913589,1.2358905655487804,21.969283880995253,499325426957.2853,204.34356785642046,5.174631386481076
min,1.0,2.12,19.99,27.0,0.0,0.51,-9998999486464.0,18.08,0.0
25%,203.0,85.8,26.99,61.0,1.03,28.69,51.03,307.64,4.18
50%,384.0,110.06,28.99,74.0,2.06,39.22,73.55,453.7,7.95
75%,546.0,153.61,31.99,83.0,3.09,60.59,96.39,618.98,11.94
max,697.0,187.49,38.99,100.0,8.84,126.18,663.85,1179.69,26.91
