,id,aqi,temperature,humidity,wind_speed,pm2_5,pm10,co,no2
count,1131.0,1131.0,1131.0,1131.0,1131.0,1131.0,1131.0,1131.0,1131.0
mean,501.4129089301503,137.80419098143236,27.360459770114943,66.85234305923962,1.8717595048629532,68.3405658709107,-17681696593.168774,575.09133510168,9.452643678160918
std,266.9125609559129,52.01374229181065,5.466691138231037,17.34170739292055,1.276713978469285,50.450587958350134,420288968135.91907,288.9390882455687,5.486472406287831
min,1.0,2.12,9.99,20.0,0.0,0.51,-9998999486464.0,18.08,0.0
25%,278.5,95.245,24.99,55.0,1.03,33.22,60.635,348.08500000000004,5.075
50%,521.0,148.5,27.99,70.0,2.06,54.91,90.14,551.72,9.22
75%,730.0,166.475,30.99,79.0,2.06,85.47,137.46499999999997,728.735,13.274999999999999
max,944.0,363.54,38.99,100.0,8.84,313.61,663.85,1714.68,26.91
