,id,aqi,temperature,humidity,wind_speed,pm2_5,pm10,co,no2
count,639.0,639.0,639.0,639.0,639.0,639.0,639.0,639.0,639.0
mean,304.0813771517997,107.65615023474179,29.855602503912362,74.69640062597809,2.265586854460094,39.84143974960877,69.23097026604069,457.60525821596246,8.657730829420972
std,166.84831476086103,33.61255057270234,3.2362169134213996,13.149198202038352,1.2103703900380423,18.400735830805644,38.31569363843505,210.64827515309116,5.402475516649558
min,1.0,2.12,22.99,34.0,0.0,0.51,2.78,18.08,0.0
25%,162.5,81.11500000000001,27.99,66.0,1.54,26.53,46.33,292.125,4.06
50%,312.0,102.45,28.99,78.0,2.06,36.17,65.45,428.25,8.0
75%,450.5,138.675,31.99,83.0,3.09,50.975,85.72,607.3499999999999,12.120000000000001
max,571.0,187.49,38.99,100.0,8.23,126.18,663.85,1179.69,26.91
