,id,aqi,temperature,humidity,wind_speed,pm2_5,pm10,co,no2
count,996.0,996.0,996.0,996.0,996.0,996.0,996.0,996.0,996.0
mean,448.47088353413653,125.85219879518073,28.583363453815263,67.76706827309236,1.9977510040160644,54.398303212851395,-20078312130.705257,517.648002008032,8.857550200803212
std,239.35180926538985,39.96105416193753,4.323395700644515,17.067879846413717,1.2519632671771164,30.237852381005954,447840665533.6211,233.30967852920506,5.208313515030003
min,1.0,2.12,13.99,20.0,0.0,0.51,-9998999486464.0,18.08,0.0
25%,249.75,90.855,25.99,55.0,1.03,31.0675,56.894999999999996,328.36249999999995,4.7075
50%,466.0,126.16499999999999,28.99,70.0,2.06,45.765,82.095,506.775,8.47
75%,653.25,159.7725,31.4725,83.0,2.57,72.66749999999999,115.82499999999999,666.735,12.3125
max,841.0,232.49,38.99,100.0,8.84,182.28,663.85,1324.55,26.91
