,id,aqi,temperature,humidity,wind_speed,pm2_5,pm10,co,no2
count,1463.0,1463.0,1463.0,1463.0,1463.0,1463.0,1463.0,1463.0,1463.0
mean,638.9726589200274,175.7962747778537,24.38576213260424,67.83868762816131,1.728010936431989,110.5317019822283,-13669172069.261497,799.2536637047162,11.12617908407382
std,348.7930086217973,92.94863051879675,7.578032607334596,17.90375413024857,1.2411235344587135,100.15546180745517,369573482652.52106,542.0483714059907,6.624619667015823
min,1.0,2.12,6.99,20.0,0.0,0.51,-9998999486464.0,18.08,0.0
25%,353.5,105.36,18.99,55.0,1.03,37.36,68.71000000000001,401.885,5.855
50%,644.0,158.73,26.99,71.0,2.06,70.9,112.55,635.71,10.82
75%,914.5,199.755,29.99,82.0,2.06,149.925,233.70499999999998,1046.7350000000001,15.485
max,1272.0,493.9,38.99,100.0,8.84,491.16,663.85,2839.26,33.91
