,id,aqi,temperature,humidity,wind_speed,pm2_5,pm10,co,no2
count,1387.0,1387.0,1387.0,1387.0,1387.0,1387.0,1387.0,1387.0,1387.0
mean,606.3410237923576,169.5059120403749,25.11904830569575,67.10382119682768,1.7479091564527758,103.54499639509733,-14418167814.704485,742.7439293439077,10.68238644556597
std,328.3115180479262,90.07796767470366,7.064626693617696,17.898685727055078,1.2564160119978967,96.73582637015774,379556632591.0148,480.73894823023846,6.219193316893256
min,1.0,2.12,6.99,20.0,0.0,0.51,-9998999486464.0,18.08,0.0
25%,337.0,102.41499999999999,20.99,55.0,1.03,36.13,66.41499999999999,387.88,5.705
50%,617.0,156.62,26.99,70.0,2.06,66.45,107.61,618.94,10.44
75%,875.5,190.325,29.99,82.0,2.06,131.655,213.61,933.63,15.01
max,1196.0,493.9,38.99,100.0,8.84,491.16,663.85,2794.89,28.32
