,id,aqi,temperature,humidity,wind_speed,pm2_5,pm10,co,no2
count,1343.0,1343.0,1343.0,1343.0,1343.0,1343.0,1343.0,1343.0,1343.0
mean,587.6813104988831,165.27409530900968,25.480685033507072,66.87192851824274,1.7706775874906924,98.77270290394638,-14890542646.16379,718.7490543559196,10.48469843633656
std,316.7557691476135,87.45439229393848,6.844643220215978,17.807004175150947,1.2559102847594916,93.63648989898346,385719565248.73706,463.86470752885896,6.121518472973258
min,1.0,2.12,7.99,20.0,0.0,0.51,-9998999486464.0,18.08,0.0
25%,328.5,101.66499999999999,20.99,55.0,1.03,35.785,65.52000000000001,382.805,5.6
50%,598.0,155.62,26.99,70.0,2.06,64.47,104.57,607.18,10.2
75%,848.5,184.615,29.99,82.0,2.06,120.6,197.775,895.715,14.77
max,1155.0,493.9,38.99,100.0,8.84,491.16,663.85,2794.89,28.32
