,id,aqi,temperature,humidity,wind_speed,pm2_5,pm10,co,no2
count,803.0,803.0,803.0,803.0,803.0,803.0,803.0,803.0,803.0
mean,371.77459526774595,115.32281444582814,29.650012453300125,70.65504358655043,2.1572851805728517,45.06013698630137,-24904108233.052216,469.0860647571606,8.480361145703611
std,200.71190070463723,36.31785987547111,3.518420266527942,15.708434725904363,1.235634803934934,22.009761229570564,498703992598.3399,204.15987573420563,5.175722604900449
min,1.0,2.12,19.99,27.0,0.0,0.51,-9998999486464.0,18.08,0.0
25%,203.5,85.845,26.99,61.0,1.03,28.72,51.120000000000005,307.68,4.17
50%,384.0,110.16,28.99,74.0,2.06,39.24,73.55,453.7,7.95
75%,547.0,153.68,31.99,83.0,3.09,60.93,96.69,618.605,11.925
max,699.0,187.49,38.99,100.0,8.84,126.18,663.85,1179.69,26.91
