,id,aqi,temperature,humidity,wind_speed,pm2_5,pm10,co,no2
count,896.0,896.0,896.0,896.0,896.0,896.0,896.0,896.0,896.0
mean,409.08816964285717,120.92165178571429,29.24668526785715,69.24330357142857,2.0477455357142857,49.85729910714286,-22319195199.72745,495.6993191964285,8.604553571428571
std,219.46900885708916,38.41752646112787,3.761158215653707,16.348951748175356,1.2477827691894903,26.37501990391029,472144332420.085,222.0390751012679,5.1103645390780645
min,1.0,2.12,18.99,27.0,0.0,0.51,-9998999486464.0,18.08,0.0
25%,224.75,88.7325,26.99,58.0,1.03,30.13,53.9125,316.2475,4.470000000000001
50%,425.5,117.35,28.99,71.0,2.06,42.2,77.755,481.7,8.145
75%,598.0,156.5725,31.99,83.0,2.57,66.32,106.97,641.23,11.95
max,761.0,232.49,38.99,100.0,8.84,182.28,663.85,1324.55,26.91
