,id,aqi,temperature,humidity,wind_speed,pm2_5,pm10,co,no2
count,842.0,842.0,842.0,842.0,842.0,842.0,842.0,842.0,842.0
mean,387.60095011876484,117.68964370546317,29.499489311163895,69.95130641330167,2.1087410926365795,47.02813539192398,-23750592525.543327,479.1298693586698,8.48103325415677
std,208.76636099487837,37.169733124075506,3.605125443781792,16.083943129434967,1.2423298398990823,23.659014661631474,487031603250.87006,210.0346786464296,5.117608663400409
min,1.0,2.12,19.99,27.0,0.0,0.51,-9998999486464.0,18.08,0.0
25%,211.25,87.0575,26.99,59.0,1.03,29.3225,52.685,312.1225,4.27
50%,400.5,112.685,28.99,73.5,2.06,40.31,74.74000000000001,468.55,8.0
75%,566.75,154.8325,31.99,83.0,2.9650000000000003,63.0425,101.1075,627.3774999999999,11.877500000000001
max,727.0,187.49,38.99,100.0,8.84,126.18,663.85,1179.69,26.91
