,id,aqi,temperature,humidity,wind_speed,pm2_5,pm10,co,no2
count,1409.0,1409.0,1409.0,1409.0,1409.0,1409.0,1409.0,1409.0,1409.0
mean,615.7274662881476,171.67127040454224,24.9069552874379,67.44641589779985,1.7432718239886444,105.97337828246982,-14193043827.256388,762.6251596877219,10.814350603264726
std,334.1608461911262,91.25577023095353,7.212736645232677,17.99274246840355,1.2527770903608932,98.14080385514876,376583917240.67755,505.7195661320039,6.341042729015047
min,1.0,2.12,6.99,20.0,0.0,0.51,-9998999486464.0,18.08,0.0
25%,341.0,103.24,19.99,55.0,1.03,36.44,67.14,391.25,5.74
50%,624.0,157.2,26.99,70.0,2.06,67.57,109.14,624.43,10.6
75%,887.0,193.74,29.99,82.0,2.06,138.27,222.05,959.86,15.06
max,1218.0,493.9,38.99,100.0,8.84,491.16,663.85,2839.26,33.91
