,id,aqi,temperature,humidity,wind_speed,pm2_5,pm10,co,no2
count,491.0,491.0,491.0,491.0,491.0,491.0,491.0,491.0,491.0
mean,239.33401221995928,111.12551934826884,29.562545824847255,77.32382892057026,2.372810590631365,41.86529531568228,69.63928716904277,489.313584521385,9.51162932790224
std,133.39530957390602,34.65777517803114,3.1840372644595782,11.64399742020293,1.2219099480705327,19.48014149637351,41.610329262426774,220.81054827885063,5.528760996480075
min,1.0,2.12,22.99,46.0,0.0,0.51,2.78,18.08,0.0
25%,126.5,84.16499999999999,26.99,70.0,1.54,27.895,44.545,309.33000000000004,5.215
50%,246.0,107.53,28.99,79.0,2.06,38.19,64.73,483.07,9.09
75%,355.5,145.77499999999998,31.99,84.0,3.09,53.825,86.575,641.865,13.365
max,459.0,187.49,38.99,100.0,8.23,126.18,663.85,1179.69,26.91
