,id,aqi,temperature,humidity,wind_speed,pm2_5,pm10,co,no2
count,571.0,571.0,571.0,571.0,571.0,571.0,571.0,571.0,571.0
mean,274.9509632224168,108.66593695271453,29.59966725043783,76.52014010507881,2.339702276707531,40.494360770577934,67.67043782837128,471.42868651488624,8.905078809106833
std,152.1455249064874,34.79272354290276,3.1443021251138967,11.943031322629887,1.229053586391935,19.147978558587916,39.75868808044533,215.0839944011873,5.473349253901283
min,1.0,2.12,22.99,46.0,0.0,0.51,2.78,18.08,0.0
25%,145.5,80.685,26.99,70.0,1.54,26.33,44.44,297.745,4.255
50%,281.0,103.88,28.99,79.0,2.06,36.79,62.63,450.41,8.15
75%,406.5,142.59,31.99,84.0,3.09,52.614999999999995,83.19,622.62,12.43
max,525.0,187.49,38.99,100.0,8.23,126.18,663.85,1179.69,26.91
