,id,aqi,temperature,humidity,wind_speed,pm2_5,pm10,co,no2
count,575.0,575.0,575.0,575.0,575.0,575.0,575.0,575.0,575.0
mean,276.7026086956522,108.41132173913043,29.631947826086954,76.33565217391305,2.3341739130434784,40.366521739130434,67.5839652173913,470.02580869565224,8.882939130434783
std,153.05460155088647,34.80494124666439,3.166039309636748,12.12954316124103,1.2272997914380699,19.14237714765861,39.63774693595824,215.16600530849735,5.4734952640608086
min,1.0,2.12,22.99,37.0,0.0,0.51,2.78,18.08,0.0
25%,146.5,79.74000000000001,26.99,66.0,1.54,25.785,44.515,296.46500000000003,4.245
50%,283.0,103.31,28.99,79.0,2.06,36.45,62.51,446.61,8.15
75%,409.5,142.41500000000002,31.99,84.0,3.09,52.39,82.63,621.3299999999999,12.4
max,528.0,187.49,38.99,100.0,8.23,126.18,663.85,1179.69,26.91
