,id,aqi,temperature,humidity,wind_speed,pm2_5,pm10,co,no2
count,1122.0,1122.0,1122.0,1122.0,1122.0,1122.0,1122.0,1122.0,1122.0
mean,497.8921568627451,137.01262032085563,27.45077540106952,66.8645276292335,1.878511586452763,67.41442959001782,-17823528386.018864,570.6313547237075,9.420704099821746
std,265.0568483803237,51.36626580980714,5.381165092879536,17.346739576978457,1.2744023504731556,49.45255012898257,421969751887.4977,284.26045516167926,5.48061208089316
min,1.0,2.12,10.99,20.0,0.0,0.51,-9998999486464.0,18.08,0.0
25%,276.25,94.7575,24.99,55.0,1.03,32.9675,60.325,346.28,5.0475
50%,518.5,147.56,27.99,70.0,2.06,54.61,89.395,549.245,9.17
75%,726.75,166.0575,30.99,81.25,2.06,84.655,135.965,722.9725,13.217500000000001
max,936.0,363.54,38.99,100.0,8.84,313.61,663.85,1714.68,26.91
