,id,aqi,temperature,humidity,wind_speed,pm2_5,pm10,co,no2
count,794.0,794.0,794.0,794.0,794.0,794.0,794.0,794.0,794.0
mean,368.0994962216625,114.67143576826196,29.675125944584387,70.84886649874055,2.175251889168766,44.4634886649874,-25186396615.151886,466.8266372795969,8.46413098236776
std,198.83624577854775,35.99070515364733,3.5081030030785527,15.59132328865515,1.2286721729073546,21.340544862467397,501518883319.43524,203.47631901439746,5.1817111998704
min,1.0,2.12,19.99,27.0,0.0,0.51,-9998999486464.0,18.08,0.0
25%,201.25,85.5125,26.99,62.0,1.03,28.6125,50.4075,305.63750000000005,4.13
50%,380.5,109.59,28.99,74.0,2.06,39.040000000000006,73.14500000000001,449.45,7.9350000000000005
75%,541.75,152.7375,31.99,83.0,3.09,59.095,95.5375,616.745,11.9325
max,692.0,187.49,38.99,100.0,8.84,126.18,663.85,1179.69,26.91
