,id,aqi,temperature,humidity,wind_speed,pm2_5,pm10,co,no2
count,905.0,905.0,905.0,905.0,905.0,905.0,905.0,905.0,905.0
mean,412.6364640883978,121.69165745856355,29.19772375690608,69.20773480662983,2.0376243093922652,50.73650828729282,-22097236350.50109,499.49836464088395,8.60835359116022
std,221.22838726668022,39.054581033259346,3.7890932074983015,16.340843619442705,1.2494235804878968,27.876605612041846,469793403275.9032,225.316416124522,5.1001557375634485
min,1.0,2.12,18.99,27.0,0.0,0.51,-9998999486464.0,18.08,0.0
25%,227.0,89.04,26.99,58.0,1.03,30.23,54.35,318.22,4.48
50%,430.0,118.09,28.99,71.0,2.06,42.46,78.28,485.47,8.14
75%,603.0,156.79,31.99,83.0,2.57,66.77,107.61,644.17,11.95
max,769.0,232.49,38.99,100.0,8.84,182.28,663.85,1324.55,26.91
