,id,aqi,temperature,humidity,wind_speed,pm2_5,pm10,co,no2
count,592.0,592.0,592.0,592.0,592.0,592.0,592.0,592.0,592.0
mean,284.05405405405406,107.66863175675675,29.70641891891892,75.9358108108108,2.3097635135135137,39.98140202702703,67.6322804054054,464.7432094594594,8.78670608108108
std,156.79046268276196,34.6455810156439,3.1920407064427185,12.363608572692932,1.2222069348908344,19.02451885485527,39.18038228556566,214.6918423833552,5.451090062653919
min,1.0,2.12,22.99,37.0,0.0,0.51,2.78,18.08,0.0
25%,150.75,78.6925,27.99,66.0,1.54,25.332500000000003,44.8675,293.605,4.175
50%,290.5,102.245,28.99,78.0,2.06,36.040000000000006,62.644999999999996,435.185,8.07
75%,421.25,140.725,31.99,84.0,3.09,51.765,82.17,619.28,12.3125
max,539.0,187.49,38.99,100.0,8.23,126.18,663.85,1179.69,26.91
