,id,aqi,temperature,humidity,wind_speed,pm2_5,pm10,co,no2
count,450.0,450.0,450.0,450.0,450.0,450.0,450.0,450.0,450.0
mean,220.72,110.18622222222223,29.956933333333335,76.25111111111111,2.3487777777777774,41.45366666666667,71.39111111111112,468.3722222222222,9.361088888888888
std,123.50427816904929,34.94075939022579,2.994385156873781,11.378742385373911,1.1849377905332428,19.678532029308176,42.680357756040635,216.12540899925503,5.598204724648295
min,1.0,2.12,22.99,46.0,0.0,0.51,2.78,18.08,0.0
25%,114.5,83.41,27.99,70.0,1.54,27.5525,45.72,294.22,4.8175
50%,225.5,105.58,28.99,79.0,2.06,37.435,66.19,445.44500000000005,8.86
75%,329.0,145.22750000000002,31.99,84.0,3.09,53.5925,89.02499999999999,618.7875,13.2775
max,427.0,187.49,38.99,100.0,8.23,126.18,663.85,1179.69,26.91
