,id,aqi,temperature,humidity,wind_speed,pm2_5,pm10,co,no2
count,696.0,696.0,696.0,696.0,696.0,696.0,696.0,696.0,696.0
mean,327.91379310344826,109.63040229885057,29.96943965517242,73.01005747126437,2.2213649425287354,41.24294540229885,-28732757073.358467,457.9157614942529,8.567169540229886
std,178.73968381998017,34.16718052274571,3.276718327063591,14.333285184121404,1.2028686355521556,19.59548102588614,535616882051.9012,206.80422266675453,5.320980534400943
min,1.0,2.12,22.99,31.0,0.0,0.51,-9998999486464.0,18.08,0.0
25%,176.75,83.5525,27.99,62.75,1.54,27.6275,47.93,295.72,4.0825
50%,337.5,104.31,29.564999999999998,74.0,2.06,36.91,68.38499999999999,432.555,7.96
75%,485.25,142.54000000000002,31.99,83.0,3.09,52.5225,88.46249999999999,606.565,12.045
max,619.0,187.49,38.99,100.0,8.23,126.18,663.85,1179.69,26.91
