,id,aqi,temperature,humidity,wind_speed,pm2_5,pm10,co,no2
count,669.0,669.0,669.0,669.0,669.0,669.0,669.0,669.0,669.0
mean,316.6218236173393,107.46109118086694,29.923482810164426,73.67713004484305,2.247698056801196,39.69976083707025,70.06910313901345,454.602062780269,8.604633781763827
std,173.04726311479112,33.01520366299954,3.271663767864688,13.966505060583858,1.2086294354708715,18.067683475483527,37.76023263508203,208.7386232381715,5.370782321731161
min,1.0,2.12,22.99,31.0,0.0,0.51,2.78,18.08,0.0
25%,170.0,81.81,27.99,66.0,1.54,26.79,47.1,291.19,4.05
50%,327.0,102.28,28.99,75.0,2.06,36.06,66.76,426.33,7.97
75%,469.0,134.14,31.99,83.0,3.09,49.08,86.37,602.52,12.11
max,596.0,187.49,38.99,100.0,8.23,126.18,663.85,1179.69,26.91
