,id,aqi,temperature,humidity,wind_speed,pm2_5,pm10,co,no2
count,1277.0,1277.0,1277.0,1277.0,1277.0,1277.0,1277.0,1277.0,1277.0
mean,560.0007830853563,156.40079874706342,26.03306186374315,66.35943617854346,1.7952623335943618,89.04176194205168,-15660140013.877628,675.8809553641347,10.25989819890368
std,299.8371227118585,76.80343602811752,6.508768833696269,17.614827458431723,1.268993021760806,81.12304618518307,395554063613.2365,424.3605495947734,6.0449355915710825
min,1.0,2.12,7.99,20.0,0.0,0.51,-9998999486464.0,18.08,0.0
25%,312.0,98.57,21.99,54.0,1.03,34.72,63.71,372.41,5.42
50%,571.0,154.38,27.99,70.0,2.06,62.08,100.26,589.85,9.88
75%,810.0,177.9,30.99,79.0,2.06,107.6,179.28,829.5,14.23
max,1090.0,493.9,38.99,100.0,8.84,491.16,663.85,2794.89,28.32
