,id,aqi,temperature,humidity,wind_speed,pm2_5,pm10,co,no2
count,547.0,547.0,547.0,547.0,547.0,547.0,547.0,547.0,547.0
mean,264.34552102376597,109.810676416819,29.52221206581353,77.10968921389397,2.3567093235831806,41.08744058500914,67.43926873857404,479.51614259597807,9.065082266910421
std,146.57311179021,34.99797371554012,3.1389325964498855,11.6478722488364,1.2409504486824092,19.309309452505946,40.463278855377176,214.9824122125673,5.483553076522248
min,1.0,2.12,22.99,46.0,0.0,0.51,2.78,18.08,0.0
25%,140.5,82.355,26.99,70.0,1.54,27.325,43.644999999999996,308.405,4.515000000000001
50%,270.0,105.95,28.99,79.0,2.06,37.52,62.28,469.05,8.38
75%,391.0,144.495,31.99,84.0,3.09,53.21,83.395,627.355,12.615
max,507.0,187.49,38.99,100.0,8.23,126.18,663.85,1179.69,26.91
