,id,aqi,temperature,humidity,wind_speed,pm2_5,pm10,co,no2
count,1389.0,1389.0,1389.0,1389.0,1389.0,1389.0,1389.0,1389.0,1389.0
mean,607.1922246220303,169.8612814974802,25.096544276457887,67.13678905687544,1.745392368610511,103.93395968322535,-14397407313.246597,744.7493160547156,10.687437005039596
std,328.8403426408406,90.49871436792387,7.084409558929424,17.90722187157797,1.2572599292324302,97.20797916315288,379283472538.8102,483.2966640188667,6.216399367160239
min,1.0,2.12,6.99,20.0,0.0,0.51,-9998999486464.0,18.08,0.0
25%,337.0,102.45,20.99,55.0,1.03,36.17,66.49,388.54,5.71
50%,618.0,156.65,26.99,70.0,2.06,66.55,107.78,618.98,10.47
75%,877.0,190.56,29.99,82.0,2.06,132.11,214.98,938.46,15.01
max,1198.0,493.9,38.99,100.0,8.84,491.16,663.85,2794.89,28.32
