,id,aqi,temperature,humidity,wind_speed,pm2_5,pm10,co,no2
count,1289.0,1289.0,1289.0,1289.0,1289.0,1289.0,1289.0,1289.0,1289.0
mean,564.9953452288596,158.59717610550814,25.944220325833985,66.37703646237394,1.792133436772692,91.50626066718387,-15514351274.166822,686.2604732350659,10.304584949573313
std,302.85558636006107,79.93518732551247,6.557451669087057,17.624066872776325,1.2670337642780303,84.93800827377488,393709983160.8337,437.24557510537755,6.058617137366882
min,1.0,2.12,7.99,20.0,0.0,0.51,-9998999486464.0,18.08,0.0
25%,315.0,98.97,21.99,54.0,1.03,34.97,63.95,374.3,5.44
50%,575.0,154.55,27.74,70.0,2.06,62.44,100.85,593.02,9.91
75%,818.0,179.66,30.86,79.0,2.06,111.01,184.66,845.1,14.4
max,1102.0,493.9,38.99,100.0,8.84,491.16,663.85,2794.89,28.32
