,id,aqi,temperature,humidity,wind_speed,pm2_5,pm10,co,no2
count,1207.0,1207.0,1207.0,1207.0,1207.0,1207.0,1207.0,1207.0,1207.0
mean,531.5004142502071,144.3722452361226,26.613852526926266,66.43827671913836,1.833678541839271,75.75814415907207,-16568350312.896046,618.0695194697597,9.867597348798675
std,283.30741431022415,58.512095890666764,6.128473143676248,17.53710001572397,1.275158191751871,59.23874762575386,406853239570.8813,345.5922831760189,5.7811640183063595
min,1.0,2.12,7.99,20.0,0.0,0.51,-9998999486464.0,18.08,0.0
25%,296.5,97.28,22.99,54.0,1.03,34.15,62.1,361.7,5.26
50%,548.0,152.71,27.99,70.0,2.06,58.82,94.41,570.48,9.53
75%,769.5,171.57,30.99,79.0,2.06,95.345,152.875,774.825,13.71
max,1015.0,390.27,38.99,100.0,8.84,340.58,663.85,2362.04,28.32
