,id,aqi,temperature,humidity,wind_speed,pm2_5,pm10,co,no2
count,1228.0,1228.0,1228.0,1228.0,1228.0,1228.0,1228.0,1228.0,1228.0
mean,539.9568403908795,147.6200977198697,26.43054560260586,66.29804560260587,1.8249592833876223,79.32455211726385,-16285015325.140821,637.3921905537459,10.019934853420196
std,288.103385059805,63.359299556191765,6.261133049986907,17.578811134550428,1.2719853690616503,64.98904393436312,403362308842.9137,376.960805902903,5.912023539080406
min,1.0,2.12,7.99,20.0,0.0,0.51,-9998999486464.0,18.08,0.0
25%,300.75,97.6625,22.99,54.0,1.03,34.349999999999994,62.385,364.33750000000003,5.295
50%,556.5,152.925,27.99,70.0,2.06,59.269999999999996,95.495,574.11,9.61
75%,780.25,172.9725,30.99,79.0,2.06,98.0625,160.33,792.0325,13.8975
max,1036.0,402.62,38.99,100.0,8.84,352.96,663.85,2380.16,28.32
