,id,aqi,temperature,humidity,wind_speed,pm2_5,pm10,co,no2
count,941.0,941.0,941.0,941.0,941.0,941.0,941.0,941.0,941.0
mean,426.80233793836345,123.69800212539852,29.019744952178534,68.86716259298619,2.0089266737513283,52.59720510095643,-21251858544.877033,507.31936238044636,8.692773645058448
std,228.29763429417193,39.69380860456913,3.8950529096437148,16.417245581170782,1.2485838002792078,29.288767332564206,460729055488.45667,229.03816576788333,5.1144721302446605
min,1.0,2.12,17.99,27.0,0.0,0.51,-9998999486464.0,18.08,0.0
25%,236.0,89.84,26.99,58.0,1.03,30.59,55.29,320.5,4.57
50%,444.0,121.76,28.99,70.0,2.06,44.11,79.75,493.64,8.28
75%,625.0,158.59,31.99,83.0,2.57,70.47,111.44,653.95,12.03
max,796.0,232.49,38.99,100.0,8.84,182.28,663.85,1324.55,26.91
