,id,aqi,temperature,humidity,wind_speed,pm2_5,pm10,co,no2
count,505.0,505.0,505.0,505.0,505.0,505.0,505.0,505.0,505.0
mean,245.61782178217823,111.77382178217822,29.55063366336634,77.22970297029703,2.358,42.10932673267327,69.31657425742573,488.79740594059405,9.409663366336634
std,136.7039528086146,34.53444097908661,3.1685123685130363,11.645844893549553,1.2191609136341819,19.338410784980983,41.10868621699111,218.28259716523888,5.507164425137545
min,1.0,2.12,22.99,46.0,0.0,0.51,2.78,18.08,0.0
25%,130.0,84.37,26.99,70.0,1.54,28.01,44.8,311.91,4.98
50%,252.0,108.36,28.99,79.0,2.06,38.74,64.31,480.33,8.96
75%,365.0,146.33,31.99,84.0,3.09,54.01,85.79,636.69,13.21
max,472.0,187.49,38.99,100.0,8.23,126.18,663.85,1179.69,26.91
