,id,aqi,temperature,humidity,wind_speed,pm2_5,pm10,co,no2
count,416.0,416.0,416.0,416.0,416.0,416.0,416.0,416.0,416.0
mean,205.11778846153845,108.9003125,30.091250000000002,75.67307692307692,2.3823557692307693,40.54314903846153,72.53084134615385,443.3901201923076,9.101177884615385
std,115.18093914814689,34.321352806326345,2.989586404081656,11.276752764841916,1.2117464160201672,18.8978475331177,43.515312557779865,199.06423034083832,5.52687360650275
min,1.0,2.12,22.99,46.0,0.0,0.51,2.78,18.08,0.0
25%,104.75,83.07249999999999,27.99,66.0,1.54,27.395,46.9675,278.455,4.2475000000000005
50%,208.5,104.30000000000001,29.99,78.0,2.06,36.91,66.43,417.615,8.41
75%,304.25,141.6775,31.99,83.0,3.09,52.222500000000004,90.43,599.6775,12.73
max,396.0,187.49,38.99,100.0,8.23,126.18,663.85,1168.94,26.91
