,id,aqi,temperature,humidity,wind_speed,pm2_5,pm10,co,no2
count,1074.0,1074.0,1074.0,1074.0,1074.0,1074.0,1074.0,1074.0,1074.0
mean,479.17597765363126,131.9241340782123,27.88756983240224,67.02234636871508,1.913556797020484,61.49425512104283,-18620110672.60724,548.3160893854748,9.261824953445066
std,255.33700067649295,45.220162832553974,4.995496122231951,17.333402553164166,1.2688065636752983,40.2989290621303,431287563307.0614,260.84421760281947,5.432721957608154
min,1.0,2.12,11.99,20.0,0.0,0.51,-9998999486464.0,18.08,0.0
25%,266.25,93.63,24.99,55.0,1.03,32.427499999999995,58.74,338.8475,4.8875
50%,499.5,140.77999999999997,27.99,70.0,2.06,51.81,86.435,529.335,8.945
75%,701.75,163.535,30.99,82.0,2.15,79.775,126.125,697.3425,12.91
max,900.0,348.23,38.99,100.0,8.84,298.16,663.85,1655.54,26.91
