,id,aqi,temperature,humidity,wind_speed,pm2_5,pm10,co,no2
count,459.0,459.0,459.0,459.0,459.0,459.0,459.0,459.0,459.0
mean,224.8540305010893,109.79769063180828,29.86607843137255,76.59041394335512,2.3621786492374723,41.23712418300653,70.63272331154684,474.31427015250546,9.463856209150327
std,125.7379372533364,34.83676187053852,3.0373695602220483,11.540038315625011,1.196765492847559,19.592863374327628,42.621673338814006,218.48513954057972,5.603619439050711
min,1.0,2.12,22.99,46.0,0.0,0.51,2.78,18.08,0.0
25%,117.5,83.285,27.99,70.0,1.54,27.52,44.845,296.055,4.865
50%,230.0,105.11,28.99,79.0,2.06,37.29,65.45,456.62,8.96
75%,334.5,144.495,31.99,84.0,3.09,53.305,87.84,624.55,13.44
max,434.0,187.49,38.99,100.0,8.23,126.18,663.85,1179.69,26.91
