,id,aqi,temperature,humidity,wind_speed,pm2_5,pm10,co,no2
count,556.0,556.0,556.0,556.0,556.0,556.0,556.0,556.0,556.0
mean,268.3363309352518,109.26964028776978,29.553165467625902,76.84172661870504,2.3482014388489207,40.81361510791368,67.51343525179857,475.1391007194244,8.978830935251798
std,148.67781301556155,34.973951092284516,3.1394845014322494,11.822415108403117,1.2400236857944527,19.273029908719646,40.154074401742406,216.0507118679531,5.489027078678398
min,1.0,2.12,22.99,46.0,0.0,0.51,2.78,18.08,0.0
25%,142.75,81.2075,26.99,70.0,1.54,26.54,44.17,298.8775,4.3275
50%,273.5,104.86500000000001,28.99,79.0,2.06,37.230000000000004,62.489999999999995,459.71,8.184999999999999
75%,397.25,144.09,31.99,84.0,3.09,53.1225,83.095,624.49,12.5175
max,514.0,187.49,38.99,100.0,8.23,126.18,663.85,1179.69,26.91
