,id,aqi,temperature,humidity,wind_speed,pm2_5,pm10,co,no2
count,883.0,883.0,883.0,883.0,883.0,883.0,883.0,883.0,883.0
mean,403.97281993204984,119.91659116647793,29.32294450736127,69.3035107587769,2.0673952434881087,48.73903737259344,-22647790375.194233,489.1982446206116,8.565707814269535
std,216.95837335383675,37.72853931649419,3.714301151414939,16.395296153467864,1.2430309169977511,24.684934779767357,475603293898.7264,214.96673669644198,5.120458148150125
min,1.0,2.12,18.99,27.0,0.0,0.51,-9998999486464.0,18.08,0.0
25%,221.5,88.265,26.99,58.0,1.03,29.875,53.775000000000006,315.145,4.39
50%,420.0,115.16,28.99,71.0,2.06,41.41,77.2,477.82,8.1
75%,590.5,156.14,31.99,83.0,2.57,65.51499999999999,105.295,636.2,11.945
max,752.0,190.97,38.99,100.0,8.84,132.92,663.85,1179.69,26.91
