,id,aqi,temperature,humidity,wind_speed,pm2_5,pm10,co,no2
count,1382.0,1382.0,1382.0,1382.0,1382.0,1382.0,1382.0,1382.0,1382.0
mean,604.2149059334298,168.83017366136036,25.156418234442835,67.06222865412445,1.7497612156295226,102.81117221418235,-14470331954.357838,739.4810853835022,10.662510853835022
std,326.9921101437494,89.50842456864353,7.0479699559395526,17.909674575498297,1.25684403592125,96.11030359053242,380242123195.3124,478.0554587200108,6.2065460751890615
min,1.0,2.12,6.99,20.0,0.0,0.51,-9998999486464.0,18.08,0.0
25%,336.25,102.305,20.99,55.0,1.03,36.0675,66.34,387.13,5.702500000000001
50%,614.5,156.57,26.99,70.0,2.06,66.295,107.52,617.59,10.43
75%,872.75,189.66500000000002,29.99,82.0,2.06,130.39,211.445,930.915,15.0
max,1191.0,493.9,38.99,100.0,8.84,491.16,663.85,2794.89,28.32
