,id,aqi,temperature,humidity,wind_speed,pm2_5,pm10,co,no2
count,952.0,952.0,952.0,952.0,952.0,952.0,952.0,952.0,952.0
mean,431.1292016806723,124.07092436974789,28.934317226890762,68.74789915966386,2.017605042016807,52.74661764705882,-21006301354.23079,507.0094327731092,8.690525210084035
std,230.47839222595985,39.617054333926994,3.9815599873554683,16.456982633230535,1.2511122032019506,29.16431076515875,458062368008.73376,228.16775803247586,5.0994030018403835
min,1.0,2.12,16.99,27.0,0.0,0.51,-9998999486464.0,18.08,0.0
25%,238.75,89.97,26.99,58.0,1.03,30.692500000000003,55.455,323.145,4.6000000000000005
50%,447.5,122.535,28.99,70.0,2.06,44.29,80.05,493.64,8.28
75%,631.0,158.56,31.99,83.0,2.57,70.2675,112.19749999999999,652.5675000000001,12.032499999999999
max,806.0,232.49,38.99,100.0,8.84,182.28,663.85,1324.55,26.91
