,id,aqi,temperature,humidity,wind_speed,pm2_5,pm10,co,no2
count,1369.0,1369.0,1369.0,1369.0,1369.0,1369.0,1369.0,1369.0,1369.0
mean,598.6968590211834,166.9081665449233,25.28875091307524,66.85317750182615,1.7596055514974434,100.70590942293646,-14607741976.700285,729.4308838568298,10.599941563184807
std,323.5745790147481,87.58846090244303,6.941206591820852,17.8329539367305,1.2560086540440258,93.94993347014366,382041928302.93475,467.72733201801344,6.183125002125081
min,1.0,2.12,7.99,20.0,0.0,0.51,-9998999486464.0,18.08,0.0
25%,333.0,102.16,20.99,55.0,1.03,35.99,66.2,384.3,5.67
50%,611.0,156.28,26.99,70.0,2.06,65.79,106.89,614.36,10.36
75%,865.0,188.89,29.99,82.0,2.06,128.88,208.57,917.0,14.96
max,1179.0,493.9,38.99,100.0,8.84,491.16,663.85,2794.89,28.32
