,id,aqi,temperature,humidity,wind_speed,pm2_5,pm10,co,no2
count,1250.0,1250.0,1250.0,1250.0,1250.0,1250.0,1250.0,1250.0,1250.0
mean,548.8896,151.310328,26.255592000000004,66.1832,1.8076720000000002,83.336432,-15998399047.157122,652.830712,10.171144
std,293.2571738728011,68.69131559318656,6.371206597524733,17.607477285661684,1.2731120106924667,71.15186689918943,399799835321.47455,392.97222742967205,6.024404270026288
min,1.0,2.12,7.99,20.0,0.0,0.51,-9998999486464.0,18.08,0.0
25%,305.25,98.155,22.99,53.25,1.03,34.535,62.74,368.095,5.3575
50%,563.5,153.935,27.99,70.0,2.06,61.32,96.72,582.8900000000001,9.73
75%,792.75,174.875,30.99,79.0,2.06,101.7325,166.74,810.275,14.15
max,1058.0,403.0,38.99,100.0,8.84,353.53,663.85,2380.16,28.32
