,id,aqi,temperature,humidity,wind_speed,pm2_5,pm10,co,no2
count,694.0,694.0,694.0,694.0,694.0,694.0,694.0,694.0,694.0
mean,327.07636887608066,109.4521757925072,29.97658501440922,73.0014409221902,2.224063400576369,41.087593659942364,-28815560408.19007,457.28015850144084,8.570389048991355
std,178.31342670158875,34.0542278062274,3.277740529990075,14.352649752547583,1.2034713746117605,19.407783538517208,536386993775.7363,206.74309674027424,5.32818899557069
min,1.0,2.12,22.99,31.0,0.0,0.51,-9998999486464.0,18.08,0.0
25%,176.25,83.4975,27.99,62.25,1.54,27.6025,47.81,295.08,4.0675
50%,337.0,104.19,29.845,74.0,2.06,36.845,68.265,432.0,7.96
75%,483.75,142.285,31.99,83.0,3.09,52.335,88.1925,604.77,12.075
max,617.0,187.49,38.99,100.0,8.23,126.18,663.85,1179.69,26.91
