,id,aqi,temperature,humidity,wind_speed,pm2_5,pm10,co,no2
count,486.0,486.0,486.0,486.0,486.0,486.0,486.0,486.0,486.0
mean,237.09053497942386,110.624012345679,29.589012345679013,77.26543209876543,2.3739300411522635,41.54823045267489,69.51979423868312,486.4588271604938,9.527222222222221
std,132.22127670432414,34.478227388714295,3.1850926368006816,11.650119176352444,1.2251962970192527,19.32145630027087,41.80253548713823,220.02182627921297,5.549162052466668
min,1.0,2.12,22.99,46.0,0.0,0.51,2.78,18.08,0.0
25%,125.25,83.9225,26.99,70.0,1.54,27.865,44.5125,308.0225,5.2125
50%,243.5,106.935,28.99,79.0,2.06,37.97,64.49000000000001,479.73,9.1
75%,351.75,144.53750000000002,31.99,84.0,3.09,53.3575,86.4675,636.445,13.445
max,455.0,187.49,38.99,100.0,8.23,126.18,663.85,1179.69,26.91
