,id,aqi,temperature,humidity,wind_speed,pm2_5,pm10,co,no2
count,327.0,327.0,327.0,327.0,327.0,327.0,327.0,327.0,327.0
mean,163.45871559633028,104.44865443425076,30.30535168195718,75.46483180428135,2.4075535168195716,38.27226299694189,76.57051987767585,408.4081651376147,8.72440366972477
std,92.82933731885035,33.71233325537291,2.932712021193575,11.288376339657262,1.1542363194003515,18.003670171618115,46.73667365627153,198.1593755539612,5.548786541393504
min,1.0,2.12,22.99,46.0,0.0,0.51,2.78,18.08,0.0
25%,82.5,78.285,27.99,66.0,2.06,25.18,52.345,246.285,3.67
50%,166.0,99.52,29.99,78.0,2.06,35.57,70.93,363.12,8.0
75%,245.5,129.265,32.99,83.0,3.09,47.125,93.855,559.64,12.52
max,319.0,183.63,38.99,100.0,8.23,118.7,663.85,1168.94,26.91
