,id,aqi,temperature,humidity,wind_speed,pm2_5,pm10,co,no2
count,1332.0,1332.0,1332.0,1332.0,1332.0,1332.0,1332.0,1332.0,1332.0
mean,583.0375375375376,165.18246996996996,25.57257507507508,66.87762762762763,1.7764114114114116,98.73647147147146,-15013512594.265047,714.9952777777778,10.435795795795796
std,313.8925293828231,87.79297356048424,6.787414385477706,17.800274635167302,1.2581587224229007,93.97406977669493,387307782969.0658,462.9328676294526,6.087349771453285
min,1.0,2.12,7.99,20.0,0.0,0.51,-9998999486464.0,18.08,0.0
25%,325.75,101.57,20.99,55.0,1.03,35.7375,65.3825,379.5275,5.547499999999999
50%,594.0,155.44,26.99,70.0,2.06,64.33500000000001,103.6,604.305,10.14
75%,843.25,184.385,29.99,82.0,2.06,120.16250000000001,198.20250000000001,887.0375,14.62
max,1144.0,493.9,38.99,100.0,8.84,491.16,663.85,2794.89,28.32
