,id,aqi,temperature,humidity,wind_speed,pm2_5,pm10,co,no2
count,1469.0,1469.0,1469.0,1469.0,1469.0,1469.0,1469.0,1469.0,1469.0
mean,641.572498298162,176.61609257998637,24.316752893124573,67.89516678012254,1.7265554799183118,111.43499659632404,-13613341548.732893,805.8700748808715,11.191538461538464
std,350.4405416737492,93.7000480662094,7.6402848415496765,17.89999953732016,1.2390353357214943,101.01140049008318,368818481262.7236,551.6981893858166,6.697259328181042
min,1.0,2.12,3.99,20.0,0.0,0.51,-9998999486464.0,18.08,0.0
25%,355.0,105.75,18.99,55.0,1.03,37.44,69.0,402.25,5.89
50%,646.0,159.03,26.99,71.0,2.06,71.27,112.78,636.89,10.84
75%,918.0,203.77,29.99,82.0,2.06,153.3,236.12,1055.29,15.53
max,1278.0,493.9,38.99,100.0,8.84,491.16,663.85,3066.3,33.91
