,id,aqi,temperature,humidity,wind_speed,pm2_5,pm10,co,no2
count,1334.0,1334.0,1334.0,1334.0,1334.0,1334.0,1334.0,1334.0,1334.0
mean,583.8808095952024,165.19200149925035,25.54996251874063,66.89955022488756,1.77452023988006,98.7312968515742,-14991003579.673643,715.5965292353824,10.440232383808096
std,314.41158327496237,87.72790737444997,6.8074259515338,17.795928707635436,1.2583203188065124,93.90530248527527,387017556693.9288,462.8646454034525,6.084531937889436
min,1.0,2.12,7.99,20.0,0.0,0.51,-9998999486464.0,18.08,0.0
25%,326.25,101.57499999999999,20.99,55.0,1.03,35.745000000000005,65.42,380.27,5.56
50%,594.5,155.565,26.99,70.0,2.06,64.38499999999999,103.85499999999999,604.81,10.165
75%,844.0,184.27249999999998,29.99,82.0,2.06,119.94500000000001,197.9275,888.425,14.66
max,1146.0,493.9,38.99,100.0,8.84,491.16,663.85,2794.89,28.32
