,id,aqi,temperature,humidity,wind_speed,pm2_5,pm10,co,no2
count,662.0,662.0,662.0,662.0,662.0,662.0,662.0,662.0,662.0
mean,313.69335347432025,107.3230513595166,29.905876132930516,73.91691842900302,2.2526132930513594,39.64421450151057,69.8092749244713,454.2016012084592,8.606691842900302
std,171.58553461610225,33.12051153242993,3.262535105240128,13.771225153534532,1.206995982833593,18.124727508684252,37.852056328666855,209.00538985986248,5.378365449598429
min,1.0,2.12,22.99,32.0,0.0,0.51,2.78,18.08,0.0
25%,168.25,81.6325,27.99,66.0,1.54,26.7425,46.8225,291.38,4.035
50%,323.5,102.12,28.99,78.0,2.06,35.980000000000004,66.34,424.405,7.96
75%,464.75,134.365,31.99,83.0,3.09,49.192499999999995,85.785,602.515,12.105
max,590.0,187.49,38.99,100.0,8.23,126.18,663.85,1179.69,26.91
