,id,aqi,temperature,humidity,wind_speed,pm2_5,pm10,co,no2
count,1482.0,1482.0,1482.0,1482.0,1482.0,1482.0,1482.0,1482.0,1482.0
mean,647.2381916329284,178.63717273954114,24.168812415654525,68.03846153846153,1.7256410256410255,113.72796221322537,-13493926268.327215,817.3663765182187,11.242719298245614
std,354.06298904991263,95.90620525976765,7.773004163585088,17.919747719590426,1.2347632448288666,103.71452346715395,367198391845.37585,564.8924983416537,6.723901180909294
min,1.0,2.12,2.99,20.0,0.0,0.51,-9998999486464.0,18.08,0.0
25%,358.0,106.0275,17.99,55.0,1.03,37.6225,69.69250000000001,403.935,5.91
50%,649.5,159.305,26.25,71.0,2.06,71.66499999999999,114.06,641.49,10.905000000000001
75%,926.75,208.83499999999998,29.99,82.0,2.06,158.405,239.1575,1069.6575,15.65
max,1295.0,493.9,38.99,100.0,8.84,491.16,663.85,3066.3,33.91
