,id,aqi,temperature,humidity,wind_speed,pm2_5,pm10,co,no2
count,1088.0,1088.0,1088.0,1088.0,1088.0,1088.0,1088.0,1088.0,1088.0
mean,484.6470588235294,134.04813419117647,27.762049632352944,66.98621323529412,1.9031341911764708,63.87893382352941,-18380513655.963932,557.1558547794118,9.307123161764705
std,258.1777207342296,49.08931581558584,5.108881593864616,17.334810928182932,1.268125844578973,45.658203094403355,428506325070.15857,274.5323092190725,5.439766224167513
min,1.0,2.12,11.99,20.0,0.0,0.51,-9998999486464.0,18.08,0.0
25%,268.75,94.095,24.99,55.0,1.03,32.647499999999994,59.3375,340.7,4.925
50%,505.5,143.14499999999998,27.99,70.0,2.06,52.83,87.075,538.06,8.98
75%,709.0,164.165,30.99,82.0,2.0625,80.99000000000001,129.4475,702.8375,13.0125
max,908.0,363.54,38.99,100.0,8.84,313.61,663.85,1714.68,26.91
