,id,aqi,temperature,humidity,wind_speed,pm2_5,pm10,co,no2
count,303.0,303.0,303.0,303.0,303.0,303.0,303.0,303.0,303.0
mean,152.02310231023102,105.32432343234322,30.32042904290429,75.23432343234323,2.4215181518151816,38.783993399339934,75.37867986798679,415.48990099009904,8.661881188118812
std,86.6661180670242,34.51698304694744,2.976896270399195,11.17091229833823,1.1641364102299452,18.48444487161778,48.23876501225036,199.6962194017895,5.487365448190592
min,1.0,2.12,22.99,46.0,0.0,0.51,2.78,18.08,0.0
25%,76.5,77.655,27.99,66.0,2.06,24.955,49.155,261.18,3.7750000000000004
50%,154.0,102.21,29.99,78.0,2.06,36.02,68.69,367.88,7.89
75%,227.5,133.32999999999998,32.99,83.0,3.09,48.665,92.83500000000001,564.0999999999999,12.35
max,297.0,183.63,38.99,100.0,8.23,118.7,663.85,1168.94,26.91
