,id,aqi,temperature,humidity,wind_speed,pm2_5,pm10,co,no2
count,1248.0,1248.0,1248.0,1248.0,1248.0,1248.0,1248.0,1248.0,1248.0
mean,548.0745192307693,150.98577724358975,26.276850961538464,66.15785256410257,1.8105689102564104,82.98310897435897,-16024037507.79541,651.395016025641,10.153501602564102
std,292.78344284186363,68.2653532727602,6.35398161605211,17.610184754650373,1.272070938112648,70.65834385608899,400119802405.66766,391.63999630304613,6.012086769831637
min,1.0,2.12,7.99,20.0,0.0,0.51,-9998999486464.0,18.08,0.0
25%,304.75,98.135,22.99,53.0,1.03,34.5275,62.667500000000004,367.84000000000003,5.342499999999999
50%,562.5,153.86,27.99,70.0,2.06,61.185,96.69,581.885,9.73
75%,792.0,174.76250000000002,30.99,79.0,2.06,101.52250000000001,165.81,809.915,14.12
max,1056.0,403.0,38.99,100.0,8.84,353.53,663.85,2380.16,28.32
