,id,aqi,temperature,humidity,wind_speed,pm2_5,pm10,co,no2
count,864.0,864.0,864.0,864.0,864.0,864.0,864.0,864.0,864.0
mean,396.4212962962963,118.89005787037038,29.39739583333334,69.57638888888889,2.084247685185185,47.92605324074074,-23145832064.50488,485.7054166666666,8.581180555555555
std,213.19908019555788,37.45724032439798,3.673301665040978,16.28195079194591,1.244631442930637,24.121644027569076,480798282620.19055,213.9109947320739,5.150257899001402
min,1.0,2.12,18.99,27.0,0.0,0.51,-9998999486464.0,18.08,0.0
25%,216.75,87.6275,26.99,58.0,1.03,29.605,53.4525,312.915,4.35
50%,410.5,113.72,28.99,73.0,2.06,40.68,76.325,474.52,8.094999999999999
75%,578.25,155.5975,31.99,83.0,2.57,64.44,102.945,633.4825,11.959999999999999
max,742.0,187.49,38.99,100.0,8.84,126.18,663.85,1179.69,26.91
