,id,aqi,temperature,humidity,wind_speed,pm2_5,pm10,co,no2
count,1365.0,1365.0,1365.0,1365.0,1365.0,1365.0,1365.0,1365.0,1365.0
mean,597.0007326007326,166.58109157509156,25.32479120879121,66.82197802197803,1.7624981684981684,100.3320879120879,-14650548547.562082,727.9009523809523,10.590080586080585
std,322.5247620574665,87.48748618549317,6.916442395811984,17.825887725739225,1.2564771719418593,93.81418989482756,382600876821.8933,467.1445646217994,6.180028844465681
min,1.0,2.12,7.99,20.0,0.0,0.51,-9998999486464.0,18.08,0.0
25%,332.0,102.08,20.99,55.0,1.03,35.97,66.14,384.3,5.67
50%,609.0,156.14,26.99,70.0,2.06,65.57,106.61,612.09,10.35
75%,862.0,187.75,29.99,82.0,2.06,126.68,206.37,912.06,14.96
max,1175.0,493.9,38.99,100.0,8.84,491.16,663.85,2794.89,28.32
