,id,aqi,temperature,humidity,wind_speed,pm2_5,pm10,co,no2
count,998.0,998.0,998.0,998.0,998.0,998.0,998.0,998.0,998.0
mean,449.2605210420842,125.97531062124249,28.56113226452906,67.7625250501002,1.995811623246493,54.541342685370736,-20038075031.820168,518.4304208416833,8.873476953907815
std,239.76070121282856,40.01562662230387,4.348004052235446,17.05353887030127,1.2523062346331562,30.376627714985187,447392153793.92255,233.72936186070135,5.216459968097737
min,1.0,2.12,13.99,20.0,0.0,0.51,-9998999486464.0,18.08,0.0
25%,250.25,90.875,25.99,55.0,1.03,31.095,56.942499999999995,328.72249999999997,4.715
50%,466.5,126.275,28.99,70.0,2.06,45.885,82.11500000000001,508.84000000000003,8.485
75%,654.0,159.89999999999998,31.2225,83.0,2.565,72.8625,116.13250000000001,668.115,12.335
max,843.0,232.49,38.99,100.0,8.84,182.28,663.85,1324.55,26.91
