,id,aqi,temperature,humidity,wind_speed,pm2_5,pm10,co,no2
count,715.0,715.0,715.0,715.0,715.0,715.0,715.0,715.0,715.0
mean,335.82377622377624,110.97206993006994,30.01079720279721,72.57482517482518,2.209314685314685,42.091076923076926,-27969229260.40784,459.99183216783223,8.52267132867133
std,182.73815969339606,34.6849487319575,3.2813656559517104,14.539078358486528,1.195043313559236,20.067707621319055,528462508633.1727,205.33506630773527,5.291479726876699
min,1.0,2.12,22.99,31.0,0.0,0.51,-9998999486464.0,18.08,0.0
25%,181.5,84.14,27.99,62.0,1.54,27.869999999999997,48.790000000000006,298.79499999999996,4.06
50%,345.0,105.78,29.99,74.0,2.06,37.51,70.07,437.6,7.93
75%,498.5,146.58,31.99,83.0,3.09,54.065,90.47,607.18,12.01
max,631.0,187.49,38.99,100.0,8.23,126.18,663.85,1179.69,26.91
