,id,aqi,temperature,humidity,wind_speed,pm2_5,pm10,co,no2
count,223.0,223.0,223.0,223.0,223.0,223.0,223.0,223.0,223.0
mean,112.9237668161435,104.88878923766818,29.971748878923762,77.02242152466367,2.4617937219730943,38.63098654708521,66.25192825112106,432.15282511210756,8.834484304932737
std,65.15282464114779,36.43520965469398,2.8287531219501,9.9970463864157,1.180812215718163,19.289893981905436,51.491428949623334,177.00092691669775,5.098124949295224
min,1.0,2.12,22.99,47.0,0.0,0.51,19.51,18.08,0.76
25%,56.5,73.39500000000001,27.99,70.0,2.06,23.515,44.230000000000004,279.525,4.615
50%,113.0,101.98,28.99,78.0,2.06,36.02,60.07,395.16,8.09
75%,169.5,135.66,31.99,83.0,3.09,50.355000000000004,74.74000000000001,597.51,12.120000000000001
max,223.0,183.63,38.99,100.0,8.23,118.7,663.85,884.02,21.37
