,id,aqi,temperature,humidity,wind_speed,pm2_5,pm10,co,no2
count,1008.0,1008.0,1008.0,1008.0,1008.0,1008.0,1008.0,1008.0,1008.0
mean,453.19742063492066,126.71727182539684,28.463204365079367,67.66964285714286,1.9857142857142855,55.43500992063491,-19839284602.38844,522.7355853174603,8.929841269841269
std,241.7906710628072,40.54023260392639,4.459600151952386,17.102848856212216,1.2531913920303128,31.61580083067243,445169634460.0056,237.52271306321066,5.251343666385373
min,1.0,2.12,12.99,20.0,0.0,0.51,-9998999486464.0,18.08,0.0
25%,252.0,91.2425,25.99,55.0,1.03,31.365,56.9675,329.8725,4.7524999999999995
50%,471.5,127.88,28.99,70.0,2.06,46.66,82.24000000000001,511.485,8.55
75%,660.0,160.1975,30.99,83.0,2.5349999999999997,73.855,116.9925,672.9025,12.365
max,849.0,233.83,38.99,100.0,8.84,183.63,663.85,1324.55,26.91
