,id,aqi,temperature,humidity,wind_speed,pm2_5,pm10,co,no2
count,714.0,714.0,714.0,714.0,714.0,714.0,714.0,714.0,714.0
mean,335.41036414565826,110.90957983193276,30.00382352941177,72.61204481792717,2.2095238095238092,42.05984593837535,-28008401850.53921,460.06949579831934,8.525546218487394
std,182.53136203198866,34.66896262955074,3.2783595472199387,14.515143536520284,1.1958679666593468,20.064379708224497,528831930804.8056,205.46850053257768,5.294630326121666
min,1.0,2.12,22.99,31.0,0.0,0.51,-9998999486464.0,18.08,0.0
25%,181.25,84.14,27.99,62.0,1.54,27.865,48.78,298.7125,4.06
50%,344.5,105.765,29.99,74.0,2.06,37.474999999999994,69.905,437.805,7.9350000000000005
75%,497.75,146.5175,31.99,83.0,3.09,54.01,90.3275,607.18,12.01
max,631.0,187.49,38.99,100.0,8.23,126.18,663.85,1179.69,26.91
