,id,aqi,temperature,humidity,wind_speed,pm2_5,pm10,co,no2
count,1097.0,1097.0,1097.0,1097.0,1097.0,1097.0,1097.0,1097.0,1097.0
mean,488.14494074749314,134.8483135824977,27.685524156791253,66.9690063810392,1.8940929808568825,64.83545123062898,-18229716367.847683,560.3054603463994,9.31831358249772
std,259.9785539204329,49.72663667914636,5.169946272046587,17.3228506692011,1.2697015722552871,46.735939860417204,426746543965.0206,276.0710469350826,5.431656431302304
min,1.0,2.12,11.99,20.0,0.0,0.51,-9998999486464.0,18.08,0.0
25%,271.0,94.57,24.99,55.0,1.03,32.82,59.54,341.14,4.98
50%,508.0,144.41,27.99,70.0,2.06,53.2,87.77,541.36,9.03
75%,713.0,164.58,30.99,82.0,2.06,81.81,131.07,709.01,13.05
max,914.0,363.54,38.99,100.0,8.84,313.61,663.85,1714.68,26.91
