,id,aqi,temperature,humidity,wind_speed,pm2_5,pm10,co,no2
count,1012.0,1012.0,1012.0,1012.0,1012.0,1012.0,1012.0,1012.0,1012.0
mean,454.7677865612648,127.00541501976285,28.44157114624506,67.56324110671937,1.984990118577075,55.76763833992094,-19760868456.742973,523.9314822134387,8.940553359683795
std,242.59737443535877,40.74922945058849,4.466226708392569,17.156144275989455,1.251915762367611,32.057214665692456,444289855168.80634,238.65290682885094,5.257773585490298
min,1.0,2.12,12.99,20.0,0.0,0.51,-9998999486464.0,18.08,0.0
25%,252.75,91.515,25.99,55.0,1.03,31.46,57.0225,330.0775,4.7524999999999995
50%,473.0,129.265,28.99,70.0,2.06,47.125,82.525,512.62,8.555
75%,662.25,160.67499999999998,30.99,83.0,2.5349999999999997,74.24000000000001,117.2425,673.13,12.425
max,852.0,242.45,38.99,100.0,8.84,192.33,663.85,1324.55,26.91
