,id,aqi,temperature,humidity,wind_speed,pm2_5,pm10,co,no2
count,588.0,588.0,588.0,588.0,588.0,588.0,588.0,588.0,588.0
mean,282.3299319727891,107.81112244897959,29.692585034013607,76.04761904761905,2.313214285714286,40.05552721088435,67.66566326530612,465.6060544217687,8.791445578231292
std,155.9168519575627,34.717494430353234,3.190800199430977,12.303423068140019,1.2236149037620816,19.06680670116254,39.31093626615259,215.05801705485834,5.46377266233886
min,1.0,2.12,22.99,37.0,0.0,0.51,2.78,18.08,0.0
25%,149.75,78.58500000000001,27.787499999999998,66.0,1.54,25.267500000000002,44.787499999999994,293.605,4.175
50%,288.5,102.41499999999999,28.99,78.5,2.06,36.13,62.644999999999996,438.145,8.07
75%,419.25,141.04999999999998,31.99,84.0,3.09,52.02,82.44500000000001,619.835,12.325
max,535.0,187.49,38.99,100.0,8.23,126.18,663.85,1179.69,26.91
