,id,aqi,temperature,humidity,wind_speed,pm2_5,pm10,co,no2
count,1257.0,1257.0,1257.0,1257.0,1257.0,1257.0,1257.0,1257.0,1257.0
mean,551.7470167064439,152.47081145584724,26.19206046141607,66.25457438345266,1.8049801113762929,84.59719968178202,-15909306926.290249,656.9941288782816,10.187072394590295
std,294.9231433285464,70.26163861118154,6.415459667207365,17.598551805043193,1.2705442388286556,72.95433694616027,398685965806.3795,396.202501899825,6.017586343642636
min,1.0,2.12,7.99,20.0,0.0,0.51,-9998999486464.0,18.08,0.0
25%,307.0,98.21,22.52,54.0,1.03,34.57,63.02,368.78,5.38
50%,564.0,154.05,27.99,70.0,2.06,61.49,97.03,585.23,9.77
75%,798.0,175.12,30.99,79.0,2.06,102.22,169.33,817.73,14.15
max,1065.0,403.0,38.99,100.0,8.84,353.53,663.85,2380.16,28.32
