,id,aqi,temperature,humidity,wind_speed,pm2_5,pm10,co,no2
count,497.0,497.0,497.0,497.0,497.0,497.0,497.0,497.0,497.0
mean,242.0281690140845,111.52818913480884,29.543561368209257,77.31991951710262,2.373158953722334,42.006358148893355,69.51983903420523,489.21207243460765,9.470784708249496
std,134.81199278422986,34.65128413025189,3.1795477958738907,11.638726096734116,1.2196325302963051,19.4082894821123,41.375307853525854,219.52775383895172,5.5154448088475245
min,1.0,2.12,22.99,46.0,0.0,0.51,2.78,18.08,0.0
25%,128.0,84.25,26.99,70.0,1.54,27.96,44.75,311.1,5.21
50%,249.0,108.07,28.99,79.0,2.06,38.37,64.51,483.07,9.03
75%,359.0,146.33,31.99,84.0,3.09,54.01,86.37,636.76,13.28
max,465.0,187.49,38.99,100.0,8.23,126.18,663.85,1179.69,26.91
