,id,aqi,temperature,humidity,wind_speed,pm2_5,pm10,co,no2
count,674.0,674.0,674.0,674.0,674.0,674.0,674.0,674.0,674.0
mean,318.7091988130564,107.79097922848663,29.917314540059355,73.58753709198812,2.2399258160237387,39.83035608308605,70.39287833827893,455.3907270029673,8.625667655786351
std,174.0882895121638,33.113344790283,3.2620221896397483,13.991471362721912,1.2092274597718464,18.064379104845976,37.807383895115066,208.1979787294271,5.36019415240653
min,1.0,2.12,22.99,31.0,0.0,0.51,2.78,18.08,0.0
25%,171.25,82.1425,27.99,66.0,1.54,27.2975,47.3525,292.0375,4.0525
50%,329.0,102.55000000000001,28.99,75.0,2.06,36.225,67.13499999999999,429.04999999999995,8.04
75%,472.75,136.2725,31.99,83.0,3.09,50.0125,86.67250000000001,602.515,12.125
max,599.0,187.49,38.99,100.0,8.23,126.18,663.85,1179.69,26.91
