,id,aqi,temperature,humidity,wind_speed,pm2_5,pm10,co,no2
count,849.0,849.0,849.0,849.0,849.0,849.0,849.0,849.0,849.0
mean,390.41696113074204,118.1057008244994,29.464664310954067,69.82921083627798,2.1010600706713785,47.371872791519436,-23554769028.932384,482.4597762073027,8.537149587750294
std,210.18708085242494,37.30147185889095,3.6247476374954775,16.12488977479002,1.2435139488412388,23.890192941377677,485022044353.3173,213.07128951788192,5.146893515134624
min,1.0,2.12,19.99,27.0,0.0,0.51,-9998999486464.0,18.08,0.0
25%,213.0,87.36,26.99,59.0,1.03,29.46,52.94,312.49,4.32
50%,404.0,113.02,28.99,73.0,2.06,40.41,75.58,471.07,8.05
75%,570.0,155.08,31.99,83.0,2.95,63.42,101.87,629.84,11.94
max,730.0,187.49,38.99,100.0,8.84,126.18,663.85,1179.69,26.91
