,id,aqi,temperature,humidity,wind_speed,pm2_5,pm10,co,no2
count,1304.0,1304.0,1304.0,1304.0,1304.0,1304.0,1304.0,1304.0,1304.0
mean,571.2645705521472,161.54351993865032,25.816679447852763,66.49693251533742,1.7825690184049081,94.76970858895706,-15335888638.808336,698.4532898773007,10.392753067484664
std,306.66900483893403,84.09546461217326,6.639422214203341,17.65713332987711,1.2649070274208625,89.79326712564202,391440747850.4306,450.0255898328051,6.104856075502513
min,1.0,2.12,7.99,20.0,0.0,0.51,-9998999486464.0,18.08,0.0
25%,318.75,99.81,21.99,54.0,1.03,35.505,64.5,376.6775,5.5
50%,582.5,154.875,26.99,70.0,2.06,63.125,101.765,596.935,10.024999999999999
75%,827.0,180.66,30.1925,81.0,2.06,112.94,188.2175,858.5550000000001,14.5925
max,1117.0,493.9,38.99,100.0,8.84,491.16,663.85,2794.89,28.32
