,id,aqi,temperature,humidity,wind_speed,pm2_5,pm10,co,no2
count,615.0,615.0,615.0,615.0,615.0,615.0,615.0,615.0,615.0
mean,293.94146341463414,107.7059512195122,29.79507317073171,75.30243902439024,2.2870243902439022,39.927626016260156,68.45213008130081,461.0613333333334,8.7270081300813
std,161.8140641482103,34.12939422540424,3.22399694567353,12.774780883238712,1.2211798472272026,18.709525841706192,38.743783490208415,212.50979316045368,5.428417279573447
min,1.0,2.12,22.99,34.0,0.0,0.51,2.78,18.08,0.0
25%,156.5,79.67500000000001,27.99,66.0,1.54,25.765,45.555,293.17,4.105
50%,301.0,102.28,28.99,78.0,2.06,36.06,63.93,429.65,8.0
75%,436.5,139.88,31.99,84.0,3.09,51.36,85.14,612.835,12.315000000000001
max,557.0,187.49,38.99,100.0,8.23,126.18,663.85,1179.69,26.91
