,id,aqi,temperature,humidity,wind_speed,pm2_5,pm10,co,no2
count,1308.0,1308.0,1308.0,1308.0,1308.0,1308.0,1308.0,1308.0,1308.0
mean,572.9411314984709,162.2080504587156,25.78127675840979,66.55963302752293,1.78184250764526,95.48616972477065,-15288989895.508072,700.3038302752294,10.4018501529052
std,307.6931922986533,84.82541650910943,6.660411881626396,17.676562548257465,1.2633594166855528,90.58982277605487,390842215652.04095,450.58163188191867,6.105884384616948
min,1.0,2.12,7.99,20.0,0.0,0.51,-9998999486464.0,18.08,0.0
25%,319.75,100.83,21.99,54.75,1.03,35.57,64.6525,377.245,5.5
50%,584.5,154.99,26.99,70.0,2.06,63.31,102.035,598.145,10.04
75%,829.25,181.0575,30.029999999999998,81.0,2.06,113.72,189.8825,865.0225,14.6
max,1121.0,493.9,38.99,100.0,8.84,491.16,663.85,2794.89,28.32
