,id,aqi,temperature,humidity,wind_speed,pm2_5,pm10,co,no2
count,389.0,389.0,389.0,389.0,389.0,389.0,389.0,389.0,389.0
mean,192.6349614395887,108.61634961439587,30.27565552699229,75.19794344473007,2.3704113110539846,40.51334190231362,73.95254498714654,433.3931105398458,8.926632390745501
std,108.53599531815294,34.56298358907237,2.890010236952859,11.232289421867078,1.1992032730863473,19.17715477049618,44.17793304927639,198.67998860219845,5.499484720106066
min,1.0,2.12,22.99,46.0,0.0,0.51,2.78,18.08,0.0
25%,98.0,83.13,27.99,66.0,1.54,27.4,49.17,272.12,4.05
50%,197.0,104.18,29.99,78.0,2.06,36.89,68.36,394.2,8.24
75%,287.0,140.89,32.99,83.0,3.09,51.96,91.86,597.6,12.44
max,373.0,187.49,38.99,100.0,8.23,126.18,663.85,1168.94,26.91
