,id,aqi,temperature,humidity,wind_speed,pm2_5,pm10,co,no2
count,1323.0,1323.0,1323.0,1323.0,1323.0,1323.0,1323.0,1323.0,1323.0
mean,579.2456538170824,164.74575963718823,25.643809523809526,66.8291761148904,1.7772108843537415,98.26789871504157,-15115645334.394333,709.8469009826152,10.40790627362056
std,311.5600212965063,87.70486337536275,6.74998542050311,17.77480142391415,1.2592554196523442,93.86284117623468,388621928915.05676,458.31861225638187,6.083862716439246
min,1.0,2.12,7.99,20.0,0.0,0.51,-9998999486464.0,18.08,0.0
25%,323.5,101.44,21.975,55.0,1.03,35.715,65.1,378.58000000000004,5.54
50%,590.0,155.14,26.99,70.0,2.06,63.51,102.73,602.5,10.05
75%,838.0,183.89499999999998,29.99,82.0,2.06,119.215,197.775,882.55,14.57
max,1136.0,493.9,38.99,100.0,8.84,491.16,663.85,2794.89,28.32
