,id,aqi,temperature,humidity,wind_speed,pm2_5,pm10,co,no2
count,260.0,260.0,260.0,260.0,260.0,260.0,260.0,260.0,260.0
mean,131.26153846153846,106.40957692307691,30.07892307692308,76.36923076923077,2.444346153846154,39.53011538461539,70.79257692307692,434.11111538461546,8.788961538461539
std,75.42180525583241,36.62946888694956,2.882729762237676,10.508050571781943,1.1850298349960264,19.670686253154276,50.26378725064242,204.86796659078877,5.470784256815048
min,1.0,2.12,22.99,46.0,0.0,0.51,2.78,18.08,0.0
25%,65.75,76.9275,27.99,70.0,2.06,24.5675,45.599999999999994,268.515,4.0275
50%,133.5,102.515,29.99,78.0,2.06,36.225,62.845,383.935,8.045
75%,197.25,140.05,31.99,83.0,3.09,51.445,78.6925,601.6424999999999,12.175
max,259.0,183.63,38.99,100.0,8.23,118.7,663.85,1168.94,26.91
