,id,aqi,temperature,humidity,wind_speed,pm2_5,pm10,co,no2
count,1022.0,1022.0,1022.0,1022.0,1022.0,1022.0,1022.0,1022.0,1022.0
mean,458.71037181996087,127.7226712328767,28.34126223091977,67.48043052837573,1.9706066536203524,56.590606653620355,-19567513577.2694,528.3587671232876,9.00738747553816
std,244.6460760306561,41.27530173135304,4.580209511492849,17.210203241185344,1.2568427492146474,33.20355960502638,442113026115.50555,243.14077842164892,5.306231873371723
min,1.0,2.12,12.99,20.0,0.0,0.51,-9998999486464.0,18.08,0.0
25%,255.25,91.89,25.99,55.0,1.03,31.5775,57.135,331.3225,4.795
50%,477.5,130.45,28.99,70.0,2.06,47.56999999999999,83.33500000000001,516.885,8.66
75%,667.75,161.1275,30.99,82.0,2.43,75.1075,118.0625,677.305,12.5475
max,861.0,242.45,38.99,100.0,8.84,192.33,663.85,1324.55,26.91
