,id,aqi,temperature,humidity,wind_speed,pm2_5,pm10,co,no2
count,637.0,637.0,637.0,637.0,637.0,637.0,637.0,637.0,637.0
mean,303.24332810047093,107.66813186813188,29.852040816326532,74.78021978021978,2.2678492935635797,39.85098901098901,69.19695447409732,457.4272213500785,8.639544740973314
std,166.43664292199998,33.663918161289615,3.2401898254962864,13.083141894759574,1.2112519859543156,18.428663988750145,38.37105164355287,210.93064212604867,5.400983716590779
min,1.0,2.12,22.99,34.0,0.0,0.51,2.78,18.08,0.0
25%,162.0,80.93,27.99,66.0,1.54,26.51,46.33,291.95,4.06
50%,311.0,102.45,28.99,78.0,2.06,36.17,65.41,426.33,7.97
75%,449.0,139.07,31.99,83.0,3.09,50.99,85.74,607.52,12.09
max,570.0,187.49,38.99,100.0,8.23,126.18,663.85,1179.69,26.91
