,id,aqi,temperature,humidity,wind_speed,pm2_5,pm10,co,no2
count,421.0,421.0,421.0,421.0,421.0,421.0,421.0,421.0,421.0
mean,207.41330166270785,108.61776722090262,30.033040380047506,75.8812351543943,2.3723990498812353,40.38978622327791,72.01795724465559,444.2956769596199,9.102755344418053
std,116.39665440199657,34.369356669276925,3.023164499530702,11.378139206570403,1.2089843011305181,18.892983837592304,43.53343236998955,198.0796180960483,5.496856418466761
min,1.0,2.12,22.99,46.0,0.0,0.51,2.78,18.08,0.0
25%,106.0,81.81,27.99,66.0,1.54,27.27,46.52,279.12,4.26
50%,211.0,104.18,29.99,78.0,2.06,36.89,66.26,421.93,8.41
75%,308.0,140.89,31.99,84.0,3.09,51.96,89.54,598.69,12.7
max,400.0,187.49,38.99,100.0,8.23,126.18,663.85,1168.94,26.91
