,id,aqi,temperature,humidity,wind_speed,pm2_5,pm10,co,no2
count,1261.0,1261.0,1261.0,1261.0,1261.0,1261.0,1261.0,1261.0,1261.0
mean,553.3830293417923,153.3113639968279,26.14938937351309,66.31245043616178,1.8025218080888183,85.51969865186359,-15858841240.858852,660.8387787470261,10.190856463124504
std,295.8805636299728,71.71813403130123,6.451460264736527,17.60223864118065,1.269938000189622,74.65708795215909,398053633991.29913,401.4394189502057,6.008624415049325
min,1.0,2.12,7.99,20.0,0.0,0.51,-9998999486464.0,18.08,0.0
25%,308.0,98.25,21.99,54.0,1.03,34.63,63.09,371.27,5.39
50%,566.0,154.13,27.99,70.0,2.06,61.6,97.31,586.44,9.79
75%,800.0,175.83,30.99,79.0,2.06,103.59,171.63,820.16,14.15
max,1069.0,428.06,38.99,100.0,8.84,391.48,663.85,2380.16,28.32
