,id,aqi,temperature,humidity,wind_speed,pm2_5,pm10,co,no2
count,1043.0,1043.0,1043.0,1043.0,1043.0,1043.0,1043.0,1043.0,1043.0
mean,466.9817833173538,128.9712368168744,28.16065196548418,67.25599232981783,1.947718120805369,58.02365292425695,-19173536789.14351,535.358187919463,9.107411313518696
std,248.95534648421173,41.83239667550269,4.749945868634226,17.29241149312443,1.2604970263674968,34.52482439079619,437643915560.15515,248.05645769482166,5.362787810489292
min,1.0,2.12,11.99,20.0,0.0,0.51,-9998999486464.0,18.08,0.0
25%,259.5,92.4,25.99,55.0,1.03,31.985,57.44,336.645,4.83
50%,485.0,134.14,28.99,70.0,2.06,49.08,84.77,521.41,8.77
75%,682.0,162.03,30.99,82.0,2.34,76.86,120.565,683.085,12.71
max,878.0,242.45,38.99,100.0,8.84,192.33,663.85,1324.55,26.91
