,id,aqi,temperature,humidity,wind_speed,pm2_5,pm10,co,no2
count,698.0,698.0,698.0,698.0,698.0,698.0,698.0,698.0,698.0
mean,328.75214899713467,109.79183381088825,29.984469914040115,72.92550143266476,2.2186246418338107,41.36686246418338,-28650428256.249447,457.8938108882522,8.549570200573067
std,179.16791624623517,34.25587456353938,3.284677931856218,14.41265813781618,1.2041386544232646,19.735638674760754,534850077851.6489,206.64025444836145,5.3238738270763575
min,1.0,2.12,22.99,31.0,0.0,0.51,-9998999486464.0,18.08,0.0
25%,177.25,83.605,27.99,62.0,1.54,27.66,48.04,296.0475,4.06
50%,338.0,104.47,29.845,74.0,2.06,36.945,68.53999999999999,432.555,7.9399999999999995
75%,486.75,143.3725,31.99,83.0,3.09,52.845,88.4675,606.0675,12.03
max,621.0,187.49,38.99,100.0,8.23,126.18,663.85,1179.69,26.91
