,id,aqi,temperature,humidity,wind_speed,pm2_5,pm10,co,no2
count,544.0,544.0,544.0,544.0,544.0,544.0,544.0,544.0,544.0
mean,263.0091911764706,109.99698529411765,29.5214705882353,77.16176470588235,2.3593014705882354,41.18167279411765,67.35136029411764,481.1540073529411,9.10125
std,145.86351092580497,35.00043937256135,3.1421101821743003,11.637223940534126,1.2429689806462036,19.319158373327156,40.5544344638653,214.43170009158948,5.476483485120654
min,1.0,2.12,22.99,46.0,0.0,0.51,2.78,18.08,0.0
25%,139.75,83.07249999999999,26.99,70.0,1.54,27.395,43.6225,310.6975,4.6000000000000005
50%,268.5,106.08500000000001,28.99,79.0,2.06,37.635,62.165,471.85,8.4
75%,389.25,144.5925,31.99,84.0,3.09,53.2675,83.095,627.8225,12.6475
max,505.0,187.49,38.99,100.0,8.23,126.18,663.85,1179.69,26.91
