,id,aqi,temperature,humidity,wind_speed,pm2_5,pm10,co,no2
count,785.0,785.0,785.0,785.0,785.0,785.0,785.0,785.0,785.0
mean,364.43184713375797,114.17173248407643,29.702089171974528,71.07898089171975,2.1883821656050957,44.155031847133756,-25475157851.609493,465.7574904458599,8.455745222929936
std,196.9806676383292,35.88064955238119,3.4917783854446767,15.428203665619947,1.2262205733796379,21.228827610458044,504381983528.4895,203.46090538377874,5.18759110923736
min,1.0,2.12,19.99,27.0,0.0,0.51,-9998999486464.0,18.08,0.0
25%,199.0,85.3,26.99,62.0,1.03,28.47,50.13,304.37,4.12
50%,377.0,108.98,28.99,74.0,2.06,38.82,72.63,446.61,7.93
75%,536.0,152.71,31.99,83.0,3.09,58.82,95.29,614.77,11.94
max,683.0,187.49,38.99,100.0,8.84,126.18,663.85,1179.69,26.91
