,id,aqi,temperature,humidity,wind_speed,pm2_5,pm10,co,no2
count,250.0,250.0,250.0,250.0,250.0,250.0,250.0,250.0,250.0
mean,126.324,107.51795999999999,30.02572,76.776,2.42044,40.10043999999999,70.08948,442.18412,8.890039999999999
std,72.6651216445308,36.85783008796874,2.8448253031816377,10.111319355873688,1.1609600853081534,19.82035757761241,50.97844226762657,203.8744181660755,5.46602419317014
min,1.0,2.12,22.99,47.0,0.0,0.51,2.78,18.08,0.0
25%,63.25,77.345,27.99,70.0,2.06,24.71,44.94,276.45,4.0775
50%,128.5,104.505,29.99,78.0,2.06,37.125,62.04,392.245,8.08
75%,189.75,142.24,31.99,83.0,3.09,53.165,77.5775,606.9749999999999,12.265
max,250.0,183.63,38.99,100.0,8.23,118.7,663.85,1168.94,26.91
