,id,aqi,temperature,humidity,wind_speed,pm2_5,pm10,co,no2
count,319.0,319.0,319.0,319.0,319.0,319.0,319.0,319.0,319.0
mean,159.64576802507838,104.99962382445142,30.335203761755487,75.2601880877743,2.4082131661442006,38.55322884012539,76.49247648902822,410.54081504702197,8.664670846394985
std,90.76237153898074,33.94145634732758,2.9499845228010413,11.24308374246067,1.1593758914010401,18.135713227187626,47.304933995574956,199.56825563657205,5.554143090799715
min,1.0,2.12,22.99,46.0,0.0,0.51,2.78,18.08,0.0
25%,80.5,78.285,27.99,66.0,2.06,25.18,51.81,246.285,3.64
50%,162.0,101.89,29.99,78.0,2.06,35.9,70.61,366.33,7.89
75%,239.5,130.315,32.99,83.0,3.09,47.9,95.11500000000001,562.14,12.35
max,311.0,183.63,38.99,100.0,8.23,118.7,663.85,1168.94,26.91
