,id,aqi,temperature,humidity,wind_speed,pm2_5,pm10,co,no2
count,1331.0,1331.0,1331.0,1331.0,1331.0,1331.0,1331.0,1331.0,1331.0
mean,582.6160781367392,165.16625093914348,25.58127723516154,66.87377911344853,1.7761983471074378,98.71690458302027,-15024792468.620228,714.5446356123216,10.428670172802406
std,313.63326221858324,87.82397590580774,6.782528097251067,17.806410835297015,1.2586075859320436,94.00667730261961,387453141167.95905,462.81450834325216,6.084078095762969
min,1.0,2.12,7.99,20.0,0.0,0.51,-9998999486464.0,18.08,0.0
25%,325.5,101.57,20.99,55.0,1.03,35.735,65.35499999999999,379.29499999999996,5.545
50%,594.0,155.34,26.99,70.0,2.06,64.29,103.59,604.18,10.14
75%,843.0,184.225,29.99,82.0,2.06,119.85,198.325,886.0,14.6
max,1143.0,493.9,38.99,100.0,8.84,491.16,663.85,2794.89,28.32
