,id,aqi,temperature,humidity,wind_speed,pm2_5,pm10,co,no2
count,1064.0,1064.0,1064.0,1064.0,1064.0,1064.0,1064.0,1064.0,1064.0
mean,475.2471804511278,130.7275657894737,27.97871240601504,67.05263157894737,1.923796992481203,60.10814849624061,-18795111715.660034,543.3374906015038,9.206738721804513
std,253.2803822142968,43.38675137762508,4.912003453441297,17.346478943360108,1.2665547449915304,37.48121974957378,433307649519.94684,254.57091568019686,5.405901045888166
min,1.0,2.12,11.99,20.0,0.0,0.51,-9998999486464.0,18.08,0.0
25%,264.75,93.525,24.99,55.0,1.03,32.345,58.11,338.33750000000003,4.8725
50%,494.5,139.88,27.99,70.0,2.06,51.36,85.78,527.7950000000001,8.88
75%,695.25,162.905,30.99,82.0,2.1775,78.5525,124.27250000000001,691.4125,12.862499999999999
max,893.0,251.45,38.99,100.0,8.84,201.41,663.85,1324.55,26.91
