,id,aqi,temperature,humidity,wind_speed,pm2_5,pm10,co,no2
count,407.0,407.0,407.0,407.0,407.0,407.0,407.0,407.0,407.0
mean,200.97788697788698,109.04432432432432,30.21388206388206,75.36855036855037,2.3667567567567565,40.65063882063882,73.29906633906634,439.4414496314496,9.03029484029484
std,112.988869945162,34.55261433113607,2.9023430598894313,11.19846900214109,1.2092216677153176,19.047454249426785,43.66429562499117,197.80508090325847,5.519304938708419
min,1.0,2.12,22.99,46.0,0.0,0.51,2.78,18.08,0.0
25%,102.5,83.155,27.99,66.0,1.54,27.45,48.58,276.57,4.195
50%,205.0,104.42,29.99,78.0,2.06,36.93,67.46,402.25,8.39
75%,298.5,142.515,31.99,83.0,3.09,52.614999999999995,90.915,598.96,12.62
max,388.0,187.49,38.99,100.0,8.23,126.18,663.85,1168.94,26.91
