,id,aqi,temperature,humidity,wind_speed,pm2_5,pm10,co,no2
count,354.0,354.0,354.0,354.0,354.0,354.0,354.0,354.0,354.0
mean,176.2683615819209,106.11596045197741,30.284124293785315,75.43785310734464,2.3794915254237288,39.33319209039548,75.4849152542373,418.2808474576271,8.746158192090396
std,99.77040932516705,34.27518608390405,2.8941454915311975,11.23974291848108,1.1509152762109802,18.9666220381508,45.644627187318385,197.21258052735874,5.448128346428125
min,1.0,2.12,22.99,46.0,0.0,0.51,2.78,18.08,0.0
25%,89.25,79.05,27.99,66.0,2.06,25.865000000000002,49.3425,264.2175,3.9625
50%,179.5,101.935,29.99,78.0,2.06,35.945,70.445,371.64,8.08
75%,263.75,133.365,32.74,83.0,3.09,48.667500000000004,92.56,572.9925000000001,12.265
max,342.0,187.49,38.99,100.0,8.23,126.18,663.85,1168.94,26.91
