,id,aqi,temperature,humidity,wind_speed,pm2_5,pm10,co,no2
count,839.0,839.0,839.0,839.0,839.0,839.0,839.0,839.0,839.0
mean,386.3897497020262,117.48855780691298,29.51084624553039,70.02264600715137,2.1089153754469607,46.839070321811676,-23835517171.528416,477.745137067938,8.485995232419548
std,208.15183883253223,37.074725144986694,3.5958373738327105,16.036524902165848,1.2445481649317205,23.437516716298916,487900522469.5922,207.97091001646805,5.119812322221819
min,1.0,2.12,19.99,27.0,0.0,0.51,-9998999486464.0,18.08,0.0
25%,210.5,86.93,26.99,59.0,1.03,29.265,52.625,312.01,4.279999999999999
50%,399.0,112.38,28.99,74.0,2.06,40.22,74.47,468.05,8.0
75%,564.5,154.765,31.99,83.0,3.0300000000000002,62.86,100.88999999999999,627.2,11.885000000000002
max,725.0,187.49,38.99,100.0,8.84,126.18,663.85,1179.69,26.91
