,id,aqi,temperature,humidity,wind_speed,pm2_5,pm10,co,no2
count,1148.0,1148.0,1148.0,1148.0,1148.0,1148.0,1148.0,1148.0,1148.0
mean,508.0731707317073,138.98204703832752,27.192081881533106,66.7595818815331,1.8610888501742162,69.67970383275262,-17419859619.536343,582.3094773519164,9.520479094076654
std,270.4449848791036,52.7856430119602,5.624323074588054,17.41287052176027,1.27738123668454,51.66901167508216,417168204069.49567,296.2820946847178,5.512123124493864
min,1.0,2.12,9.99,20.0,0.0,0.51,-9998999486464.0,18.08,0.0
25%,282.75,95.8425,23.99,55.0,1.03,33.4975,60.8125,348.7125,5.09
50%,527.5,151.04500000000002,27.99,70.0,2.06,55.595,91.495,556.1949999999999,9.285
75%,739.25,167.60750000000002,30.99,79.0,2.06,87.66499999999999,139.54500000000002,737.0025,13.36
max,959.0,363.54,38.99,100.0,8.84,313.61,663.85,1714.68,26.91
