,id,aqi,temperature,humidity,wind_speed,pm2_5,pm10,co,no2
count,1174.0,1174.0,1174.0,1174.0,1174.0,1174.0,1174.0,1174.0,1174.0
mean,518.339863713799,140.3848126064736,26.932921635434415,66.6252129471891,1.8426831345826236,71.26788756388416,-17034070560.758698,593.4035860306644,9.649633730834752
std,276.0044314889091,53.34755718289014,5.854961877228073,17.445789709815838,1.2797028001510595,52.66777041718303,412526920909.57043,307.5302339846696,5.581513554325756
min,1.0,2.12,8.99,20.0,0.0,0.51,-9998999486464.0,18.08,0.0
25%,288.25,96.365,23.99,55.0,1.03,33.68,61.3175,356.6175,5.2125
50%,534.5,151.66000000000003,27.99,70.0,2.06,56.945,92.97,562.14,9.375
75%,750.0,168.9425,30.99,79.0,2.06,90.2475,144.2975,752.1850000000001,13.4975
max,983.0,363.54,38.99,100.0,8.84,313.61,663.85,1923.99,26.91
