,id,aqi,temperature,humidity,wind_speed,pm2_5,pm10,co,no2
count,1099.0,1099.0,1099.0,1099.0,1099.0,1099.0,1099.0,1099.0,1099.0
mean,488.9226569608735,135.0184076433121,27.66151046405824,66.97725204731574,1.8906460418562332,65.04150136487716,-18196541269.38238,561.050109190173,9.322274795268426
std,260.3800963189282,49.8411815421418,5.19618532951968,17.30921060235999,1.2711130763719465,46.94256123404404,426358417349.48474,276.3713233016801,5.4276353770297865
min,1.0,2.12,11.99,20.0,0.0,0.51,-9998999486464.0,18.08,0.0
25%,271.5,94.57,24.99,55.0,1.03,32.825,59.575,341.36,4.995
50%,509.0,144.58,27.99,70.0,2.06,53.22,87.78,541.38,9.04
75%,714.0,164.71,30.99,80.5,2.06,82.06,131.31,711.145,13.025
max,916.0,363.54,38.99,100.0,8.84,313.61,663.85,1714.68,26.91
