,id,aqi,temperature,humidity,wind_speed,pm2_5,pm10,co,no2
count,503.0,503.0,503.0,503.0,503.0,503.0,503.0,503.0,503.0
mean,244.7196819085487,111.80833001988071,29.556838966202786,77.20675944333996,2.3632803180914514,42.13222664015904,69.41439363817096,488.95916500994036,9.423538767395627
std,136.2289895723323,34.59867876243267,3.173283227533268,11.663312676313002,1.21696105038644,19.373431827357,41.16097137002023,218.69637784419277,5.51331779508037
min,1.0,2.12,22.99,46.0,0.0,0.51,2.78,18.08,0.0
25%,129.5,84.36,26.99,70.0,1.54,27.990000000000002,44.845,311.505,5.0600000000000005
50%,252.0,108.98,28.99,79.0,2.06,38.74,64.47,483.07,8.98
75%,363.5,146.455,31.99,84.0,3.09,54.065,85.875,636.725,13.24
max,470.0,187.49,38.99,100.0,8.23,126.18,663.85,1179.69,26.91
