,id,aqi,temperature,humidity,wind_speed,pm2_5,pm10,co,no2
count,1139.0,1139.0,1139.0,1139.0,1139.0,1139.0,1139.0,1139.0,1139.0
mean,504.5417032484636,138.53276558384545,27.283230904302023,66.80421422300263,1.86675153643547,69.19433713784021,-17557505570.536243,579.4061281826164,9.49406496927129
std,268.56414531465333,52.68281949161034,5.536586040392083,17.370341665348437,1.2783158339893073,51.43618247879295,418811678283.77094,294.1613790945594,5.510944876004046
min,1.0,2.12,9.99,20.0,0.0,0.51,-9998999486464.0,18.08,0.0
25%,280.0,95.585,24.645,55.0,1.03,33.379999999999995,60.725,348.43,5.085
50%,525.0,149.48,27.99,70.0,2.06,55.2,90.89,552.76,9.23
75%,734.5,167.07999999999998,30.99,79.0,2.06,86.64500000000001,138.655,731.2850000000001,13.344999999999999
max,950.0,363.54,38.99,100.0,8.84,313.61,663.85,1714.68,26.91
