,id,aqi,temperature,humidity,wind_speed,pm2_5,pm10,co,no2
count,589.0,589.0,589.0,589.0,589.0,589.0,589.0,589.0,589.0
mean,282.76061120543295,107.76312393887945,29.703276740237698,75.99320882852292,2.3145331069609507,40.03110356536502,67.65487266553481,465.16561969439726,8.782563667232598
std,156.13446610889213,34.707514371240286,3.198627994536761,12.363676557531003,1.2229928695013086,19.059805722730637,39.27836740210284,215.14076824263688,5.463378702946276
min,1.0,2.12,22.99,37.0,0.0,0.51,2.78,18.08,0.0
25%,150.0,78.61,27.99,66.0,1.54,25.28,44.8,292.3,4.16
50%,289.0,102.38,28.99,78.0,2.06,36.09,62.63,438.01,8.07
75%,420.0,140.89,31.99,84.0,3.09,51.96,82.26,619.67,12.32
max,536.0,187.49,38.99,100.0,8.23,126.18,663.85,1179.69,26.91
