,id,aqi,temperature,humidity,wind_speed,pm2_5,pm10,co,no2
count,347.0,347.0,347.0,347.0,347.0,347.0,347.0,347.0,347.0
mean,172.97982708933716,106.3693659942363,30.292939481268014,75.54466858789625,2.3740922190201728,39.4850144092219,76.2456484149856,415.5897406340058,8.767175792507205
std,98.0151996409927,34.40670066228273,2.907303341889255,11.194039707009392,1.1383384466918167,19.072822315630344,45.74348942363927,198.14342686415338,5.493217792130787
min,1.0,2.12,22.99,46.0,0.0,0.51,2.78,18.08,0.0
25%,87.5,80.275,27.99,66.0,2.06,26.33,51.965,261.18,3.89
50%,176.0,102.28,29.99,78.0,2.06,36.06,70.93,368.74,8.07
75%,259.0,133.41500000000002,32.99,83.0,3.09,48.815,93.18,570.48,12.35
max,337.0,187.49,38.99,100.0,8.23,126.18,663.85,1168.94,26.91
