,id,aqi,temperature,humidity,wind_speed,pm2_5,pm10,co,no2
count,353.0,353.0,353.0,353.0,353.0,353.0,353.0,353.0,353.0
mean,175.79886685552407,106.16008498583568,30.29345609065156,75.41643059490085,2.383314447592068,39.3570821529745,75.58940509915014,418.00314447592064,8.747110481586402
std,99.51965200439547,34.31376780641121,2.89291531922925,11.248457558724438,1.1502959378315698,18.988209641312586,45.66699940425547,197.42318802201873,5.455832172560434
min,1.0,2.12,22.99,46.0,0.0,0.51,2.78,18.08,0.0
25%,89.0,78.86,27.99,66.0,2.06,25.71,49.41,264.02,3.96
50%,179.0,101.98,29.99,78.0,2.06,35.99,70.61,371.32,8.07
75%,263.0,133.4,32.99,83.0,3.09,48.67,92.58,573.83,12.31
max,341.0,187.49,38.99,100.0,8.23,126.18,663.85,1168.94,26.91
