,id,aqi,temperature,humidity,wind_speed,pm2_5,pm10,co,no2
count,242.0,242.0,242.0,242.0,242.0,242.0,242.0,242.0,242.0
mean,122.35123966942149,108.18301652892562,29.94425619834711,77.10330578512396,2.4025619834710747,40.46243801652893,68.99495867768594,450.0803719008265,9.024545454545455
std,70.4277135847849,37.17346233068932,2.8144391451450703,9.951420873834156,1.1628738395378608,20.003759528554255,51.2303161288527,202.31938843211682,5.478739898130709
min,1.0,2.12,22.99,47.0,0.0,0.51,2.78,18.08,0.0
25%,61.25,77.345,27.99,70.0,2.06,24.7425,44.7625,286.72749999999996,4.2924999999999995
50%,124.5,106.075,28.99,78.5,2.06,37.735,61.255,400.85,8.125
75%,183.75,145.22750000000002,31.99,83.0,3.09,53.5925,76.795,607.435,12.495
max,242.0,183.63,38.99,100.0,8.23,118.7,663.85,1168.94,26.91
