,id,aqi,temperature,humidity,wind_speed,pm2_5,pm10,co,no2
count,310.0,310.0,310.0,310.0,310.0,310.0,310.0,310.0,310.0
mean,155.36451612903227,104.87329032258064,30.322645161290325,75.2483870967742,2.4332903225806453,38.54874193548387,75.83938709677419,410.9184193548387,8.604967741935484
std,88.46358125981583,34.28413776671873,2.950551169490051,11.177571479809052,1.1606925784712945,18.352014254973227,47.80482101805338,199.80313129064132,5.464265481118847
min,1.0,2.12,22.99,46.0,0.0,0.51,2.78,18.08,0.0
25%,78.25,77.5325,27.99,66.0,2.06,24.9225,49.7475,246.4825,3.665
50%,157.5,101.765,29.99,78.0,2.06,35.879999999999995,69.71000000000001,365.225,7.859999999999999
75%,232.75,132.3275,32.99,83.0,3.09,48.5525,93.42,561.355,12.265
max,303.0,183.63,38.99,100.0,8.23,118.7,663.85,1168.94,26.91
