,id,aqi,temperature,humidity,wind_speed,pm2_5,pm10,co,no2
count,254.0,254.0,254.0,254.0,254.0,254.0,254.0,254.0,254.0
mean,128.3031496062992,107.09330708661417,30.068464566929133,76.48818897637796,2.414763779527559,39.8807874015748,70.57043307086614,437.70421259842516,8.789803149606298
std,73.77349314242906,36.7534578417902,2.8693004347585407,10.397526417399016,1.1562556028310302,19.754079004656536,50.7686392980484,205.35166951043135,5.4829994857109225
min,1.0,2.12,22.99,46.0,0.0,0.51,2.78,18.08,0.0
25%,64.25,77.285,27.99,70.0,2.06,24.6275,45.150000000000006,269.79499999999996,4.035
50%,130.5,103.155,29.99,78.0,2.06,36.67,62.32,387.16,8.045
75%,192.75,140.68,31.99,83.0,3.09,52.2475,78.28,605.6475,12.125
max,253.0,183.63,38.99,100.0,8.23,118.7,663.85,1168.94,26.91
