,id,aqi,temperature,humidity,wind_speed,pm2_5,pm10,co,no2
count,1410.0,1410.0,1410.0,1410.0,1410.0,1410.0,1410.0,1410.0,1410.0
mean,616.1553191489362,171.72743971631206,24.897085106382978,67.46028368794326,1.7434964539007092,106.04064539007092,-14182977838.556028,763.6491347517731,10.82785815602837
std,334.4283672920319,91.24776072058148,7.219696007933757,17.993892897552918,1.2523608542891154,98.13848203868774,376450448103.8226,507.0001838207583,6.359052277703701
min,1.0,2.12,6.99,20.0,0.0,0.51,-9998999486464.0,18.08,0.0
25%,341.25,103.2575,19.99,55.0,1.03,36.442499999999995,67.145,391.545,5.7525
50%,624.5,157.21499999999997,26.99,70.0,2.06,67.6,109.16499999999999,624.55,10.6
75%,887.75,193.8375,29.99,82.0,2.06,138.465,222.10250000000002,961.1875,15.0675
max,1219.0,493.9,38.99,100.0,8.84,491.16,663.85,2839.26,33.91
