,id,aqi,temperature,humidity,wind_speed,pm2_5,pm10,co,no2
count,1430.0,1430.0,1430.0,1430.0,1430.0,1430.0,1430.0,1430.0,1430.0
mean,624.7335664335665,172.91383916083916,24.713776223776225,67.58041958041959,1.7380139860139858,107.37374825174824,-13984614508.799513,775.6734125874126,10.906713286713288
std,339.8072123420866,91.34247215852051,7.340546407414526,17.99596120905535,1.2485445577753207,98.33863132916308,373810515795.78625,517.3197826252288,6.391072639539322
min,1.0,2.12,6.99,20.0,0.0,0.51,-9998999486464.0,18.08,0.0
25%,345.25,104.185,19.99,55.0,1.03,36.8225,67.89,395.82500000000005,5.8225
50%,631.5,157.75,26.99,70.0,2.06,68.695,110.525,629.175,10.655000000000001
75%,899.75,196.5825,29.99,82.0,2.06,143.78,224.65249999999997,999.75,15.1675
max,1239.0,493.9,38.99,100.0,8.84,491.16,663.85,2839.26,33.91
