,id,aqi,temperature,humidity,wind_speed,pm2_5,pm10,co,no2
count,1014.0,1014.0,1014.0,1014.0,1014.0,1014.0,1014.0,1014.0,1014.0
mean,455.5562130177515,127.18561143984222,28.414053254437874,67.5759368836292,1.9810749506903353,55.98905325443786,-19721892384.304653,524.9544871794872,8.95267258382643
std,243.00645772369415,40.91154672763534,4.505083762257899,17.141811766026255,1.2537793323857347,32.41227347407563,443851917043.7625,239.53876842087104,5.259660397763379
min,1.0,2.12,12.99,20.0,0.0,0.51,-9998999486464.0,18.08,0.0
25%,253.25,91.63250000000001,25.99,55.0,1.03,31.495,57.04,330.2875,4.7675
50%,473.5,129.625,28.99,70.0,2.06,47.21,82.85499999999999,514.0999999999999,8.58
75%,663.0,160.8175,30.99,82.75,2.5124999999999997,74.51750000000001,117.355,673.985,12.485
max,855.0,242.45,38.99,100.0,8.84,192.33,663.85,1324.55,26.91
