,id,aqi,temperature,humidity,wind_speed,pm2_5,pm10,co,no2
count,957.0,957.0,957.0,957.0,957.0,957.0,957.0,957.0,957.0
mean,433.09508881922676,124.0246603970742,28.909529780564267,68.61442006269593,2.0210449320794153,52.71016718913271,-20896550563.1083,507.12216300940435,8.694461859979102
std,231.47155302713185,39.56464947513899,3.9917260777660633,16.528114788298208,1.2536856772204503,29.126785120886492,456865448392.4159,227.91720715970456,5.1069703421074575
min,1.0,2.12,16.99,27.0,0.0,0.51,-9998999486464.0,18.08,0.0
25%,240.0,90.14,26.99,57.0,1.03,30.8,55.38,323.93,4.61
50%,450.0,122.42,28.99,70.0,2.06,44.21,79.96,493.64,8.28
75%,634.0,158.55,31.99,83.0,2.57,70.2,112.07,652.95,12.04
max,809.0,232.49,38.99,100.0,8.84,182.28,663.85,1324.55,26.91
