,id,aqi,temperature,humidity,wind_speed,pm2_5,pm10,co,no2
count,1141.0,1141.0,1141.0,1141.0,1141.0,1141.0,1141.0,1141.0,1141.0
mean,505.32515337423314,138.70126205083258,27.25467134092901,66.82997370727432,1.867090271691499,69.39638913234005,-17526729924.940193,580.7442243645925,9.50609991235758
std,268.9795993831068,52.790096956261074,5.573749202913259,17.36751895993983,1.2772196158480464,51.61696244659652,418444783437.2131,295.6552322275772,5.513769282967709
min,1.0,2.12,9.99,20.0,0.0,0.51,-9998999486464.0,18.08,0.0
25%,281.0,95.71,23.99,55.0,1.03,33.4,60.75,348.56,5.09
50%,525.0,149.51,27.99,70.0,2.06,55.56,91.15,553.22,9.25
75%,736.0,167.35,30.99,79.0,2.06,87.16,138.99,734.17,13.36
max,952.0,363.54,38.99,100.0,8.84,313.61,663.85,1714.68,26.91
