,id,aqi,temperature,humidity,wind_speed,pm2_5,pm10,co,no2
count,683.0,683.0,683.0,683.0,683.0,683.0,683.0,683.0,683.0
mean,322.4655929721815,108.51603221083455,29.959853587115667,73.28257686676427,2.2345387994143486,40.338360175695456,-29279647034.452667,455.68181551976573,8.591742313323572
std,175.96935525929985,33.49880406118631,3.2822717584655305,14.237535715918142,1.205744272966502,18.549042167783867,540682808113.3239,207.628152749094,5.3547018320935775
min,1.0,2.12,22.99,31.0,0.0,0.51,-9998999486464.0,18.08,0.0
25%,173.5,83.155,27.99,65.0,1.54,27.45,47.355000000000004,292.90999999999997,4.055
50%,332.0,103.24,29.36,75.0,2.06,36.44,67.33,429.32,8.0
75%,478.0,139.88,31.99,83.0,3.09,51.36,87.305,603.015,12.120000000000001
max,609.0,187.49,38.99,100.0,8.23,126.18,663.85,1179.69,26.91
