,id,aqi,temperature,humidity,wind_speed,pm2_5,pm10,co,no2
count,467.0,467.0,467.0,467.0,467.0,467.0,467.0,467.0,467.0
mean,228.5053533190578,109.83312633832978,29.786830835117776,76.81584582441114,2.350385438972163,41.21081370449678,70.13837259100642,480.07042826552464,9.558244111349039
std,127.69196385138997,34.629008233489415,3.0710831537775496,11.577705631269668,1.1973240286817792,19.454319769798243,42.43343845439107,221.32751900889244,5.631062752774959
min,1.0,2.12,22.99,46.0,0.0,0.51,2.78,18.08,0.0
25%,119.5,83.43,27.99,70.0,1.54,27.564999999999998,44.545,297.90999999999997,4.955
50%,234.0,105.75,28.99,79.0,2.06,37.44,64.85,465.98,9.06
75%,338.5,144.19,31.99,84.0,3.09,53.125,87.605,631.8299999999999,13.5
max,440.0,187.49,38.99,100.0,8.23,126.18,663.85,1179.69,26.91
