,id,aqi,temperature,humidity,wind_speed,pm2_5,pm10,co,no2
count,1355.0,1355.0,1355.0,1355.0,1355.0,1355.0,1355.0,1355.0,1355.0
mean,592.7630996309963,165.77259778597787,25.40549077490775,66.77712177121771,1.765638376383764,99.40434686346865,-14758670679.35947,723.5421623616236,10.544723247232472
std,319.9022249016599,87.24131259207773,6.8713105501776575,17.843292306521608,1.2538670826128226,93.47863647868986,384009052529.1153,465.4846231692984,6.160680100384578
min,1.0,2.12,7.99,20.0,0.0,0.51,-9998999486464.0,18.08,0.0
25%,330.0,101.925,20.99,55.0,1.03,35.894999999999996,65.86,383.73,5.615
50%,602.0,155.86,26.99,70.0,2.06,65.06,105.88,608.7,10.26
75%,856.5,185.66,29.99,82.0,2.06,122.63,202.23,903.1,14.92
max,1167.0,493.9,38.99,100.0,8.84,491.16,663.85,2794.89,28.32
