,id,aqi,temperature,humidity,wind_speed,pm2_5,pm10,co,no2
count,579.0,579.0,579.0,579.0,579.0,579.0,579.0,579.0,579.0
mean,278.4421416234888,108.27552677029361,29.63960276338515,76.29706390328153,2.3260449050086356,40.292141623488774,67.6818652849741,468.9627633851468,8.856960276338516
std,153.94587875072477,34.76223519921529,3.164271566697844,12.130839834959723,1.2270671724607893,19.110737635773464,39.5718219752208,214.80252807103292,5.466218313167545
min,1.0,2.12,22.99,37.0,0.0,0.51,2.78,18.08,0.0
25%,147.5,79.67500000000001,26.99,66.0,1.54,25.765,44.545,297.745,4.235
50%,285.0,102.97,28.99,79.0,2.06,36.44,62.63,444.92,8.1
75%,412.5,142.23000000000002,31.99,84.0,3.09,52.32,83.19,620.585,12.370000000000001
max,529.0,187.49,38.99,100.0,8.23,126.18,663.85,1179.69,26.91
