,id,aqi,temperature,humidity,wind_speed,pm2_5,pm10,co,no2
count,1155.0,1155.0,1155.0,1155.0,1155.0,1155.0,1155.0,1155.0,1155.0
mean,510.8285714285714,139.23796536796536,27.12592207792208,66.6891774891775,1.856943722943723,69.94304761904762,-17314284711.781265,583.724632034632,9.5355670995671
std,271.92471760136993,52.739872303650735,5.679145245706068,17.440798965653055,1.2770784572263383,51.66582337401977,415903237495.5371,296.48683884841853,5.511119726908852
min,1.0,2.12,9.99,20.0,0.0,0.51,-9998999486464.0,18.08,0.0
25%,284.5,96.06,23.99,55.0,1.03,33.54,60.945,352.265,5.115
50%,529.0,151.14,27.99,70.0,2.06,55.96,91.94,557.45,9.3
75%,743.5,167.82,30.99,79.0,2.06,88.075,141.035,740.1800000000001,13.38
max,965.0,363.54,38.99,100.0,8.84,313.61,663.85,1714.68,26.91
