,id,aqi,temperature,humidity,wind_speed,pm2_5,pm10,co,no2
count,403.0,403.0,403.0,403.0,403.0,403.0,403.0,403.0,403.0
mean,199.13647642679902,109.23238213399505,30.26076923076923,75.24069478908189,2.368535980148883,40.752481389578165,73.69543424317618,438.02248138957816,9.020421836228287
std,112.01620678090916,34.63946847027768,2.8767525316240072,11.172956490114764,1.2137930723391146,19.102570762800152,43.69408779180234,198.04407606131932,5.532038442030126
min,1.0,2.12,22.99,46.0,0.0,0.51,2.78,18.08,0.0
25%,101.5,83.285,27.99,66.0,1.54,27.52,49.05,275.775,4.125
50%,204.0,104.52,29.99,78.0,2.06,36.96,68.41,399.86,8.39
75%,296.5,143.14499999999998,31.99,83.0,3.09,52.879999999999995,91.24000000000001,598.96,12.62
max,385.0,187.49,38.99,100.0,8.23,126.18,663.85,1168.94,26.91
