,id,aqi,temperature,humidity,wind_speed,pm2_5,pm10,co,no2
count,775.0,775.0,775.0,775.0,775.0,775.0,775.0,775.0,775.0
mean,360.35870967741937,113.62236129032259,29.74224516129032,71.34193548387097,2.1980129032258064,43.865006451612906,-25803869567.39669,465.13754838709673,8.4516
std,194.93226239747364,35.779330032791265,3.4656736975001547,15.235718398293905,1.2231170942268286,21.195085791870824,507621442942.1182,204.27641856965752,5.203346097943811
min,1.0,2.12,19.99,29.0,0.0,0.51,-9998999486464.0,18.08,0.0
25%,196.5,84.7,27.085,62.0,1.185,28.175,49.58,303.40999999999997,4.095
50%,372.0,108.36,28.99,74.0,2.06,38.6,72.31,444.02,7.89
75%,530.5,152.01,31.99,83.0,3.09,57.68,93.98,614.885,11.945
max,675.0,187.49,38.99,100.0,8.84,126.18,663.85,1179.69,26.91
