,id,aqi,temperature,humidity,wind_speed,pm2_5,pm10,co,no2
count,569.0,569.0,569.0,569.0,569.0,569.0,569.0,569.0,569.0
mean,274.0720562390158,108.67768014059753,29.5895079086116,76.57996485061511,2.3406854130052728,40.50648506151142,67.54952548330404,471.978172231986,8.92543057996485
std,151.6866444635669,34.840754232999466,3.1416431911530527,11.90489096430546,1.2311032444096635,19.17653514844411,39.76820924431712,215.25300272356836,5.471672974509598
min,1.0,2.12,22.99,46.0,0.0,0.51,2.78,18.08,0.0
25%,145.0,80.44,26.99,70.0,1.54,26.33,44.37,298.63,4.26
50%,279.0,103.88,28.99,79.0,2.06,36.79,62.51,453.7,8.17
75%,405.0,142.69,31.99,84.0,3.09,52.8,82.26,623.35,12.44
max,524.0,187.49,38.99,100.0,8.23,126.18,663.85,1179.69,26.91
