,id,aqi,temperature,humidity,wind_speed,pm2_5,pm10,co,no2
count,655.0,655.0,655.0,655.0,655.0,655.0,655.0,655.0,655.0
mean,310.76641221374047,107.42225954198473,29.888732824427485,74.17709923664123,2.2548854961832063,39.70355725190839,69.64024427480916,455.3029160305344,8.626366412213741
std,170.13308903116254,33.25567775339624,3.2468204273140313,13.54240460404119,1.2108314468493233,18.203203384937474,37.99045104876028,209.5044759235555,5.3871097355488935
min,1.0,2.12,22.99,32.0,0.0,0.51,2.78,18.08,0.0
25%,166.5,81.46000000000001,27.99,66.0,1.54,26.62,46.565,291.57,4.05
50%,320.0,102.21,28.99,78.0,2.06,36.0,66.2,425.17,7.97
75%,459.5,135.485,31.99,83.0,3.09,49.81,85.78,604.35,12.120000000000001
max,585.0,187.49,38.99,100.0,8.23,126.18,663.85,1179.69,26.91
