,id,aqi,temperature,humidity,wind_speed,pm2_5,pm10,co,no2
count,1092.0,1092.0,1092.0,1092.0,1092.0,1092.0,1092.0,1092.0,1092.0
mean,486.2032967032967,134.442032967033,27.718928571428577,67.02014652014653,1.8961630036630037,64.34623626373626,-18313185766.181988,558.8107142857143,9.32010989010989
std,258.9801277516096,49.43643871164472,5.151928585026591,17.31912038906488,1.2710144562215813,46.230822910833766,427721516938.1586,275.39976674172374,5.436739549261262
min,1.0,2.12,11.99,20.0,0.0,0.51,-9998999486464.0,18.08,0.0
25%,269.75,94.21249999999999,24.99,55.0,1.03,32.78,59.415,340.96500000000003,4.9675
50%,507.0,143.87,27.99,70.0,2.06,53.04,87.305,540.2950000000001,8.98
75%,710.25,164.275,30.99,82.0,2.06,81.21,130.44,705.75,13.0525
max,910.0,363.54,38.99,100.0,8.84,313.61,663.85,1714.68,26.91
