,id,aqi,temperature,humidity,wind_speed,pm2_5,pm10,co,no2
count,1366.0,1366.0,1366.0,1366.0,1366.0,1366.0,1366.0,1366.0,1366.0
mean,597.4245973645681,166.68390922401173,25.312833089311862,66.8411420204978,1.761207906295754,100.44647144948756,-14639823401.942667,728.4961566617862,10.596493411420203
std,322.78697738882806,87.53795459956785,6.928020153678545,17.833428047096017,1.2569217899484975,93.8750590976139,382460909722.028,467.4912870147084,6.182309625877125
min,1.0,2.12,7.99,20.0,0.0,0.51,-9998999486464.0,18.08,0.0
25%,332.25,102.1,20.99,55.0,1.03,35.975,66.155,384.3,5.672499999999999
50%,609.5,156.17,26.99,70.0,2.06,65.645,106.65,613.225,10.355
75%,862.75,188.08749999999998,29.99,82.0,2.06,127.3325,207.21,914.5425,14.96
max,1176.0,493.9,38.99,100.0,8.84,491.16,663.85,2794.89,28.32
