,id,aqi,temperature,humidity,wind_speed,pm2_5,pm10,co,no2
count,680.0,680.0,680.0,680.0,680.0,680.0,680.0,680.0,680.0
mean,321.20588235294116,108.24616176470587,29.94001470588236,73.40735294117647,2.2353088235294116,40.11180882352941,-14704410938.770605,455.591,8.614676470588236
std,175.32887329026852,33.320662204155326,3.274868084641135,14.135269253566795,1.2083216217551394,18.246241878076294,383444126483.75275,207.79389560745793,5.354129911728834
min,1.0,2.12,22.99,31.0,0.0,0.51,-9998999486464.0,18.08,0.0
25%,172.75,83.07249999999999,27.99,65.0,1.54,27.395,47.3575,292.2125,4.057499999999999
50%,330.5,103.095,28.99,75.0,2.06,36.405,67.245,429.485,8.04
75%,476.25,139.17,31.99,83.0,3.09,51.085,87.0925,602.7674999999999,12.13
max,605.0,187.49,38.99,100.0,8.23,126.18,663.85,1179.69,26.91
