,id,aqi,temperature,humidity,wind_speed,pm2_5,pm10,co,no2
count,916.0,916.0,916.0,916.0,916.0,916.0,916.0,916.0,916.0
mean,416.97707423580783,122.47531659388646,29.15374454148472,69.103711790393,2.0288973799126637,51.59313318777292,-21831876522.96814,503.65622270742364,8.63953056768559
std,223.39534051174726,39.517622022107716,3.8113181255039987,16.36306474493391,1.2472901277095287,28.995794191115003,466967179921.17175,229.31206649390595,5.113986660210723
min,1.0,2.12,18.99,27.0,0.0,0.51,-9998999486464.0,18.08,0.0
25%,229.75,89.225,26.99,58.0,1.03,30.332500000000003,54.5225,319.49,4.5325
50%,434.0,119.565,28.99,70.0,2.06,43.075,78.785,488.805,8.17
75%,612.25,157.5825,31.99,83.0,2.57,68.30250000000001,108.99,647.5849999999999,11.995000000000001
max,778.0,232.49,38.99,100.0,8.84,182.28,663.85,1324.55,26.91
