,id,aqi,temperature,humidity,wind_speed,pm2_5,pm10,co,no2
count,492.0,492.0,492.0,492.0,492.0,492.0,492.0,492.0,492.0
mean,239.78252032520325,111.19361788617886,29.565447154471546,77.29268292682927,2.3763617886178863,41.88837398373984,69.61050813008129,489.234512195122,9.495894308943088
std,133.63022916233132,34.6553982699199,3.181444164006093,11.652631291050367,1.22320385599583,19.467025987885467,41.57283583513013,220.59254836706802,5.534144726548728
min,1.0,2.12,22.99,46.0,0.0,0.51,2.78,18.08,0.0
25%,126.75,84.1775,26.99,70.0,1.54,27.9025,44.557500000000005,309.41,5.1925
50%,246.5,107.575,28.99,79.0,2.06,38.245,64.715,481.7,9.075
75%,356.25,145.70749999999998,31.99,84.0,3.09,53.7825,86.5375,641.3675000000001,13.3325
max,460.0,187.49,38.99,100.0,8.23,126.18,663.85,1179.69,26.91
