,id,aqi,temperature,humidity,wind_speed,pm2_5,pm10,co,no2
count,1009.0,1009.0,1009.0,1009.0,1009.0,1009.0,1009.0,1009.0,1009.0
mean,453.58969276511397,126.83197224975224,28.456788899900893,67.64519326065411,1.984767096134787,55.57068384539147,-19819622278.392544,523.5207532210109,8.933805748265609
std,241.99171926998417,40.683591113471266,4.4620434713829935,17.111996255856027,1.252930917170606,31.89263734614939,444949199744.96155,238.71134654738103,5.250248670029779
min,1.0,2.12,12.99,20.0,0.0,0.51,-9998999486464.0,18.08,0.0
25%,252.0,91.29,25.99,55.0,1.03,31.4,56.97,329.92,4.76
50%,472.0,127.99,28.99,70.0,2.06,46.86,82.26,511.7,8.55
75%,660.0,160.52,30.99,83.0,2.53,73.93,117.03,673.09,12.38
max,849.0,242.45,38.99,100.0,8.84,192.33,663.85,1324.55,26.91
