,id,aqi,temperature,humidity,wind_speed,pm2_5,pm10,co,no2
count,1364.0,1364.0,1364.0,1364.0,1364.0,1364.0,1364.0,1364.0,1364.0
mean,596.5769794721408,166.48854105571849,25.335300586510268,66.80718475073314,1.7626612903225807,100.22738269794723,-14661289419.187687,727.3343768328446,10.583409090909091
std,322.26270700108165,87.45270274195144,6.908067862798947,17.824041929893273,1.2569235519682136,93.76877762920346,382740997703.05005,466.8464980494024,6.1773763415345115
min,1.0,2.12,7.99,20.0,0.0,0.51,-9998999486464.0,18.08,0.0
25%,331.75,102.055,20.99,55.0,1.03,35.9625,66.0975,384.225,5.6575
50%,608.5,156.14,26.99,70.0,2.06,65.51499999999999,106.58500000000001,611.495,10.33
75%,862.0,187.555,29.99,82.0,2.06,126.305,206.175,909.9675,14.9525
max,1174.0,493.9,38.99,100.0,8.84,491.16,663.85,2794.89,28.32
