,id,aqi,temperature,humidity,wind_speed,pm2_5,pm10,co,no2
count,1066.0,1066.0,1066.0,1066.0,1066.0,1066.0,1066.0,1066.0,1066.0
mean,476.03377110694186,130.87593808630393,27.960909943714825,67.05440900562851,1.9201876172607881,60.29422138836773,-18759848841.404022,544.0522889305817,9.227757973733585
std,253.6926327469614,43.48362720003105,4.924982916712547,17.331098924537006,1.2681031498145285,37.69452281110049,432901361462.0079,254.88730758236446,5.4227090177017665
min,1.0,2.12,11.99,20.0,0.0,0.51,-9998999486464.0,18.08,0.0
25%,265.25,93.55250000000001,24.99,55.0,1.03,32.3525,58.2125,338.415,4.88
50%,495.5,140.05,27.99,70.0,2.06,51.455,85.85,528.34,8.895
75%,696.75,163.04749999999999,30.99,82.0,2.165,78.83,124.5275,692.7325000000001,12.885
max,895.0,251.45,38.99,100.0,8.84,201.41,663.85,1324.55,26.91
