,id,aqi,temperature,humidity,wind_speed,pm2_5,pm10,co,no2
count,880.0,880.0,880.0,880.0,880.0,880.0,880.0,880.0,880.0
mean,402.78977272727275,119.75029545454547,29.322943181818186,69.38863636363637,2.0674204545454544,48.59913636363637,-22724998751.96076,488.86882954545456,8.572977272727272
std,216.3773725654096,37.67927890556307,3.719308913071381,16.352804199642648,1.2451502481319279,24.577798516407533,476412368773.16504,214.77334401906427,5.122489506876594
min,1.0,2.12,18.99,27.0,0.0,0.51,-9998999486464.0,18.08,0.0
25%,220.75,88.0925,26.99,58.0,1.03,29.845,53.7175,314.8175,4.39
50%,418.5,114.48,28.99,73.0,2.06,41.135000000000005,76.92,477.58500000000004,8.11
75%,588.25,156.025,31.99,83.0,2.57,65.435,104.6925,635.955,11.95
max,750.0,190.97,38.99,100.0,8.84,132.92,663.85,1179.69,26.91
