,id,aqi,temperature,humidity,wind_speed,pm2_5,pm10,co,no2
count,1189.0,1189.0,1189.0,1189.0,1189.0,1189.0,1189.0,1189.0,1189.0
mean,524.3027754415475,141.8142809083263,26.778889823380993,66.56518082422204,1.8358957106812448,72.91890664423886,-16819174797.37272,604.25629941127,9.778629100084105
std,279.28847033847927,54.766808056880635,5.995926839568702,17.48891420122512,1.2789419063776877,54.62829277363965,409918723592.5019,324.94311609740055,5.731392338331627
min,1.0,2.12,7.99,20.0,0.0,0.51,-9998999486464.0,18.08,0.0
25%,292.0,96.95,23.99,55.0,1.03,33.98,61.74,359.3,5.24
50%,541.0,151.95,27.99,70.0,2.06,57.52,93.51,565.67,9.44
75%,758.0,170.09,30.99,79.0,2.06,92.48,147.96,760.23,13.6
max,998.0,363.54,38.99,100.0,8.84,313.61,663.85,2285.75,28.32
