,id,aqi,temperature,humidity,wind_speed,pm2_5,pm10,co,no2
count,441.0,441.0,441.0,441.0,441.0,441.0,441.0,441.0,441.0
mean,216.58956916099774,110.15757369614514,29.988004535147393,76.03854875283447,2.3453741496598637,41.48439909297053,71.95324263038549,463.6330158730159,9.329591836734695
std,121.28571369083735,34.95428644230317,3.010730070020368,11.349443786050989,1.1935043543216701,19.751308176799537,42.86802117766488,215.51305878324663,5.610383661838477
min,1.0,2.12,22.99,46.0,0.0,0.51,2.78,18.08,0.0
25%,111.0,83.47,27.99,66.0,1.54,27.59,46.37,291.19,4.76
50%,221.0,105.41,29.99,79.0,2.06,37.43,66.34,438.01,8.82
75%,323.0,145.1,31.99,84.0,3.09,53.48,89.54,609.74,13.21
max,419.0,187.49,38.99,100.0,8.23,126.18,663.85,1179.69,26.91
