,id,aqi,temperature,humidity,wind_speed,pm2_5,pm10,co,no2
count,618.0,618.0,618.0,618.0,618.0,618.0,618.0,618.0,618.0
mean,295.2200647249191,107.70663430420709,29.779838187702268,75.30906148867314,2.282572815533981,39.91962783171521,68.50546925566344,461.3029449838188,8.725097087378641
std,162.45664710915088,34.04635012101841,3.2237178129907402,12.75043897650029,1.2199915038252005,18.664345707032943,38.657597153582635,212.02360084237208,5.417126099413276
min,1.0,2.12,22.99,34.0,0.0,0.51,2.78,18.08,0.0
25%,157.25,79.735,27.99,66.0,1.54,25.7775,45.6825,294.22,4.13
50%,302.5,102.41499999999999,28.99,78.0,2.06,36.13,64.13,431.03499999999997,8.015
75%,438.75,139.5975,31.99,84.0,3.09,51.325,84.83,610.61,12.265
max,558.0,187.49,38.99,100.0,8.23,126.18,663.85,1179.69,26.91
