,id,aqi,temperature,humidity,wind_speed,pm2_5,pm10,co,no2
count,300.0,300.0,300.0,300.0,300.0,300.0,300.0,300.0,300.0
mean,150.58333333333334,105.37919999999998,30.257066666666663,75.5,2.425133333333333,38.822633333333336,74.98836666666666,417.85266666666666,8.725466666666666
std,85.88541243493732,34.672670799365946,2.9226267670746067,10.901044716894452,1.1693958287236805,18.568794823652357,48.31594226812109,199.24646015215956,5.476861341077282
min,1.0,2.12,22.99,46.0,0.0,0.51,2.78,18.08,0.0
25%,75.75,77.405,27.99,66.0,2.06,24.8325,48.9975,264.9,3.9675000000000002
50%,152.5,102.245,29.99,78.0,2.06,36.040000000000006,68.38499999999999,368.76,7.9799999999999995
75%,225.25,133.4075,32.99,83.0,3.09,48.7425,92.5,566.16,12.395
max,294.0,183.63,38.99,100.0,8.23,118.7,663.85,1168.94,26.91
