,id,aqi,temperature,humidity,wind_speed,pm2_5,pm10,co,no2
count,1091.0,1091.0,1091.0,1091.0,1091.0,1091.0,1091.0,1091.0,1091.0
mean,485.8148487626031,134.3279651695692,27.733345554537124,67.00183318056828,1.8979010082493126,64.21372135655362,-18329971454.572906,558.3824381301558,9.32069660861595
std,258.7804364928347,49.31513040316688,5.1322060718533855,17.31648194914549,1.2702984888372109,46.04407096568383,427917314649.1396,275.1620162992461,5.439198307644939
min,1.0,2.12,11.99,20.0,0.0,0.51,-9998999486464.0,18.08,0.0
25%,269.5,94.185,24.99,55.0,1.03,32.739999999999995,59.4,340.96000000000004,4.955
50%,507.0,143.75,27.99,70.0,2.06,52.96,87.1,539.87,8.98
75%,710.0,164.24,30.99,80.5,2.06,81.14,130.305,705.22,13.055
max,910.0,363.54,38.99,100.0,8.84,313.61,663.85,1714.68,26.91
