,id,aqi,temperature,humidity,wind_speed,pm2_5,pm10,co,no2
count,1063.0,1063.0,1063.0,1063.0,1063.0,1063.0,1063.0,1063.0,1063.0
mean,474.8541862652869,130.6540169332079,27.982464722483538,67.07525870178739,1.924637817497648,60.01560677328316,-18812792912.272903,543.1602634054562,9.200301034807149
std,253.0748391258214,43.34076201152705,4.91278963699356,17.33892726183493,1.2668537757877285,37.37705199455671,433511222992.8175,254.62506334889662,5.404363611809666
min,1.0,2.12,11.99,20.0,0.0,0.51,-9998999486464.0,18.08,0.0
25%,264.5,93.51,24.99,55.0,1.03,32.34,58.11,338.265,4.865
50%,494.0,139.71,27.99,70.0,2.06,51.36,85.77,527.4,8.88
75%,695.0,162.87,30.99,82.0,2.185,78.485,124.07,690.925,12.855
max,892.0,251.45,38.99,100.0,8.84,201.41,663.85,1324.55,26.91
