,id,aqi,temperature,humidity,wind_speed,pm2_5,pm10,co,no2
count,1083.0,1083.0,1083.0,1083.0,1083.0,1083.0,1083.0,1083.0,1083.0
mean,482.69621421975995,133.2919944598338,27.806241920590953,66.99261311172668,1.9062142197599263,63.030433979686066,-18465372907.957123,553.8513204062789,9.300812557710064
std,257.1669643538429,47.65332986885196,5.06687201891097,17.32562825849781,1.2691583506195492,43.724243776240364,429493437332.7368,268.72602684429904,5.4409867204909945
min,1.0,2.12,11.99,20.0,0.0,0.51,-9998999486464.0,18.08,0.0
25%,268.0,93.955,24.99,55.0,1.03,32.575,59.06,339.945,4.92
50%,503.0,142.34,27.99,70.0,2.06,52.35,86.7,535.29,8.97
75%,706.5,163.875,30.99,80.5,2.0949999999999998,80.435,127.45,701.38,12.98
max,905.0,348.23,38.99,100.0,8.84,298.16,663.85,1655.54,26.91
