,id,aqi,temperature,humidity,wind_speed,pm2_5,pm10,co,no2
count,788.0,788.0,788.0,788.0,788.0,788.0,788.0,788.0,788.0
mean,365.6522842639594,114.30581218274114,29.703185279187817,70.95558375634518,2.183972081218274,44.207093908629446,-25378171209.58721,465.5532487309644,8.459035532994925
std,197.59482861955104,35.88001635374998,3.487713141041301,15.535974788194189,1.2259611624246316,21.20703861857117,503422175399.58466,203.31663345442678,5.189662736898328
min,1.0,2.12,19.99,27.0,0.0,0.51,-9998999486464.0,18.08,0.0
25%,199.75,85.39750000000001,26.99,62.0,1.03,28.4775,50.1375,304.28,4.115
50%,378.5,109.195,28.99,74.0,2.06,38.91,72.765,446.29,7.93
75%,538.25,152.7125,31.99,83.0,3.09,58.832499999999996,95.34,614.4625,11.942499999999999
max,686.0,187.49,38.99,100.0,8.84,126.18,663.85,1179.69,26.91
