,id,aqi,temperature,humidity,wind_speed,pm2_5,pm10,co,no2
count,355.0,355.0,355.0,355.0,355.0,355.0,355.0,355.0,355.0
mean,176.7380281690141,106.09819718309859,30.280478873239435,75.44788732394366,2.384394366197183,39.32185915492957,75.3996338028169,418.6344507042253,8.747492957746479
std,100.02161682485986,34.228376886894466,2.890870892273701,11.225448528969068,1.152995049490223,18.941017710276565,45.60842552291277,197.04649898451933,5.44048593416149
min,1.0,2.12,22.99,46.0,0.0,0.51,2.78,18.08,0.0
25%,89.5,79.24000000000001,27.99,66.0,2.06,26.02,49.285,264.41499999999996,3.965
50%,180.0,101.89,29.99,78.0,2.06,35.9,70.28,371.96,8.09
75%,264.5,133.32999999999998,32.49,83.0,3.09,48.665,92.53999999999999,572.155,12.22
max,343.0,187.49,38.99,100.0,8.23,126.18,663.85,1168.94,26.91
