,id,aqi,temperature,humidity,wind_speed,pm2_5,pm10,co,no2
count,631.0,631.0,631.0,631.0,631.0,631.0,631.0,631.0,631.0
mean,300.7242472266244,107.67361331220286,29.830126782884307,74.98732171156894,2.271458003169572,39.868827258320124,68.91240887480191,458.81397781299523,8.671806656101428
std,165.1974192648714,33.8159602536381,3.2318484046880545,12.910552997002139,1.2144743840784262,18.512937515367213,38.40040017852225,211.20964714362086,5.405957375295442
min,1.0,2.12,22.99,34.0,0.0,0.51,2.78,18.08,0.0
25%,160.5,80.685,27.99,66.0,1.54,26.33,45.845,293.17,4.074999999999999
50%,308.0,102.45,28.99,78.0,2.06,36.17,64.94,428.78,8.0
75%,445.5,139.2,31.99,83.5,3.09,51.129999999999995,85.545,608.565,12.120000000000001
max,566.0,187.49,38.99,100.0,8.23,126.18,663.85,1179.69,26.91
