,id,aqi,temperature,humidity,wind_speed,pm2_5,pm10,co,no2
count,304.0,304.0,304.0,304.0,304.0,304.0,304.0,304.0,304.0
mean,152.5,105.26039473684209,30.329210526315794,75.17763157894737,2.4271052631578947,38.75078947368421,75.44990131578948,414.99164473684215,8.665
std,86.92161029705825,34.47799941133512,2.975921196106072,11.196181558941497,1.1662892165916154,18.462996049857416,48.175104477410024,199.55560225993537,5.4785727827577135
min,1.0,2.12,22.99,46.0,0.0,0.51,2.78,18.08,0.0
25%,76.75,77.7775,27.99,66.0,2.06,24.9875,49.2025,261.25,3.8225000000000002
50%,154.5,102.095,29.99,78.0,2.06,36.005,68.71000000000001,367.8,7.91
75%,228.25,133.295,32.99,83.0,3.09,48.662499999999994,93.135,563.3149999999999,12.344999999999999
max,297.0,183.63,38.99,100.0,8.23,118.7,663.85,1168.94,26.91
