,id,aqi,temperature,humidity,wind_speed,pm2_5,pm10,co,no2
count,1101.0,1101.0,1101.0,1101.0,1101.0,1101.0,1101.0,1101.0,1101.0
mean,489.7011807447775,135.21059037238874,27.633950953678475,67.00908265213442,1.888147138964578,65.26971843778382,-18163486698.049763,562.0311262488647,9.325949137148047
std,260.7832061806843,49.99947145099052,5.231928960574805,17.309900193333362,1.2714981214598384,47.20434179195341,425971347814.1164,277.0985923887404,5.423929633254982
min,1.0,2.12,10.99,20.0,0.0,0.51,-9998999486464.0,18.08,0.0
25%,272.0,94.57,24.99,55.0,1.03,32.83,59.61,341.58,5.01
50%,510.0,144.63,27.99,70.0,2.06,53.41,87.91,541.64,9.04
75%,715.0,164.78,30.99,82.0,2.06,82.18,131.84,712.31,13.05
max,918.0,363.54,38.99,100.0,8.84,313.61,663.85,1714.68,26.91
