,id,aqi,temperature,humidity,wind_speed,pm2_5,pm10,co,no2
count,621.0,621.0,621.0,621.0,621.0,621.0,621.0,621.0,621.0
mean,296.4943639291465,107.69784219001608,29.80178743961353,75.18679549114331,2.279838969404187,39.90561996779388,68.59943639291465,460.34207729468596,8.692592592592593
std,163.09356719911383,34.02382007407635,3.231992673044941,12.84060669121328,1.219541944613831,18.639286730361572,38.59634253319735,212.14920578421084,5.424749455478956
min,1.0,2.12,22.99,34.0,0.0,0.51,2.78,18.08,0.0
25%,158.0,79.75,27.99,66.0,1.54,25.8,45.69,292.3,4.09
50%,304.0,102.38,28.99,78.0,2.06,36.09,64.47,430.32,7.97
75%,440.0,139.71,31.99,84.0,3.09,51.36,84.85,609.74,12.13
max,560.0,187.49,38.99,100.0,8.23,126.18,663.85,1179.69,26.91
