,id,aqi,temperature,humidity,wind_speed,pm2_5,pm10,co,no2
count,1467.0,1467.0,1467.0,1467.0,1467.0,1467.0,1467.0,1467.0,1467.0
mean,640.7055214723927,176.2714314928425,24.343101567825496,67.86434901158827,1.7271574642126788,111.05039536468983,-13631900978.815474,802.9801704158147,11.167007498295844
std,349.8909153582821,93.29687933391655,7.61196090584452,17.889268419725223,1.2397370355068076,100.54039701756358,369069634029.49927,546.462015341621,6.66859002192902
min,1.0,2.12,6.99,20.0,0.0,0.51,-9998999486464.0,18.08,0.0
25%,354.5,105.58,18.99,55.0,1.03,37.435,68.86500000000001,402.09000000000003,5.875
50%,645.0,158.98,26.99,71.0,2.06,71.06,112.72,636.76,10.84
75%,917.5,202.37,29.99,82.0,2.06,151.88,235.9,1051.21,15.53
max,1276.0,493.9,38.99,100.0,8.84,491.16,663.85,2839.26,33.91
