,id,aqi,temperature,humidity,wind_speed,pm2_5,pm10,co,no2
count,1143.0,1143.0,1143.0,1143.0,1143.0,1143.0,1143.0,1143.0,1143.0
mean,506.10936132983375,138.8035958005249,27.243709536307964,66.77165354330708,1.8665266841644794,69.49792650918634,-17496061980.76735,581.3136745406824,9.502047244094488
std,269.39649639111013,52.826538918584184,5.575651522920804,17.409696997366375,1.2763537543521402,51.688224154780215,418078851143.5492,296.41208115200146,5.514337133217537
min,1.0,2.12,9.99,20.0,0.0,0.51,-9998999486464.0,18.08,0.0
25%,281.5,95.75,23.99,55.0,1.03,33.415,60.754999999999995,348.595,5.085
50%,526.0,151.03,27.99,70.0,2.06,55.58,91.3,553.22,9.25
75%,736.5,167.38,30.99,79.0,2.06,87.22,139.07,734.27,13.36
max,954.0,363.54,38.99,100.0,8.84,313.61,663.85,1714.68,26.91
