,id,aqi,temperature,humidity,wind_speed,pm2_5,pm10,co,no2
count,1023.0,1023.0,1023.0,1023.0,1023.0,1023.0,1023.0,1023.0,1023.0
mean,459.1045943304008,127.79842619745845,28.328211143695018,67.48484848484848,1.9696871945259042,56.68656891495601,-19548385997.771515,529.0199120234604,9.013098729227762
std,244.85123045872032,41.326194639380894,4.5969599656751985,17.20236168966545,1.2565718826180032,33.32893912835535,441897098712.69104,243.94007347794806,5.306780129189269
min,1.0,2.12,12.99,20.0,0.0,0.51,-9998999486464.0,18.08,0.0
25%,255.5,91.9,25.99,55.0,1.03,31.595,57.16,331.385,4.8
50%,478.0,130.5,28.99,70.0,2.06,47.66,83.38,517.46,8.69
75%,668.5,161.18,30.99,82.0,2.43,75.21000000000001,118.12,678.035,12.565000000000001
max,862.0,242.45,38.99,100.0,8.84,192.33,663.85,1324.55,26.91
