,id,aqi,temperature,humidity,wind_speed,pm2_5,pm10,co,no2
count,958.0,958.0,958.0,958.0,958.0,958.0,958.0,958.0,958.0
mean,433.4885177453027,124.0201878914405,28.897087682672236,68.61273486430062,2.0200104384133613,52.70014613778706,-20874737879.77719,507.3899373695198,8.70241127348643
std,231.6708411861511,39.54421518785768,4.008183031869193,16.51955949815927,1.253439531129498,29.113215669595647,456627188428.1505,227.94882011184592,5.1102281857779275
min,1.0,2.12,16.99,27.0,0.0,0.51,-9998999486464.0,18.08,0.0
25%,240.25,90.1875,26.99,57.25,1.03,30.8075,55.405,324.02250000000004,4.615
50%,450.5,122.39500000000001,28.99,70.0,2.06,44.205,79.94,494.755,8.28
75%,634.0,158.55,31.99,83.0,2.57,70.1825,112.03999999999999,653.7,12.07
max,810.0,232.49,38.99,100.0,8.84,182.28,663.85,1324.55,26.91
