,id,aqi,temperature,humidity,wind_speed,pm2_5,pm10,co,no2
count,514.0,514.0,514.0,514.0,514.0,514.0,514.0,514.0,514.0
mean,249.6498054474708,111.02844357976653,29.536926070038913,77.24124513618678,2.346770428015564,41.75046692607004,68.60974708171207,486.03178988326846,9.305272373540856
std,138.83141476304374,34.911121486150904,3.1551399765029173,11.59502528294401,1.214758688933801,19.416955487545845,41.11985034662092,217.49621832366228,5.516605803778626
min,1.0,2.12,22.99,46.0,0.0,0.51,2.78,18.08,0.0
25%,132.25,83.7225,26.99,70.0,1.54,27.755,44.405,311.3025,4.8149999999999995
50%,256.5,107.755,28.99,79.0,2.06,38.334999999999994,63.18000000000001,477.91499999999996,8.86
75%,370.75,145.54749999999999,31.99,84.0,3.09,53.712500000000006,85.285,635.0,12.92
max,479.0,187.49,38.99,100.0,8.23,126.18,663.85,1179.69,26.91
