,id,aqi,temperature,humidity,wind_speed,pm2_5,pm10,co,no2
count,523.0,523.0,523.0,523.0,523.0,523.0,523.0,523.0,523.0
mean,253.65200764818357,110.33504780114723,29.523690248565966,77.26386233269598,2.353632887189292,41.4051242829828,67.85982791586999,484.29812619502866,9.235774378585086
std,140.9201063386013,35.12353421966653,3.13845759083409,11.547966515697821,1.2203862976716484,19.468991263490196,41.1800749136485,216.0289013221236,5.495594850537837
min,1.0,2.12,22.99,46.0,0.0,0.51,2.78,18.08,0.0
25%,134.5,83.285,26.99,70.0,1.54,27.52,43.615,312.32500000000005,4.775
50%,260.0,107.06,28.99,79.0,2.06,37.98,62.63,472.64,8.62
75%,376.5,144.865,31.99,84.0,3.09,53.44499999999999,84.57,632.13,12.775
max,486.0,187.49,38.99,100.0,8.23,126.18,663.85,1179.69,26.91
