,id,aqi,temperature,humidity,wind_speed,pm2_5,pm10,co,no2
count,351.0,351.0,351.0,351.0,351.0,351.0,351.0,351.0,351.0
mean,174.86039886039887,106.32774928774927,30.3065811965812,75.37321937321937,2.388091168091168,39.44267806267806,75.85737891737891,417.2266666666667,8.743076923076922
std,99.01950975935658,34.33927081021034,2.8959090837326764,11.265891412591785,1.1511678803751817,19.008293188772786,45.65829555008453,197.69407666247506,5.470564577007458
min,1.0,2.12,22.99,46.0,0.0,0.51,2.78,18.08,0.0
25%,88.5,80.275,27.99,66.0,2.06,26.33,51.415,262.66999999999996,3.935
50%,178.0,102.21,29.99,78.0,2.06,36.02,70.76,371.27,8.06
75%,261.5,133.41500000000002,32.99,83.0,3.09,48.815,92.83500000000001,572.155,12.325
max,339.0,187.49,38.99,100.0,8.23,126.18,663.85,1168.94,26.91
