,id,aqi,temperature,humidity,wind_speed,pm2_5,pm10,co,no2
count,1047.0,1047.0,1047.0,1047.0,1047.0,1047.0,1047.0,1047.0,1047.0
mean,468.55969436485196,129.38888252148996,28.110334288443173,67.2712511938873,1.940276981852913,58.52071633237823,-19100285453.6402,537.7463705826169,9.131986628462274
std,249.7830875788869,42.2988711070828,4.8118323909806024,17.268461860005225,1.2638150609538368,35.38798882557844,436807921845.18384,250.58874861439855,5.368499801824711
min,1.0,2.12,11.99,20.0,0.0,0.51,-9998999486464.0,18.08,0.0
25%,260.5,92.82,25.99,55.0,1.03,32.1,57.54,337.485,4.835
50%,487.0,134.81,28.99,70.0,2.06,49.78,84.85,522.74,8.8
75%,683.5,162.22,30.99,82.0,2.285,77.22999999999999,121.755,685.75,12.73
max,881.0,249.94,38.99,100.0,8.84,199.88,663.85,1324.55,26.91
