,id,aqi,temperature,humidity,wind_speed,pm2_5,pm10,co,no2
count,1310.0,1310.0,1310.0,1310.0,1310.0,1310.0,1310.0,1310.0,1310.0
mean,573.7801526717557,162.50190076335878,25.760221374045802,66.61068702290076,1.7806946564885497,95.80553435114504,-15265647925.634205,701.2000916030535,10.405229007633588
std,308.2064043596245,85.09351054949609,6.677085190641759,17.711279448298086,1.2627354193934806,90.88875627936967,390543977301.2138,450.8213423298281,6.10209542597449
min,1.0,2.12,7.99,20.0,0.0,0.51,-9998999486464.0,18.08,0.0
25%,320.5,101.17,21.99,55.0,1.03,35.5775,64.70750000000001,377.34,5.512499999999999
50%,585.5,155.03,26.99,70.0,2.06,63.349999999999994,102.13,598.7550000000001,10.05
75%,830.0,181.35750000000002,29.99,81.75,2.06,114.29,190.1075,865.9675,14.5975
max,1123.0,493.9,38.99,100.0,8.84,491.16,663.85,2794.89,28.32
