,id,aqi,temperature,humidity,wind_speed,pm2_5,pm10,co,no2
count,911.0,911.0,911.0,911.0,911.0,911.0,911.0,911.0,911.0
mean,415.0054884742042,122.15296377607027,29.16671789242591,69.18221734357849,2.029857299670691,51.266575192096596,-21951700215.075104,501.87894621295277,8.628781558726674
std,222.41125893648388,39.353958341448255,3.8086849402614047,16.341135040707666,1.2502715667419018,28.605149761418588,468245487629.78925,227.35836758319917,5.106857848540334
min,1.0,2.12,18.99,27.0,0.0,0.51,-9998999486464.0,18.08,0.0
25%,228.5,89.16999999999999,26.99,58.0,1.03,30.275,54.475,319.015,4.515000000000001
50%,433.0,118.36,28.99,70.0,2.06,42.67,78.52,487.52,8.17
75%,609.5,157.11,31.99,83.0,2.57,67.88,108.645,646.635,11.969999999999999
max,774.0,232.49,38.99,100.0,8.84,182.28,663.85,1324.55,26.91
