,id,aqi,temperature,humidity,wind_speed,pm2_5,pm10,co,no2
count,580.0,580.0,580.0,580.0,580.0,580.0,580.0,580.0,580.0
mean,278.8758620689655,108.21774137931034,29.652275862068965,76.24655172413793,2.323810344827586,40.26301724137931,67.67539655172413,468.4182758620689,8.84296551724138
std,154.16714267061258,34.76007242205049,3.176235808847636,12.181255107707377,1.2271876093584553,19.107105706060487,39.537941568877365,215.0171792978937,5.471885609473321
min,1.0,2.12,22.99,37.0,0.0,0.51,2.78,18.08,0.0
25%,147.75,79.61,26.99,66.0,1.54,25.747500000000002,44.557500000000005,296.6625,4.2175
50%,285.5,102.945,28.99,79.0,2.06,36.37,62.644999999999996,443.21500000000003,8.094999999999999
75%,413.25,142.175,31.99,84.0,3.09,52.305,83.095,620.4925,12.365
max,530.0,187.49,38.99,100.0,8.23,126.18,663.85,1179.69,26.91
