,id,aqi,temperature,humidity,wind_speed,pm2_5,pm10,co,no2
count,1240.0,1240.0,1240.0,1240.0,1240.0,1240.0,1240.0,1240.0,1240.0
mean,544.8201612903226,149.49987903225806,26.342411290322584,66.18306451612904,1.8172661290322583,81.38015322580645,-16127418397.993929,644.9947419354838,10.099225806451614
std,290.8987754794407,65.9022104726624,6.309537938659864,17.620047014226902,1.2715740603449832,67.97953483329256,401407396286.9736,384.14575577653835,5.976231820893284
min,1.0,2.12,7.99,20.0,0.0,0.51,-9998999486464.0,18.08,0.0
25%,303.75,97.955,22.99,53.0,1.03,34.475,62.6,366.57,5.315
50%,559.5,153.555,27.99,70.0,2.06,60.575,96.02000000000001,578.86,9.7
75%,788.0,173.89999999999998,30.99,79.0,2.06,99.8575,164.555,803.4725,14.032499999999999
max,1048.0,402.62,38.99,100.0,8.84,352.96,663.85,2380.16,28.32
