,id,aqi,temperature,humidity,wind_speed,pm2_5,pm10,co,no2
count,500.0,500.0,500.0,500.0,500.0,500.0,500.0,500.0,500.0
mean,243.374,111.73938000000001,29.546240000000004,77.262,2.3692200000000003,42.11767999999999,69.50806,489.20413999999994,9.43286
std,135.5200261177584,34.67504615523005,3.1758477104167837,11.651131005503922,1.2176015352311258,19.425964191956453,41.26620820375227,219.21762819738146,5.522434443682382
min,1.0,2.12,22.99,46.0,0.0,0.51,2.78,18.08,0.0
25%,128.75,84.32499999999999,26.99,70.0,1.54,27.9675,44.787499999999994,310.6975,5.1
50%,250.5,108.215,28.99,79.0,2.06,38.615,64.605,483.945,8.97
75%,361.25,146.6475,31.99,84.0,3.09,54.22,86.0625,637.7875,13.272499999999999
max,467.0,187.49,38.99,100.0,8.23,126.18,663.85,1179.69,26.91
