,id,aqi,temperature,humidity,wind_speed,pm2_5,pm10,co,no2
count,768.0,768.0,768.0,768.0,768.0,768.0,768.0,768.0,768.0
mean,357.5182291666667,113.17333333333333,29.768919270833337,71.55989583333333,2.2117317708333335,43.5491015625,-26039061088.217106,464.3094661458333,8.4417578125
std,193.52234826016849,35.62890476263567,3.450226794313181,15.04262716622821,1.2182740461643868,21.02366632790571,509926564165.08295,204.6122130683846,5.207200175976516
min,1.0,2.12,19.99,31.0,0.0,0.51,-9998999486464.0,18.08,0.0
25%,194.75,84.53,27.4,62.0,1.54,28.095,49.3025,302.27,4.09
50%,369.5,108.155,28.99,74.0,2.06,38.459999999999994,71.66,440.59000000000003,7.875
75%,528.0,151.795,31.99,83.0,3.09,57.075,93.48750000000001,614.4625,11.942499999999999
max,669.0,187.49,38.99,100.0,8.84,126.18,663.85,1179.69,26.91
