,id,aqi,temperature,humidity,wind_speed,pm2_5,pm10,co,no2
count,487.0,487.0,487.0,487.0,487.0,487.0,487.0,487.0,487.0
mean,237.54004106776182,110.72546201232034,29.583675564681723,77.27720739219713,2.3711704312114996,41.61277207392197,69.55581108829568,487.0789117043121,9.531704312114991
std,132.4571440064756,34.515422653782366,3.1839929898706947,11.641028001256409,1.2254493027160203,19.354048297699148,41.76706999437303,220.22091103770822,5.544332457382537
min,1.0,2.12,22.99,46.0,0.0,0.51,2.78,18.08,0.0
25%,125.5,83.995,26.99,70.0,1.54,27.869999999999997,44.515,308.405,5.215
50%,244.0,107.06,28.99,79.0,2.06,37.98,64.51,480.05,9.11
75%,352.5,144.84,31.99,84.0,3.09,53.44499999999999,86.575,636.725,13.44
max,456.0,187.49,38.99,100.0,8.23,126.18,663.85,1179.69,26.91
