,id,aqi,temperature,humidity,wind_speed,pm2_5,pm10,co,no2
count,1266.0,1266.0,1266.0,1266.0,1266.0,1266.0,1266.0,1266.0,1266.0
mean,555.4391785150079,154.4063665086888,26.126642969984204,66.27093206951027,1.7986571879936808,86.76945497630334,-15796207584.909956,664.700710900474,10.193143759873617
std,297.0966436454838,73.73299242165162,6.4506203171773615,17.604528484517278,1.2711571763444547,77.23764301246955,397267434061.99774,405.58759598635686,6.006409954685381
min,1.0,2.12,7.99,20.0,0.0,0.51,-9998999486464.0,18.08,0.0
25%,309.25,98.395,21.99,54.0,1.03,34.662499999999994,63.2325,371.48,5.3825
50%,567.5,154.215,27.99,70.0,2.06,61.835,97.83,587.4100000000001,9.809999999999999
75%,803.75,176.5525,30.99,79.0,2.06,104.995,173.72,822.0725,14.15
max,1079.0,493.9,38.99,100.0,8.84,491.16,663.85,2380.16,28.32
