,id,aqi,temperature,humidity,wind_speed,pm2_5,pm10,co,no2
count,1258.0,1258.0,1258.0,1258.0,1258.0,1258.0,1258.0,1258.0,1258.0
mean,552.1558028616852,152.67176470588237,26.18077106518283,66.27106518282989,1.8051828298887123,84.81370429252783,-15896660418.090298,657.8694435612083,10.188775834658188
std,295.1621312789986,70.59441418291141,6.4253958860768785,17.601271171021803,1.2700591032135586,73.32850008266843,398527600375.90906,397.2598518108619,6.015495656970729
min,1.0,2.12,7.99,20.0,0.0,0.51,-9998999486464.0,18.08,0.0
25%,307.25,98.22,22.4975,54.0,1.03,34.585,63.0375,369.4025,5.3825
50%,564.5,154.07,27.99,70.0,2.06,61.53,97.13,585.265,9.78
75%,798.75,175.3675,30.99,79.0,2.06,102.6925,170.05,817.7525,14.15
max,1066.0,405.27,38.99,100.0,8.84,356.96,663.85,2380.16,28.32
