,id,aqi,temperature,humidity,wind_speed,pm2_5,pm10,co,no2
count,934.0,934.0,934.0,934.0,934.0,934.0,934.0,934.0,934.0
mean,424.0556745182013,123.35285867237688,29.057441113490366,68.95717344753747,2.0162633832976447,52.303286937901504,-21411133717.566753,506.62796573875806,8.674764453961458
std,226.92639689711842,39.640390893777976,3.869070387539007,16.355518550987792,1.2485455028460408,29.198226623407734,462450485901.17804,229.41381008099486,5.111426085992195
min,1.0,2.12,17.99,27.0,0.0,0.51,-9998999486464.0,18.08,0.0
25%,234.25,89.6325,26.99,58.0,1.03,30.5175,54.962500000000006,320.0525,4.57
50%,440.5,120.99000000000001,28.99,70.0,2.06,43.655,79.405,492.73,8.245000000000001
75%,622.0,158.23000000000002,31.99,83.0,2.57,69.5875,110.725,652.2650000000001,12.024999999999999
max,791.0,232.49,38.99,100.0,8.84,182.28,663.85,1324.55,26.91
