,id,aqi,temperature,humidity,wind_speed,pm2_5,pm10,co,no2
count,477.0,477.0,477.0,477.0,477.0,477.0,477.0,477.0,477.0
mean,233.03773584905662,110.04547169811322,29.675786163522012,77.0503144654088,2.375555555555555,41.30182389937107,69.70358490566038,483.7732285115304,9.546876310272538
std,130.092786221203,34.47201244569927,3.139035014096549,11.608167985368492,1.2302798904220307,19.378784201507255,42.151306263086056,221.09441075636911,5.593413790084342
min,1.0,2.12,22.99,46.0,0.0,0.51,2.78,18.08,0.0
25%,122.0,83.58,27.99,70.0,1.54,27.64,44.37,300.65,5.14
50%,239.0,105.95,28.99,79.0,2.06,37.52,64.51,474.88,9.09
75%,345.0,143.99,31.99,84.0,3.09,53.12,86.68,633.29,13.49
max,448.0,187.49,38.99,100.0,8.23,126.18,663.85,1179.69,26.91
