,id,aqi,temperature,humidity,wind_speed,pm2_5,pm10,co,no2
count,1271.0,1271.0,1271.0,1271.0,1271.0,1271.0,1271.0,1271.0,1271.0
mean,557.5106215578285,155.57085759244688,26.074964594807238,66.34854445318646,1.7940125885129816,88.1013139260425,-15734066719.075653,671.1700157356413,10.234744295830055
std,298.33910791629467,75.89546985518666,6.491954328450139,17.625603129396477,1.2711993641689143,79.96723680439699,396485874293.61053,418.14224489330087,6.0320685847345805
min,1.0,2.12,7.99,20.0,0.0,0.51,-9998999486464.0,18.08,0.0
25%,310.5,98.44999999999999,21.99,54.0,1.03,34.695,63.335,371.96,5.404999999999999
50%,569.0,154.34,27.99,70.0,2.06,61.98,99.17,588.4,9.84
75%,806.5,176.94,30.99,79.0,2.06,105.745,175.32999999999998,825.38,14.2
max,1084.0,493.9,38.99,100.0,8.84,491.16,663.85,2794.89,28.32
