,id,aqi,temperature,humidity,wind_speed,pm2_5,pm10,co,no2
count,650.0,650.0,650.0,650.0,650.0,650.0,650.0,650.0,650.0
mean,308.6723076923077,107.4819846153846,29.867107692307695,74.36923076923077,2.2573384615384615,39.741,69.46666153846154,456.44429230769236,8.644415384615385
std,169.0943391540875,33.36664504795637,3.2425244503609862,13.374041999611496,1.2096394396758072,18.26488142451146,38.07135636854076,209.59480838706665,5.385677036932496
min,1.0,2.12,22.99,32.0,0.0,0.51,2.78,18.08,0.0
25%,165.25,81.43,27.99,66.0,1.54,26.5775,46.53,292.605,4.06
50%,317.5,102.22,28.99,78.0,2.06,36.010000000000005,65.945,427.28999999999996,7.984999999999999
75%,456.75,136.2725,31.99,83.0,3.09,50.0125,85.72999999999999,606.0675,12.125
max,580.0,187.49,38.99,100.0,8.23,126.18,663.85,1179.69,26.91
