,id,aqi,temperature,humidity,wind_speed,pm2_5,pm10,co,no2
count,1293.0,1293.0,1293.0,1293.0,1293.0,1293.0,1293.0,1293.0,1293.0
mean,566.6643464810518,159.4164810518175,25.91651972157773,66.35730858468678,1.78738592420727,92.41775715390565,-15466356373.132193,689.3675947409126,10.332072699149265
std,303.86820449255123,81.16513253954311,6.5688743338954305,17.62129401201279,1.2681833391715027,86.38795500287497,393100997433.3634,440.2175284046753,6.072203100963827
min,1.0,2.12,7.99,20.0,0.0,0.51,-9998999486464.0,18.08,0.0
25%,316.0,99.1,21.99,54.0,1.03,35.17,63.97,374.56,5.44
50%,577.0,154.72,27.19,70.0,2.06,62.73,101.12,594.68,9.99
75%,821.0,180.02,30.84,79.0,2.06,111.71,185.34,848.93,14.46
max,1106.0,493.9,38.99,100.0,8.84,491.16,663.85,2794.89,28.32
