,id,aqi,temperature,humidity,wind_speed,pm2_5,pm10,co,no2
count,1326.0,1326.0,1326.0,1326.0,1326.0,1326.0,1326.0,1326.0,1326.0
mean,580.5098039215686,165.11215686274508,25.612918552036202,66.89517345399699,1.7755203619909503,98.67165912518854,-15081447041.073715,713.011508295626,10.424260935143288
std,312.33820007255804,87.98426981721767,6.773610224660508,17.809228667841733,1.2583303075827519,94.17809235918425,388182395079.8348,462.6953769879544,6.086884187640525
min,1.0,2.12,7.99,20.0,0.0,0.51,-9998999486464.0,18.08,0.0
25%,324.25,101.50999999999999,21.0075,55.0,1.03,35.73,65.27000000000001,378.725,5.5425
50%,591.5,155.15499999999997,26.99,70.0,2.06,63.724999999999994,103.08,603.015,10.11
75%,839.75,184.27249999999998,29.99,82.0,2.06,119.94500000000001,198.57750000000001,883.975,14.6
max,1139.0,493.9,38.99,100.0,8.84,491.16,663.85,2794.89,28.32
