,id,aqi,temperature,humidity,wind_speed,pm2_5,pm10,co,no2
count,691.0,691.0,691.0,691.0,691.0,691.0,691.0,691.0,691.0
mean,325.821997105644,109.21114327062227,29.977120115774245,73.07091172214183,2.2273227206946453,40.907554269175115,-28940664144.111767,456.70953690303907,8.570911722141824
std,177.67779462789343,33.93001630374199,3.283153567291799,14.341766578348983,1.2048648652552285,19.25325450248004,537548415197.61566,206.9993192212141,5.339059235051072
min,1.0,2.12,22.99,31.0,0.0,0.51,-9998999486464.0,18.08,0.0
25%,175.5,83.43,27.99,63.0,1.54,27.564999999999998,47.58,294.4,4.06
50%,336.0,104.13,29.99,74.0,2.06,36.79,67.98,430.32,7.95
75%,481.5,141.48000000000002,31.99,83.0,3.09,52.08,87.845,604.35,12.1
max,614.0,187.49,38.99,100.0,8.23,126.18,663.85,1179.69,26.91
