,id,aqi,temperature,humidity,wind_speed,pm2_5,pm10,co,no2
count,1354.0,1354.0,1354.0,1354.0,1354.0,1354.0,1354.0,1354.0,1354.0
mean,592.3389955686854,165.70948301329392,25.410967503692767,66.78286558345643,1.7669423929098966,99.32917282127032,-14769570731.77833,723.152223042836,10.531632200886262
std,319.639132027983,87.24259474051073,6.870890224016676,17.848631890727216,1.2534108796951804,93.47219350199066,384150726842.58234,465.4351679594043,6.144074022753164
min,1.0,2.12,7.99,20.0,0.0,0.51,-9998999486464.0,18.08,0.0
25%,330.0,101.9075,20.99,55.0,1.03,35.8925,65.83,383.71,5.612500000000001
50%,601.5,155.84,26.99,70.0,2.06,64.99000000000001,105.87,608.565,10.25
75%,856.0,185.6175,29.99,82.0,2.06,122.5475,201.605,902.0975,14.91
max,1166.0,493.9,38.99,100.0,8.84,491.16,663.85,2794.89,28.32
