,id,aqi,temperature,humidity,wind_speed,pm2_5,pm10,co,no2
count,1003.0,1003.0,1003.0,1003.0,1003.0,1003.0,1003.0,1003.0,1003.0
mean,451.23030907278167,126.28957128614158,28.521395812562314,67.68594217347956,1.991505483549352,54.91316051844466,-19938184327.64054,520.0195812562312,8.879192422731805
std,240.77703511200883,40.16857475092453,4.388987175762127,17.120567867230726,1.2532798593722092,30.784994622272873,446276743522.5934,234.73374424111506,5.210816311538646
min,1.0,2.12,13.99,20.0,0.0,0.51,-9998999486464.0,18.08,0.0
25%,251.5,90.995,25.99,55.0,1.03,31.215000000000003,56.955,329.725,4.720000000000001
50%,469.0,126.93,28.99,70.0,2.06,46.23,82.18,510.36,8.49
75%,656.5,160.005,30.99,83.0,2.5599999999999996,72.995,116.47,669.4749999999999,12.33
max,846.0,232.49,38.99,100.0,8.84,182.28,663.85,1324.55,26.91
