,id,aqi,temperature,humidity,wind_speed,pm2_5,pm10,co,no2
count,275.0,275.0,275.0,275.0,275.0,275.0,275.0,275.0,275.0
mean,138.57090909090908,105.29545454545453,30.175890909090906,75.9309090909091,2.423345454545455,38.932509090909086,71.9048,425.0851272727273,8.698363636363638
std,79.41775728719743,36.05161998740129,2.9015959972266017,10.663343183855092,1.1778790201311125,19.339266583887152,49.231635520262785,203.62868963351727,5.429823350635894
min,1.0,2.12,22.99,46.0,0.0,0.51,2.78,18.08,0.0
25%,69.5,75.625,27.99,70.0,2.06,24.05,46.540000000000006,266.265,4.005
50%,141.0,101.17,29.99,78.0,2.06,35.73,64.85,368.78,8.03
75%,206.5,138.675,32.49,83.0,3.09,50.975,82.125,596.935,12.059999999999999
max,271.0,183.63,38.99,100.0,8.23,118.7,663.85,1168.94,26.91
