,id,aqi,temperature,humidity,wind_speed,pm2_5,pm10,co,no2
count,236.0,236.0,236.0,236.0,236.0,236.0,236.0,236.0,236.0
mean,119.37288135593221,107.7892372881356,29.951567796610167,77.03389830508475,2.4134745762711862,40.330932203389835,67.52165254237288,454.2976694915254,9.084449152542375
std,68.7555393958909,37.436207042296196,2.8081455377778255,9.875335451034825,1.1713199516520316,20.184579894322244,50.90494877315867,202.71917706698554,5.478103192610823
min,1.0,2.12,22.99,47.0,0.0,0.51,2.78,18.08,0.0
25%,59.75,77.2225,27.99,70.0,2.06,24.6125,44.555,287.0425,4.7275
50%,120.5,104.91499999999999,28.99,78.0,2.06,37.4,60.945,404.48,8.125
75%,179.25,145.3625,31.99,83.0,3.09,53.7525,76.245,608.4975,12.587499999999999
max,236.0,183.63,38.99,100.0,8.23,118.7,663.85,1168.94,26.91
