,id,aqi,temperature,humidity,wind_speed,pm2_5,pm10,co,no2
count,931.0,931.0,931.0,931.0,931.0,931.0,931.0,931.0,931.0
mean,422.8764769065521,123.21852846401718,29.076992481203007,68.96670247046187,2.0183351235230935,52.20537056928034,-21480127704.304283,506.16140708915145,8.653233082706766
std,226.3367526184248,39.633360951417835,3.858789433402821,16.37661484368069,1.2497184712822071,29.194005198209243,463194171749.32916,229.61854353308343,5.105428395916359
min,1.0,2.12,17.99,27.0,0.0,0.51,-9998999486464.0,18.08,0.0
25%,233.5,89.6,26.99,58.0,1.03,30.48,54.795,319.805,4.5649999999999995
50%,440.0,120.8,28.99,70.0,2.06,43.6,79.19,492.23,8.2
75%,621.0,158.14,31.99,83.0,2.57,69.43,110.525,650.72,12.0
max,788.0,232.49,38.99,100.0,8.84,182.28,663.85,1324.55,26.91
