,id,aqi,temperature,humidity,wind_speed,pm2_5,pm10,co,no2
count,796.0,796.0,796.0,796.0,796.0,796.0,796.0,796.0,796.0
mean,368.9170854271357,114.79999999999998,29.675917085427137,70.7713567839196,2.1723743718592967,44.56341708542713,-25123114211.275524,467.22716080402006,8.479120603015076
std,199.2538614246325,36.03720318760746,3.5051587553254664,15.65212975781775,1.2295518498596616,21.409898953860107,500889233728.7181,203.4493503886509,5.1864050617631
min,1.0,2.12,19.99,27.0,0.0,0.51,-9998999486464.0,18.08,0.0
25%,201.75,85.6375,26.99,61.0,1.03,28.6375,50.7025,306.7125,4.15
50%,381.5,109.715,28.99,74.0,2.06,39.120000000000005,73.255,450.18,7.945
75%,543.25,152.89499999999998,31.99,83.0,3.09,59.3025,95.89750000000001,617.315,11.942499999999999
max,694.0,187.49,38.99,100.0,8.84,126.18,663.85,1179.69,26.91
