,id,aqi,temperature,humidity,wind_speed,pm2_5,pm10,co,no2
count,1336.0,1336.0,1336.0,1336.0,1336.0,1336.0,1336.0,1336.0,1336.0
mean,584.7245508982036,165.186377245509,25.534902694610782,66.87799401197604,1.7737874251497003,98.69682634730539,-14968561957.355112,716.0428443113773,10.44059131736527
std,314.9313255319266,87.66229052519815,6.814790028797071,17.798983959217686,1.257558670384699,93.83916515885383,386727981878.3947,462.66246830051637,6.0801629704688125
min,1.0,2.12,7.99,20.0,0.0,0.51,-9998999486464.0,18.08,0.0
25%,326.75,101.58500000000001,20.99,55.0,1.03,35.754999999999995,65.44,381.29,5.58
50%,595.5,155.59,26.99,70.0,2.06,64.41499999999999,104.175,605.7750000000001,10.165
75%,845.25,184.1775,29.99,82.0,2.06,119.755,197.6225,889.4575,14.62
max,1148.0,493.9,38.99,100.0,8.84,491.16,663.85,2794.89,28.32
