,id,aqi,temperature,humidity,wind_speed,pm2_5,pm10,co,no2
count,279.0,279.0,279.0,279.0,279.0,279.0,279.0,279.0,279.0
mean,140.49462365591398,105.13290322580643,30.24849462365591,75.63082437275986,2.4291756272401432,38.838530465949816,72.42666666666668,421.72286738351255,8.608960573476702
std,80.44734955315582,35.83735020336345,2.9484401239535702,10.907883577399828,1.1940811921743641,19.22364408007997,49.07488097963629,204.10123109602748,5.443412360306652
min,1.0,2.12,22.99,46.0,0.0,0.51,2.78,18.08,0.0
25%,70.5,76.13,27.99,68.0,2.06,24.355,47.275000000000006,263.065,3.965
50%,143.0,99.52,29.99,78.0,2.06,35.57,65.26,367.88,7.89
75%,209.5,137.57999999999998,32.99,83.0,3.09,50.8,84.9,591.78,12.0
max,274.0,183.63,38.99,100.0,8.23,118.7,663.85,1168.94,26.91
