,id,aqi,temperature,humidity,wind_speed,pm2_5,pm10,co,no2
count,1041.0,1041.0,1041.0,1041.0,1041.0,1041.0,1041.0,1041.0,1041.0
mean,466.19308357348706,128.83686839577328,28.169625360230548,67.31796349663784,1.9484918347742555,57.85023054755043,-19210373555.760357,534.7140922190201,9.098424591738713
std,248.5422386912444,41.759898393524274,4.748823270628624,17.247456726745945,1.2613824574726744,34.33005933839273,438063716422.71564,247.84429918873067,5.361696417855157
min,1.0,2.12,11.99,20.0,0.0,0.51,-9998999486464.0,18.08,0.0
25%,259.0,92.2,25.99,55.0,1.03,31.88,57.41,336.19,4.83
50%,484.0,133.43,28.99,70.0,2.06,48.96,84.69,520.6,8.77
75%,681.0,161.93,30.99,82.0,2.35,76.66,120.42,681.92,12.7
max,876.0,242.45,38.99,100.0,8.84,192.33,663.85,1324.55,26.91
