,id,aqi,temperature,humidity,wind_speed,pm2_5,pm10,co,no2
count,999.0,999.0,999.0,999.0,999.0,999.0,999.0,999.0,999.0
mean,449.6546546546547,126.04555555555555,28.54654654654655,67.77677677677677,1.993813813813814,54.62983983983983,-20018016898.43999,518.8825125125126,8.876196196196195
std,239.9641210987285,40.05715081142098,4.3702089925841445,17.050943979804345,1.2532704188861554,30.489979292365422,447168402664.75946,234.0488372015216,5.214554199213834
min,1.0,2.12,13.99,20.0,0.0,0.51,-9998999486464.0,18.08,0.0
25%,250.5,90.88,25.99,55.0,1.03,31.12,56.945,329.055,4.720000000000001
50%,467.0,126.34,28.99,70.0,2.06,45.98,82.12,509.86,8.49
75%,654.5,159.95,31.145,83.0,2.5599999999999996,72.89500000000001,116.18,668.53,12.33
max,843.0,232.49,38.99,100.0,8.84,182.28,663.85,1324.55,26.91
