,id,aqi,temperature,humidity,wind_speed,pm2_5,pm10,co,no2
count,1461.0,1461.0,1461.0,1461.0,1461.0,1461.0,1461.0,1461.0,1461.0
mean,638.1067761806981,175.61666666666665,24.404784394250512,67.8309377138946,1.7279123887748116,110.33118412046545,-13687884146.432095,798.1217864476387,11.12441478439425
std,348.2447349786545,92.85006162119312,7.56553306694538,17.912635045047857,1.241933185060546,100.04428295144172,369826182025.36505,540.9906502219422,6.621149469000814
min,1.0,2.12,6.99,20.0,0.0,0.51,-9998999486464.0,18.08,0.0
25%,353.0,105.31,18.99,55.0,1.03,37.29,68.69,401.84,5.86
50%,643.0,158.59,26.99,71.0,2.06,70.47,112.3,635.57,10.82
75%,913.0,199.6,29.99,82.0,2.06,149.62,233.49,1045.64,15.47
max,1270.0,493.9,38.99,100.0,8.84,491.16,663.85,2839.26,33.91
