,id,aqi,temperature,humidity,wind_speed,pm2_5,pm10,co,no2
count,446.0,446.0,446.0,446.0,446.0,446.0,446.0,446.0,446.0
mean,218.88340807174887,110.4935201793722,29.981300448430492,76.11659192825113,2.3490582959641255,41.61065022421525,71.78464125560538,466.08607623318386,9.305291479820628
std,122.51563474837467,34.94176875867885,2.996382105266925,11.331167836490696,1.1894963569136299,19.694896807305582,42.66687502592327,215.70593012655092,5.5903707967527225
min,1.0,2.12,22.99,46.0,0.0,0.51,2.78,18.08,0.0
25%,113.25,83.605,27.99,70.0,1.54,27.66,46.4075,292.735,4.7725
50%,223.5,105.86500000000001,29.99,79.0,2.06,37.515,66.30000000000001,440.6,8.79
75%,326.75,145.54749999999999,31.99,84.0,3.09,53.712500000000006,89.41999999999999,616.6375,13.0875
max,423.0,187.49,38.99,100.0,8.23,126.18,663.85,1179.69,26.91
