,id,aqi,temperature,humidity,wind_speed,pm2_5,pm10,co,no2
count,239.0,239.0,239.0,239.0,239.0,239.0,239.0,239.0,239.0
mean,120.86192468619247,108.1939330543933,29.956234309623426,77.0418410041841,2.4111715481171547,40.4923849372385,68.52539748953974,451.38200836820084,8.99292887029289
std,69.59095503850178,37.396073081876914,2.828583999224108,9.99570949763791,1.1663382186122053,20.124353211652174,51.36762562900398,203.22456035234347,5.504346849792305
min,1.0,2.12,22.99,47.0,0.0,0.51,2.78,18.08,0.0
25%,60.5,77.3,27.99,70.0,2.06,24.634999999999998,44.66,285.58,4.21
50%,122.0,105.95,28.99,78.0,2.06,37.61,61.13,402.25,8.09
75%,181.5,145.45499999999998,31.99,83.0,3.09,53.875,76.325,607.9749999999999,12.45
max,239.0,183.63,38.99,100.0,8.23,118.7,663.85,1168.94,26.91
