,id,aqi,temperature,humidity,wind_speed,pm2_5,pm10,co,no2
count,241.0,241.0,241.0,241.0,241.0,241.0,241.0,241.0,241.0
mean,121.85477178423237,108.23311203319503,29.952365145228217,77.07883817427386,2.4039834024896267,40.4911203319502,68.8902489626556,450.5956846473029,9.017012448132782
std,70.14864922114943,37.24263999805728,2.8174621794764327,9.964834434711062,1.1650832873189971,20.040403480376668,51.310978576107466,202.58124166730443,5.488886062218004
min,1.0,2.12,22.99,47.0,0.0,0.51,2.78,18.08,0.0
25%,61.0,77.33,27.99,70.0,2.06,24.65,44.75,286.57,4.26
50%,124.0,106.2,28.99,78.0,2.06,37.86,61.17,401.84,8.1
75%,183.0,145.27,31.99,83.0,3.09,53.63,76.48,607.52,12.54
max,241.0,183.63,38.99,100.0,8.23,118.7,663.85,1168.94,26.91
