,id,aqi,temperature,humidity,wind_speed,pm2_5,pm10,co,no2
count,663.0,663.0,663.0,663.0,663.0,663.0,663.0,663.0,663.0
mean,314.1116138763198,107.32684766214176,29.906003016591253,73.89291101055807,2.250769230769231,39.64337858220211,69.83702865761688,454.34942684766213,8.615716440422323
std,171.79379607379846,33.09563094246398,3.260071660657062,13.774697494320693,1.2070183155349046,18.11104575379445,37.83020670902042,208.88215423457564,5.379322983645136
min,1.0,2.12,22.99,32.0,0.0,0.51,2.78,18.08,0.0
25%,168.5,81.685,27.99,66.0,1.54,26.744999999999997,46.845,291.57,4.04
50%,324.0,102.16,28.99,78.0,2.06,35.99,66.34,425.17,7.97
75%,465.5,134.29,31.99,83.0,3.09,49.155,85.86500000000001,602.51,12.120000000000001
max,591.0,187.49,38.99,100.0,8.23,126.18,663.85,1179.69,26.91
