,id,aqi,temperature,humidity,wind_speed,pm2_5,pm10,co,no2
count,311.0,311.0,311.0,311.0,311.0,311.0,311.0,311.0,311.0
mean,155.84244372990355,104.8265273311897,30.32157556270096,75.27652733118971,2.4287781350482316,38.52382636655948,75.90379421221864,410.1640192926045,8.587942122186496
std,88.72202475478998,34.2387291014476,2.9458487620632,11.170557304016445,1.1615478212022683,18.327658100278985,47.741167645315926,199.92375812984537,5.463701180535749
min,1.0,2.12,22.99,46.0,0.0,0.51,2.78,18.08,0.0
25%,78.5,77.655,27.99,66.0,2.06,24.955,50.175,246.285,3.64
50%,158.0,101.64,29.99,78.0,2.06,35.86,69.74,364.12,7.83
75%,233.5,131.865,32.99,83.0,3.09,48.504999999999995,93.475,560.96,12.22
max,304.0,183.63,38.99,100.0,8.23,118.7,663.85,1168.94,26.91
