,id,aqi,temperature,humidity,wind_speed,pm2_5,pm10,co,no2
count,1276.0,1276.0,1276.0,1276.0,1276.0,1276.0,1276.0,1276.0,1276.0
mean,559.5854231974922,156.2744200626959,26.043283699059565,66.34247648902821,1.795054858934169,88.90205329153605,-15672412851.151922,675.1463636363636,10.254568965517242
std,299.58692566680446,76.70060349416615,6.501058782021191,17.611300689609468,1.2694689011967895,81.00102140155032,395708909221.23846,423.71390717639656,6.044303924498719
min,1.0,2.12,7.99,20.0,0.0,0.51,-9998999486464.0,18.08,0.0
25%,311.75,98.54249999999999,21.99,54.0,1.03,34.72,63.6325,372.2975,5.4125
50%,571.0,154.365,27.99,70.0,2.06,62.065,100.22,589.8299999999999,9.865
75%,809.25,177.77249999999998,30.99,79.0,2.06,107.35249999999999,178.29000000000002,829.4325,14.2225
max,1089.0,493.9,38.99,100.0,8.84,491.16,663.85,2794.89,28.32
