,id,aqi,temperature,humidity,wind_speed,pm2_5,pm10,co,no2
count,935.0,935.0,935.0,935.0,935.0,935.0,935.0,935.0,935.0
mean,424.448128342246,123.40013903743316,29.045604278074865,68.97754010695188,2.014106951871658,52.34100534759358,-21388234109.111465,506.83429946524063,8.679860962566845
std,227.12213421022227,39.64553343155727,3.883900310324459,16.358619136915088,1.2496178556354443,29.205373861183354,462203385502.7826,229.37775131051825,5.111065428004388
min,1.0,2.12,17.99,27.0,0.0,0.51,-9998999486464.0,18.08,0.0
25%,234.5,89.655,26.99,58.0,1.03,30.535,55.045,320.065,4.57
50%,441.0,121.04,28.99,70.0,2.06,43.67,79.46,492.96,8.25
75%,622.5,158.265,31.99,83.0,2.57,69.75999999999999,110.78999999999999,652.695,12.03
max,791.0,232.49,38.99,100.0,8.84,182.28,663.85,1324.55,26.91
