,id,aqi,temperature,humidity,wind_speed,pm2_5,pm10,co,no2
count,732.0,732.0,732.0,732.0,732.0,732.0,732.0,732.0,732.0
mean,342.844262295082,112.21829234972678,30.006666666666668,72.15027322404372,2.2075683060109292,43.01571038251366,-27319670654.840164,463.5218032786885,8.503920765027322
std,186.25999452944515,35.24098352082362,3.276961462237328,14.747833430593074,1.1864733932857345,20.8516666830696,522298459571.3107,205.4218821031784,5.260855917967081
min,1.0,2.12,22.99,31.0,0.0,0.51,-9998999486464.0,18.08,0.0
25%,185.75,84.36500000000001,27.99,62.0,1.54,28.0,49.1425,302.27,4.0825
50%,353.5,107.17,29.99,74.0,2.06,38.09,70.845,440.59000000000003,7.93
75%,508.25,151.05,31.99,83.0,3.09,55.6,92.05250000000001,611.1975,11.995000000000001
max,644.0,187.49,38.99,100.0,8.23,126.18,663.85,1179.69,26.91
