,id,aqi,temperature,humidity,wind_speed,pm2_5,pm10,co,no2
count,598.0,598.0,598.0,598.0,598.0,598.0,598.0,598.0,598.0
mean,286.6404682274248,107.62565217391304,29.737692307692306,75.76588628762542,2.2986454849498332,39.94397993311037,67.78110367892977,463.21633779264215,8.750785953177257
std,158.10546964639997,34.52350276320891,3.2065447141735506,12.468870724844209,1.2245744502994964,18.9481525300253,39.03390527379891,214.33940996103627,5.451449814167353
min,1.0,2.12,22.99,37.0,0.0,0.51,2.78,18.08,0.0
25%,152.25,78.935,27.99,66.0,1.54,25.535,45.120000000000005,292.735,4.13
50%,293.5,102.185,28.99,78.0,2.06,35.995000000000005,62.81,432.555,8.045
75%,425.75,140.64499999999998,31.99,84.0,3.09,51.6775,83.285,617.645,12.265
max,544.0,187.49,38.99,100.0,8.23,126.18,663.85,1179.69,26.91
