,id,aqi,temperature,humidity,wind_speed,pm2_5,pm10,co,no2
count,641.0,641.0,641.0,641.0,641.0,641.0,641.0,641.0,641.0
mean,304.9173166926677,107.62575663026522,29.849781591263653,74.66146645865835,2.2633385335413414,39.82383775351014,69.23204368174727,457.7454602184087,8.664570982839313
std,167.25722432914105,33.56502243449539,3.2333170297270724,13.14709676967272,1.209489468444629,18.374861936519004,38.25586396682329,210.34266952511547,5.396427798064122
min,1.0,2.12,22.99,34.0,0.0,0.51,2.78,18.08,0.0
25%,163.0,81.3,27.99,66.0,1.54,26.55,46.33,292.3,4.06
50%,313.0,102.38,28.99,78.0,2.06,36.09,65.48,428.78,8.03
75%,451.0,138.28,31.99,83.0,3.09,50.96,85.7,607.18,12.13
max,572.0,187.49,38.99,100.0,8.23,126.18,663.85,1179.69,26.91
