,id,aqi,temperature,humidity,wind_speed,pm2_5,pm10,co,no2
count,393.0,393.0,393.0,393.0,393.0,393.0,393.0,393.0,393.0
mean,194.49618320610688,109.03916030534351,30.2829262086514,75.13994910941476,2.3646310432569977,40.70786259541985,73.92368956743003,435.5850890585242,9.005038167938931
std,109.53363853213678,34.64869654846196,2.8787832848572688,11.226256440633847,1.1975450776540522,19.186635096811912,43.96178385448766,199.50676751105183,5.56693619810247
min,1.0,2.12,22.99,46.0,0.0,0.51,2.78,18.08,0.0
25%,99.0,83.18,27.99,66.0,1.54,27.5,49.25,273.24,4.05
50%,199.0,104.52,29.99,78.0,2.06,36.96,68.41,394.7,8.25
75%,289.0,142.12,31.99,83.0,3.09,52.29,91.33,599.23,12.54
max,377.0,187.49,38.99,100.0,8.23,126.18,663.85,1168.94,26.91
