,id,aqi,temperature,humidity,wind_speed,pm2_5,pm10,co,no2
count,1177.0,1177.0,1177.0,1177.0,1177.0,1177.0,1177.0,1177.0,1177.0
mean,519.5293118096856,140.55803738317758,26.911826677994906,66.56754460492779,1.8423619371282922,71.47494477485132,-16990653218.08983,594.4582837723024,9.661877655055225
std,276.65545204927844,53.40561269490623,5.863871771586365,17.469236327340305,1.2797311958047957,52.78248213267574,412001298621.4216,308.26283136742956,5.601030665478563
min,1.0,2.12,8.99,20.0,0.0,0.51,-9998999486464.0,18.08,0.0
25%,289.0,96.38,23.99,55.0,1.03,33.68,61.34,356.73,5.21
50%,536.0,151.78,27.99,70.0,2.06,57.03,93.09,562.81,9.38
75%,752.0,169.08,30.99,79.0,2.06,90.51,145.49,753.34,13.5
max,986.0,363.54,38.99,100.0,8.84,313.61,663.85,1923.99,26.91
