,id,aqi,temperature,humidity,wind_speed,pm2_5,pm10,co,no2
count,609.0,609.0,609.0,609.0,609.0,609.0,609.0,609.0,609.0
mean,291.367816091954,107.5823645320197,29.770164203612484,75.50410509031198,2.2926436781609194,39.894302134646956,68.16170771756978,462.1062397372742,8.747159277504105
std,160.5058595072985,34.234428749929556,3.2118070068590088,12.584467225804948,1.2206387481224852,18.786651700584937,38.79954722470434,212.9863416453013,5.430807403616985
min,1.0,2.12,22.99,37.0,0.0,0.51,2.78,18.08,0.0
25%,155.0,79.58,27.99,66.0,1.54,25.71,45.33,294.04,4.16
50%,298.0,102.21,28.99,78.0,2.06,36.0,63.4,430.32,8.03
75%,433.0,140.05,31.99,84.0,3.09,51.36,84.37,615.0,12.31
max,553.0,187.49,38.99,100.0,8.23,126.18,663.85,1179.69,26.91
