,id,aqi,temperature,humidity,wind_speed,pm2_5,pm10,co,no2
count,475.0,475.0,475.0,475.0,475.0,475.0,475.0,475.0,475.0
mean,232.13473684210527,110.01294736842105,29.695515789473685,77.02526315789474,2.3758105263157896,41.297578947368415,69.80861052631579,483.79534736842106,9.569789473684212
std,129.6173480409509,34.53980339114442,3.130827848028486,11.626183242908674,1.230037530684809,19.4191617988527,42.20871386734417,221.55592448762172,5.593593453165705
min,1.0,2.12,22.99,46.0,0.0,0.51,2.78,18.08,0.0
25%,121.5,83.525,27.99,70.0,1.54,27.615000000000002,44.44,300.03,5.215
50%,238.0,105.78,28.99,79.0,2.06,37.51,64.7,474.88,9.11
75%,343.5,144.19,31.99,84.0,3.09,53.125,86.725,634.4300000000001,13.49
max,446.0,187.49,38.99,100.0,8.23,126.18,663.85,1179.69,26.91
