,id,aqi,temperature,humidity,wind_speed,pm2_5,pm10,co,no2
count,644.0,644.0,644.0,644.0,644.0,644.0,644.0,644.0,644.0
mean,306.167701863354,107.59203416149069,29.86751552795031,74.52173913043478,2.2631832298136647,39.80223602484472,69.36041925465838,457.05759316770184,8.639704968944098
std,167.86613329190146,33.49564956861882,3.2444996462717373,13.300492609603761,1.2074685770273155,18.336340057045078,38.2243777342111,210.26865347790482,5.398276385820262
min,1.0,2.12,22.99,32.0,0.0,0.51,2.78,18.08,0.0
25%,163.75,81.3675,27.99,66.0,1.54,26.565,46.36,292.2125,4.057499999999999
50%,314.5,102.33,28.99,78.0,2.06,36.075,65.58,428.515,7.984999999999999
75%,452.25,137.23,31.99,83.0,3.09,50.72,85.7475,607.18,12.115
max,574.0,187.49,38.99,100.0,8.23,126.18,663.85,1179.69,26.91
