,id,aqi,temperature,humidity,wind_speed,pm2_5,pm10,co,no2
count,782.0,782.0,782.0,782.0,782.0,782.0,782.0,782.0,782.0
mean,363.21099744245527,114.01034526854221,29.722723785166238,71.12148337595907,2.1928260869565217,44.072583120204605,-25572888636.645634,465.53107416879794,8.460601023017903
std,196.36680180726273,35.85434600270106,3.4735400212983856,15.414522438990137,1.2253577984083406,21.226937563816232,505347302465.73157,203.81237190925114,5.196616329616154
min,1.0,2.12,19.99,27.0,0.0,0.51,-9998999486464.0,18.08,0.0
25%,198.25,84.985,26.99,62.0,1.065,28.425,49.9275,304.1,4.1049999999999995
50%,375.5,108.88,28.99,74.0,2.06,38.74,72.45500000000001,445.44500000000005,7.93
75%,534.0,152.38,31.99,83.0,3.09,58.2325,94.81750000000001,614.9425,11.9475
max,682.0,187.49,38.99,100.0,8.84,126.18,663.85,1179.69,26.91
