,id,aqi,temperature,humidity,wind_speed,pm2_5,pm10,co,no2
count,323.0,323.0,323.0,323.0,323.0,323.0,323.0,323.0,323.0
mean,161.55108359133126,104.77077399380805,30.34021671826625,75.25077399380805,2.4007120743034056,38.434798761609905,76.51780185758514,410.36229102167187,8.744643962848297
std,91.79270304699125,33.7935165005598,2.9334033002353155,11.189042902594117,1.1551740696219985,18.054447987068517,47.01232671508172,198.4593726333913,5.570787279480033
min,1.0,2.12,22.99,46.0,0.0,0.51,2.78,18.08,0.0
25%,81.5,78.505,27.99,66.0,2.06,25.255000000000003,51.965,246.64499999999998,3.67
50%,164.0,101.57,29.99,78.0,2.06,35.76,70.89,366.33,8.0
75%,242.5,129.625,32.99,83.0,3.09,47.405,94.58000000000001,560.96,12.62
max,315.0,183.63,38.99,100.0,8.23,118.7,663.85,1168.94,26.91
