,id,aqi,temperature,humidity,wind_speed,pm2_5,pm10,co,no2
count,795.0,795.0,795.0,795.0,795.0,795.0,795.0,795.0,795.0
mean,368.50817610062893,114.73093081761006,29.678037735849056,70.80125786163522,2.1751069182389937,44.504088050314465,-25154715612.976727,466.89113207547166,8.467522012578616
std,199.04481824097695,36.00713108267627,3.5068543424166996,15.639217913784378,1.22790500965484,21.357801529266116,501203761895.7703,203.35627582300214,5.179329729444077
min,1.0,2.12,19.99,27.0,0.0,0.51,-9998999486464.0,18.08,0.0
25%,201.5,85.575,26.99,61.5,1.03,28.625,50.555,306.175,4.140000000000001
50%,381.0,109.59,28.99,74.0,2.06,39.09,73.23,449.95,7.94
75%,542.5,152.815,31.99,83.0,3.09,59.185,95.71000000000001,616.23,11.925
max,693.0,187.49,38.99,100.0,8.84,126.18,663.85,1179.69,26.91
