,id,aqi,temperature,humidity,wind_speed,pm2_5,pm10,co,no2
count,1429.0,1429.0,1429.0,1429.0,1429.0,1429.0,1429.0,1429.0,1429.0
mean,624.3037088873338,172.8056822953114,24.72128061581526,67.57732680195942,1.7377886634009796,107.25489853044087,-13994400803.291971,774.6960811756472,10.90181945416375
std,339.53701607829885,91.28280368218904,7.33762680001877,18.001881036719816,1.2489525617588735,98.27026610077438,373941195674.8548,516.1785612656364,6.390629161907881
min,1.0,2.12,6.99,20.0,0.0,0.51,-9998999486464.0,18.08,0.0
25%,345.0,104.18,19.99,55.0,1.03,36.8,67.86,395.47,5.82
50%,631.0,157.7,26.99,70.0,2.06,68.67,110.47,629.09,10.65
75%,899.0,196.47,29.99,82.0,2.06,143.57,224.51,998.34,15.16
max,1238.0,493.9,38.99,100.0,8.84,491.16,663.85,2839.26,33.91
