,id,aqi,temperature,humidity,wind_speed,pm2_5,pm10,co,no2
count,482.0,482.0,482.0,482.0,482.0,482.0,482.0,482.0,482.0
mean,235.29460580912863,110.38848547717842,29.612655601659753,77.22614107883817,2.3744190871369297,41.448008298755184,69.60865145228215,485.5889211618257,9.543589211618258
std,131.28268658207006,34.485873801895266,3.183490546544371,11.681350581073012,1.2264395736207439,19.350014890804587,41.95038419791021,220.67151379387664,5.5653077633084
min,1.0,2.12,22.99,46.0,0.0,0.51,2.78,18.08,0.0
25%,124.25,83.7225,26.99,70.0,1.54,27.755,44.5125,304.9175,5.2125
50%,241.5,106.25999999999999,28.99,79.0,2.06,37.76,64.49000000000001,477.91499999999996,9.114999999999998
75%,348.75,144.405,31.99,84.0,3.09,53.182500000000005,86.61250000000001,636.445,13.45
max,452.0,187.49,38.99,100.0,8.23,126.18,663.85,1179.69,26.91
