,id,aqi,temperature,humidity,wind_speed,pm2_5,pm10,co,no2
count,1350.0,1350.0,1350.0,1350.0,1350.0,1350.0,1350.0,1350.0,1350.0
mean,590.6437037037037,165.5468888888889,25.43221481481482,66.82444444444444,1.768362962962963,99.12263703703704,-14813332423.607103,721.8174518518517,10.519422222222223
std,318.5883610964999,87.31630199209931,6.866129936845029,17.84193412424219,1.254760448121715,93.5282680529821,384718996212.43207,465.03671185817086,6.1423261922611525
min,1.0,2.12,7.99,20.0,0.0,0.51,-9998999486464.0,18.08,0.0
25%,329.25,101.755,20.99,55.0,1.03,35.8675,65.64999999999999,383.6,5.61
50%,599.5,155.74,26.99,70.0,2.06,64.805,105.295,607.735,10.235
75%,853.5,185.35750000000002,29.99,82.0,2.06,122.0375,199.47500000000002,900.915,14.8725
max,1162.0,493.9,38.99,100.0,8.84,491.16,663.85,2794.89,28.32
