,id,aqi,temperature,humidity,wind_speed,pm2_5,pm10,co,no2
count,292.0,292.0,292.0,292.0,292.0,292.0,292.0,292.0,292.0
mean,146.74657534246575,105.40003424657533,30.21301369863014,75.6986301369863,2.4303767123287674,38.87359589041096,74.00897260273972,420.95263698630134,8.731780821917807
std,83.8155241256138,35.12723668385398,2.915686422187147,10.834823495511243,1.175020448109921,18.8138466523131,48.59416828571809,200.45475959141152,5.4696444012563115
min,1.0,2.12,22.99,46.0,0.0,0.51,2.78,18.08,0.0
25%,73.75,77.315,27.99,69.0,2.06,24.6425,48.675000000000004,265.89,3.9850000000000003
50%,148.5,102.13,29.99,78.0,2.06,36.040000000000006,66.75,370.025,7.9799999999999995
75%,219.25,134.21499999999997,32.99,83.0,3.09,49.3275,90.43,570.48,12.344999999999999
max,287.0,183.63,38.99,100.0,8.23,118.7,663.85,1168.94,26.91
