,id,aqi,temperature,humidity,wind_speed,pm2_5,pm10,co,no2
count,257.0,257.0,257.0,257.0,257.0,257.0,257.0,257.0,257.0
mean,129.78210116731518,106.85361867704279,30.102568093385216,76.34630350194553,2.43863813229572,39.75389105058366,70.79638132295719,436.3373151750973,8.80852140077821
std,74.59672301536007,36.60681927883656,2.8873559927958743,10.547915039151185,1.17150181282254,19.673894674811688,50.55257799491683,204.9082890992741,5.488805595728845
min,1.0,2.12,22.99,46.0,0.0,0.51,2.78,18.08,0.0
25%,65.0,77.33,27.99,70.0,2.06,24.65,45.33,269.02,4.03
50%,132.0,102.92,29.99,78.0,2.06,36.3,62.63,387.1,8.06
75%,195.0,140.05,31.99,83.0,3.09,51.7,78.56,603.51,12.31
max,256.0,183.63,38.99,100.0,8.23,118.7,663.85,1168.94,26.91
