,id,aqi,temperature,humidity,wind_speed,pm2_5,pm10,co,no2
count,464.0,464.0,464.0,464.0,464.0,464.0,464.0,464.0,464.0
mean,227.14008620689654,109.94168103448277,29.815689655172417,76.74137931034483,2.350043103448276,41.27228448275862,70.37342672413793,477.68553879310343,9.51834051724138
std,126.96496935620101,34.694676168015185,3.059624046736096,11.572194790179624,1.1967298847879413,19.495278665210957,42.466200317919935,220.02094378840533,5.625779067181652
min,1.0,2.12,22.99,46.0,0.0,0.51,2.78,18.08,0.0
25%,118.75,83.45,27.99,70.0,1.54,27.5775,44.787499999999994,296.6625,4.9174999999999995
50%,232.5,105.765,28.99,79.0,2.06,37.474999999999994,65.1,462.605,9.004999999999999
75%,337.25,144.39499999999998,31.99,84.0,3.09,53.1475,87.7175,627.8225,13.459999999999999
max,439.0,187.49,38.99,100.0,8.23,126.18,663.85,1179.69,26.91
