,id,aqi,temperature,humidity,wind_speed,pm2_5,pm10,co,no2
count,817.0,817.0,817.0,817.0,817.0,817.0,817.0,817.0,817.0
mean,377.4810281517748,116.27203182374541,29.587294981640152,70.44430844553244,2.13796817625459,45.89339045287638,-24477354846.18322,472.3377111383109,8.474467564259486
std,203.627796132466,36.73279572665338,3.5477328997305,15.789970912403502,1.2389626566899758,22.814125287481414,494417962604.9632,204.71079780273953,5.156066433855505
min,1.0,2.12,19.99,27.0,0.0,0.51,-9998999486464.0,18.08,0.0
25%,206.0,86.2,26.99,60.0,1.03,28.89,51.82,309.49,4.24
50%,390.0,111.42,28.99,74.0,2.06,39.75,73.99,459.15,7.95
75%,555.0,154.32,31.99,83.0,3.09,61.97,98.92,623.35,11.91
max,709.0,187.49,38.99,100.0,8.84,126.18,663.85,1179.69,26.91
