,id,aqi,temperature,humidity,wind_speed,pm2_5,pm10,co,no2
count,315.0,315.0,315.0,315.0,315.0,315.0,315.0,315.0,315.0
mean,157.74285714285713,105.07701587301588,30.298317460317463,75.4,2.4159047619047618,38.60688888888889,76.17006349206349,412.4053015873016,8.720539682539684
std,89.73868949948302,34.095800990836885,2.934766350064557,11.155758845278646,1.160711424088304,18.22655193353104,47.4979589839318,199.75586868164618,5.5608500152880005
min,1.0,2.12,22.99,46.0,0.0,0.51,2.78,18.08,0.0
25%,79.5,78.035,27.99,66.0,2.06,25.075,51.415,246.64499999999998,3.67
50%,160.0,101.98,29.99,78.0,2.06,35.99,70.23,366.65,7.93
75%,236.5,131.53,32.99,83.0,3.09,48.275,93.855,564.0999999999999,12.43
max,307.0,183.63,38.99,100.0,8.23,118.7,663.85,1168.94,26.91
