,id,aqi,temperature,humidity,wind_speed,pm2_5,pm10,co,no2
count,1038.0,1038.0,1038.0,1038.0,1038.0,1038.0,1038.0,1038.0,1038.0
mean,465.01059730250483,128.59701348747592,28.191339113680154,67.37090558766859,1.950154142581888,57.5588535645472,-19265894867.35297,533.2080828516378,9.097504816955682
std,247.9239448568736,41.570027839797675,4.730834617694112,17.207682608106147,1.2609340399758826,33.929033384388944,438695688989.39685,246.00321284031605,5.3617163983406675
min,1.0,2.12,11.99,20.0,0.0,0.51,-9998999486464.0,18.08,0.0
25%,259.0,92.185,25.99,55.0,1.03,31.7375,57.402499999999996,335.02,4.83
50%,482.5,133.32999999999998,28.99,70.0,2.06,48.665,84.42500000000001,519.85,8.765
75%,678.75,161.7475,30.99,82.0,2.345,76.315,119.6675,681.54,12.6875
max,874.0,242.45,38.99,100.0,8.84,192.33,663.85,1324.55,26.91
