,id,aqi,temperature,humidity,wind_speed,pm2_5,pm10,co,no2
count,993.0,993.0,993.0,993.0,993.0,993.0,993.0,993.0,993.0
mean,447.28801611278953,125.70961732124874,28.596233635448144,67.86807653575025,1.9965256797583084,54.26598187311178,-20138971684.601017,517.5266767371601,8.846183282980867
std,238.74158832376602,39.93636195378103,4.322556287273745,16.990797972791064,1.2516638577902426,30.184458443375,448515969533.72723,233.4776867253533,5.196873132711874
min,1.0,2.12,13.99,20.0,0.0,0.51,-9998999486464.0,18.08,0.0
25%,249.0,90.81,25.99,56.0,1.03,31.06,56.76,328.28,4.71
50%,465.0,125.94,28.99,70.0,2.06,45.7,82.02,505.73,8.46
75%,651.0,159.73,31.99,83.0,2.57,72.44,115.65,666.66,12.27
max,838.0,232.49,38.99,100.0,8.84,182.28,663.85,1324.55,26.91
