,id,aqi,temperature,humidity,wind_speed,pm2_5,pm10,co,no2
count,1037.0,1037.0,1037.0,1037.0,1037.0,1037.0,1037.0,1037.0,1037.0
mean,464.6162005785921,128.53177434908392,28.206962391513986,67.35679845708775,1.9520347155255542,57.47632594021215,-19284473358.311813,532.6932401157186,9.088563162970106
std,247.71757576616466,41.53688830535925,4.706250375618056,17.20997916298629,1.2600852635359805,33.84101121223527,438906955100.5697,245.5617933797314,5.356554888117355
min,1.0,2.12,12.99,20.0,0.0,0.51,-9998999486464.0,18.08,0.0
25%,259.0,92.18,25.99,55.0,1.03,31.69,57.4,334.63,4.83
50%,482.0,133.26,28.99,70.0,2.06,48.66,84.37,519.76,8.76
75%,678.0,161.71,30.99,82.0,2.35,76.24,119.63,680.94,12.65
max,873.0,242.45,38.99,100.0,8.84,192.33,663.85,1324.55,26.91
