,id,aqi,temperature,humidity,wind_speed,pm2_5,pm10,co,no2
count,420.0,420.0,420.0,420.0,420.0,420.0,420.0,420.0,420.0
mean,206.9547619047619,108.5625,30.040285714285716,75.85,2.373142857142857,40.37161904761904,72.07007142857142,443.9949999999999,9.104404761904762
std,116.1541455916634,34.39161086011673,3.023108203774488,11.373623339811065,1.210329696723112,18.911833707346783,43.57220066051993,198.21963568025348,5.5033076951563205
min,1.0,2.12,22.99,46.0,0.0,0.51,2.78,18.08,0.0
25%,105.75,81.715,27.99,66.0,1.54,27.14,46.4825,278.96500000000003,4.2575
50%,210.5,103.76,29.99,78.0,2.06,36.84,66.30000000000001,421.615,8.45
75%,307.25,141.04999999999998,31.99,83.25,3.09,52.02,89.7525,598.825,12.7075
max,399.0,187.49,38.99,100.0,8.23,126.18,663.85,1168.94,26.91
