,id,aqi,temperature,humidity,wind_speed,pm2_5,pm10,co,no2
count,1485.0,1485.0,1485.0,1485.0,1485.0,1485.0,1485.0,1485.0,1485.0
mean,648.5508417508418,178.90208754208751,24.140841750841755,68.04915824915825,1.7249292929292925,114.02275420875421,-13466665810.627268,818.5167811447811,11.245346801346804
std,354.90694218173917,96.01978576193872,7.790727047573421,17.90923904842619,1.2349674847514682,103.84425050378205,366827547390.91425,565.2742925425172,6.741410445053574
min,1.0,2.12,2.99,20.0,0.0,0.51,-9998999486464.0,18.08,0.0
25%,358.0,106.2,17.99,55.0,1.03,37.66,69.73,404.13,5.89
50%,650.0,159.37,25.99,71.0,2.06,71.82,114.32,642.86,10.9
75%,929.0,209.07,29.99,82.0,2.06,158.64,240.25,1073.89,15.65
max,1298.0,493.9,38.99,100.0,8.84,491.16,663.85,3066.3,33.91
