,id,aqi,temperature,humidity,wind_speed,pm2_5,pm10,co,no2
count,725.0,725.0,725.0,725.0,725.0,725.0,725.0,725.0,725.0
mean,339.9544827586207,111.7535724137931,30.01022068965517,72.32137931034482,2.2086758620689655,42.72033103448276,-27583446786.235184,462.63757241379307,8.52673103448276
std,184.80728912346615,35.08563697424832,3.2738854045058674,14.651575755802664,1.189096021862563,20.704292643511522,524810367911.4639,205.79623032217307,5.274918416345848
min,1.0,2.12,22.99,31.0,0.0,0.51,-9998999486464.0,18.08,0.0
25%,184.0,84.25,27.99,62.0,1.54,27.96,49.04,299.41,4.09
50%,350.0,106.81,29.99,74.0,2.06,37.92,70.76,439.69,7.94
75%,505.0,149.41,31.99,83.0,3.09,55.17,91.86,608.79,12.01
max,639.0,187.49,38.99,100.0,8.23,126.18,663.85,1179.69,26.91
