,id,aqi,temperature,humidity,wind_speed,pm2_5,pm10,co,no2
count,920.0,920.0,920.0,920.0,920.0,920.0,920.0,920.0,920.0
mean,418.5510869565217,122.69380434782607,29.11933695652174,69.12717391304348,2.0200760869565215,51.7930652173913,-21736955320.04114,505.1498369565217,8.654978260869566
std,224.17901870016257,39.570172875238484,3.8397714974892563,16.342835450685964,1.2517189463478853,29.09117313667489,465952037503.5463,229.9641242112319,5.112388375997568
min,1.0,2.12,18.99,27.0,0.0,0.51,-9998999486464.0,18.08,0.0
25%,230.75,89.3425,26.99,58.0,1.03,30.402500000000003,54.545,319.5525,4.557499999999999
50%,435.5,119.675,28.99,70.0,2.06,43.095,78.89500000000001,490.56500000000005,8.19
75%,614.0,157.7325,31.99,83.0,2.57,68.73,109.4375,649.3675,12.01
max,780.0,232.49,38.99,100.0,8.84,182.28,663.85,1324.55,26.91
