,id,aqi,temperature,humidity,wind_speed,pm2_5,pm10,co,no2
count,619.0,619.0,619.0,619.0,619.0,619.0,619.0,619.0,619.0
mean,295.64458804523423,107.76943457189014,29.78502423263328,75.27140549273021,2.2805492730210015,39.94239095315024,68.56321486268175,461.27502423263326,8.716575121163165
std,162.66841314932952,34.05465549206173,3.2236917455435505,12.77451978699724,1.2200432463866506,18.65783630978592,38.653017585313094,211.85313015108682,5.416892572723645
min,1.0,2.12,22.99,34.0,0.0,0.51,2.78,18.08,0.0
25%,157.5,79.74000000000001,27.99,66.0,1.54,25.785,45.685,294.4,4.105
50%,303.0,102.45,28.99,78.0,2.06,36.17,64.31,431.75,8.0
75%,439.0,139.88,31.99,84.0,3.09,51.36,85.14,610.3199999999999,12.22
max,558.0,187.49,38.99,100.0,8.23,126.18,663.85,1179.69,26.91
