,id,aqi,temperature,humidity,wind_speed,pm2_5,pm10,co,no2
count,793.0,793.0,793.0,793.0,793.0,793.0,793.0,793.0,793.0
mean,367.6910466582598,114.6188524590164,29.67094577553594,70.89911727616645,2.175397225725095,44.43645649432535,-25218157518.954563,467.0123455233292,8.472736443883985
std,198.6281463902418,35.982887470670576,3.5083377583410433,15.53669204576268,1.2294407757402954,21.34040627727665,501834599867.03314,203.5373939467711,5.179301067506572
min,1.0,2.12,19.99,27.0,0.0,0.51,-9998999486464.0,18.08,0.0
25%,201.0,85.45,26.99,62.0,1.03,28.6,50.26,305.1,4.16
50%,380.0,109.59,28.99,74.0,2.06,38.99,73.06,449.95,7.94
75%,541.0,152.73,31.99,83.0,3.09,58.87,95.5,617.26,11.94
max,691.0,187.49,38.99,100.0,8.84,126.18,663.85,1179.69,26.91
