,id,aqi,temperature,humidity,wind_speed,pm2_5,pm10,co,no2
count,945.0,945.0,945.0,945.0,945.0,945.0,945.0,945.0,945.0
mean,428.3746031746032,123.84559788359788,28.983640211640214,68.85925925925926,2.0113121693121694,52.671502645502656,-21161903587.355644,507.03207407407405,8.691957671957672
std,229.08759100902432,39.675449137814226,3.932150358037168,16.4139474551642,1.2505022604963223,29.254576406916904,459753970840.45166,228.700865003438,5.109764941016732
min,1.0,2.12,16.99,27.0,0.0,0.51,-9998999486464.0,18.08,0.0
25%,237.0,89.88,26.99,58.0,1.03,30.6,55.33,320.79,4.57
50%,445.0,122.3,28.99,70.0,2.06,44.18,79.92,492.96,8.28
75%,628.0,158.59,31.99,83.0,2.57,70.47,111.63,652.95,12.03
max,799.0,232.49,38.99,100.0,8.84,182.28,663.85,1324.55,26.91
