,id,aqi,temperature,humidity,wind_speed,pm2_5,pm10,co,no2
count,1264.0,1264.0,1264.0,1264.0,1264.0,1264.0,1264.0,1264.0,1264.0
mean,554.6115506329114,154.06575158227847,26.13239715189874,66.31408227848101,1.7990585443037972,86.40073575949368,-15821201584.832813,663.5297310126583,10.194153481012657
std,296.6011798931069,73.29019525432079,6.454070228557037,17.584910155880085,1.270636582020626,76.73823665873151,397581354647.2567,404.8083924221222,6.007073350715359
min,1.0,2.12,7.99,20.0,0.0,0.51,-9998999486464.0,18.08,0.0
25%,308.75,98.3475,21.99,54.0,1.03,34.652499999999996,63.1875,371.3075,5.387499999999999
50%,567.0,154.18,27.99,70.0,2.06,61.725,97.565,586.97,9.809999999999999
75%,802.25,176.4025,30.99,79.0,2.06,104.695,172.22,821.765,14.15
max,1072.0,493.9,38.99,100.0,8.84,491.16,663.85,2380.16,28.32
