,id,aqi,temperature,humidity,wind_speed,pm2_5,pm10,co,no2
count,229.0,229.0,229.0,229.0,229.0,229.0,229.0,229.0,229.0
mean,115.8995633187773,106.22868995633189,29.91545851528384,77.12663755458516,2.4422707423580783,39.3462445414847,66.54510917030568,448.57423580786025,9.096375545851528
std,66.81188208341216,36.881034766790926,2.8223817838092873,9.930753118672422,1.1739067687920002,19.575425111368958,50.89015516425096,202.4260513081439,5.418206592859684
min,1.0,2.12,22.99,47.0,0.0,0.51,19.51,18.08,0.76
25%,58.0,76.47,27.99,70.0,2.06,24.5,44.51,284.59,4.85
50%,117.0,102.65,28.99,78.0,2.06,36.3,60.76,399.86,8.15
75%,174.0,140.05,31.99,83.0,3.09,51.36,75.52,607.18,12.36
max,229.0,183.63,38.99,100.0,8.23,118.7,663.85,1168.94,26.91
