,id,aqi,temperature,humidity,wind_speed,pm2_5,pm10,co,no2
count,780.0,780.0,780.0,780.0,780.0,780.0,780.0,780.0,780.0
mean,362.3948717948718,113.9063717948718,29.73742307692308,71.14871794871794,2.1944871794871794,44.02560256410256,-25638460146.242302,465.33330769230764,8.453205128205129
std,195.95447055577034,35.841347760427865,3.465443439012071,15.423867801855845,1.2262118497540593,21.233825257510457,505993936096.5046,204.02998327150138,5.200420540314271
min,1.0,2.12,19.99,27.0,0.0,0.51,-9998999486464.0,18.08,0.0
25%,197.75,84.8425,27.1325,62.0,1.135,28.36,49.832499999999996,303.71,4.0975
50%,374.5,108.755,28.99,74.0,2.06,38.7,72.36500000000001,444.47,7.91
75%,533.25,152.26749999999998,31.99,83.0,3.09,58.18,94.45,615.05,11.942499999999999
max,680.0,187.49,38.99,100.0,8.84,126.18,663.85,1179.69,26.91
