,id,aqi,temperature,humidity,wind_speed,pm2_5,pm10,co,no2
count,1322.0,1322.0,1322.0,1322.0,1322.0,1322.0,1322.0,1322.0,1322.0
mean,578.8245083207262,164.5928895612708,25.651868381240547,66.80862329803328,1.778555219364599,98.10248865355521,-15127079257.003014,708.8461951588502,10.400945537065052
std,311.3009785277698,87.5615503156952,6.7461697594441485,17.765794471765744,1.2587818813164164,93.70526661778094,388768772312.80206,457.0438622003253,6.080892569528661
min,1.0,2.12,7.99,20.0,0.0,0.51,-9998999486464.0,18.08,0.0
25%,323.25,101.41499999999999,21.99,55.0,1.03,35.7075,65.02,378.52500000000003,5.54
50%,589.5,155.115,26.99,70.0,2.06,63.51,102.725,602.245,10.05
75%,837.75,183.675,29.99,82.0,2.06,118.78999999999999,197.0325,881.7974999999999,14.5475
max,1135.0,493.9,38.99,100.0,8.84,491.16,663.85,2794.89,28.32
