,id,aqi,temperature,humidity,wind_speed,pm2_5,pm10,co,no2
count,1347.0,1347.0,1347.0,1347.0,1347.0,1347.0,1347.0,1347.0,1347.0
mean,589.373422420193,165.4047958426132,25.462152932442468,66.79435783221975,1.7715367483296216,98.94449888641425,-14846324255.928806,720.3333259094284,10.49715664439495
std,317.80198069945266,87.36142639039826,6.843920033419839,17.847963600787647,1.2541416435982218,93.55599712959554,385146857120.8237,464.4842151327682,6.129769187311116
min,1.0,2.12,7.99,20.0,0.0,0.51,-9998999486464.0,18.08,0.0
25%,329.0,101.69999999999999,20.99,55.0,1.03,35.825,65.58,383.35,5.6
50%,599.0,155.64,26.99,70.0,2.06,64.58,104.88,607.18,10.22
75%,850.5,185.07,29.99,82.0,2.06,121.47999999999999,198.71,900.025,14.78
max,1159.0,493.9,38.99,100.0,8.84,491.16,663.85,2794.89,28.32
