,id,aqi,temperature,humidity,wind_speed,pm2_5,pm10,co,no2
count,798.0,798.0,798.0,798.0,798.0,798.0,798.0,798.0,798.0
mean,369.734335839599,114.95411027568923,29.66417293233083,70.75689223057644,2.1669298245614037,44.71358395989975,-25060149012.365574,467.89827067669165,8.486215538847118
std,199.67130354527788,36.123204860353354,3.5089570285234717,15.636429053389913,1.2328084950767777,21.592163163986584,500261949736.07996,203.64631150040717,5.1834410087558
min,1.0,2.12,19.99,27.0,0.0,0.51,-9998999486464.0,18.08,0.0
25%,202.25,85.725,26.99,61.0,1.03,28.66,50.895,307.34749999999997,4.165
50%,382.5,109.91499999999999,28.99,74.0,2.06,39.165,73.345,450.52,7.955
75%,544.0,153.0675,31.99,83.0,3.09,59.97,96.04,617.645,11.9475
max,695.0,187.49,38.99,100.0,8.84,126.18,663.85,1179.69,26.91
