,id,aqi,temperature,humidity,wind_speed,pm2_5,pm10,co,no2
count,371.0,371.0,371.0,371.0,371.0,371.0,371.0,371.0,371.0
mean,184.23180592991915,106.47851752021563,30.27064690026954,75.38274932614556,2.385579514824798,39.40706199460916,74.14086253369271,425.68628032345015,8.857061994609165
std,104.02868711276462,33.8745836350052,2.87776135063348,11.229263121799864,1.174801823890762,18.6499204039729,45.06709538922597,196.2470186192326,5.38785202589149
min,1.0,2.12,22.99,46.0,0.0,0.51,2.78,18.08,0.0
25%,93.5,81.18,27.99,66.0,1.54,26.57,48.58,266.40999999999997,4.04
50%,188.0,101.98,29.99,78.0,2.06,35.99,68.69,387.1,8.24
75%,273.5,133.32999999999998,32.49,83.0,3.09,48.665,92.27,587.75,12.35
max,358.0,187.49,38.99,100.0,8.23,126.18,663.85,1168.94,26.91
