,id,aqi,temperature,humidity,wind_speed,pm2_5,pm10,co,no2
count,380.0,380.0,380.0,380.0,380.0,380.0,380.0,380.0,380.0
mean,188.43947368421053,107.58057894736842,30.235052631578945,75.32894736842105,2.3940263157894734,39.942684210526316,73.97086842105263,428.7160263157895,8.849210526315789
std,106.28670848595168,34.23257173327709,2.881823896111431,11.190115500068547,1.1986968955189465,18.85155674528219,44.58855727808373,195.73554170565623,5.381393372143169
min,1.0,2.12,22.99,46.0,0.0,0.51,2.78,18.08,0.0
25%,95.75,81.715,27.99,66.0,1.54,27.14,48.9825,268.515,4.045
50%,192.5,102.55000000000001,29.99,78.0,2.06,36.225,67.91,388.935,8.219999999999999
75%,279.5,139.08749999999998,31.99,83.0,3.09,51.0025,91.985,592.1575,12.375
max,365.0,187.49,38.99,100.0,8.23,126.18,663.85,1168.94,26.91
