,id,aqi,temperature,humidity,wind_speed,pm2_5,pm10,co,no2
count,558.0,558.0,558.0,558.0,558.0,558.0,558.0,558.0,558.0
mean,269.22222222222223,109.15410394265233,29.567275985663084,76.76344086021506,2.3490143369175627,40.75507168458782,67.49939068100359,474.47143369175626,8.972491039426522
std,149.14519117647484,34.9653685065248,3.143962799029976,11.874627401774196,1.2382543729275322,19.263623552299045,40.082980328511695,216.06180568748252,5.487981161649495
min,1.0,2.12,22.99,46.0,0.0,0.51,2.78,18.08,0.0
25%,143.25,81.02250000000001,26.99,70.0,1.54,26.520000000000003,44.1825,298.7125,4.2825
50%,274.5,104.605,28.99,79.0,2.06,37.07,62.489999999999995,458.365,8.184999999999999
75%,398.0,143.93,31.99,84.0,3.09,53.08,82.815,624.3475,12.5075
max,516.0,187.49,38.99,100.0,8.23,126.18,663.85,1179.69,26.91
