,id,aqi,temperature,humidity,wind_speed,pm2_5,pm10,co,no2
count,1481.0,1481.0,1481.0,1481.0,1481.0,1481.0,1481.0,1481.0,1481.0
mean,646.8008102633356,178.47459149223496,24.181762322754896,68.02160702228224,1.725766374071573,113.54925725860906,-13503037630.034695,816.4683524645511,11.239020931802834
std,353.7818558276506,95.73408692260013,7.7596210159413666,17.914046062647415,1.235170891767019,103.52106108728384,367322256824.90826,564.0240977921571,6.724664348116702
min,1.0,2.12,2.99,20.0,0.0,0.51,-9998999486464.0,18.08,0.0
25%,358.0,105.97,17.99,55.0,1.03,37.61,69.68,403.87,5.91
50%,649.0,159.29,26.28,71.0,2.06,71.61,114.02,640.97,10.9
75%,926.0,208.7,29.99,82.0,2.06,158.27,238.94,1068.75,15.65
max,1294.0,493.9,38.99,100.0,8.84,491.16,663.85,3066.3,33.91
