,id,aqi,temperature,humidity,wind_speed,pm2_5,pm10,co,no2
count,1403.0,1403.0,1403.0,1403.0,1403.0,1403.0,1403.0,1403.0,1403.0
mean,613.1625089094797,171.20484675694942,24.96148253741982,67.38061297220243,1.742287954383464,105.44080541696366,-14253741093.45187,756.0597291518174,10.756229508196721
std,332.55865908406196,91.13262665775699,7.177133332952262,17.984593832385148,1.2534905773227116,97.97564805227059,377387724245.0156,495.5914791760255,6.269914848458272
min,1.0,2.12,6.99,20.0,0.0,0.51,-9998999486464.0,18.08,0.0
25%,339.5,103.095,19.99,55.0,1.03,36.405,67.07,391.115,5.720000000000001
50%,623.0,156.92,26.99,70.0,2.06,67.02,108.85,623.35,10.53
75%,885.5,193.38,29.99,82.0,2.06,137.57999999999998,219.99,952.07,15.03
max,1212.0,493.9,38.99,100.0,8.84,491.16,663.85,2794.89,33.91
