,id,aqi,temperature,humidity,wind_speed,pm2_5,pm10,co,no2
count,1458.0,1458.0,1458.0,1458.0,1458.0,1458.0,1458.0,1458.0,1458.0
mean,636.8086419753087,175.2050342935528,24.439245541838137,67.79561042524006,1.7286419753086417,109.8877366255144,-13716048517.893585,795.515582990398,11.09579561042524
std,347.4231838001112,92.49970162577148,7.5349812335198445,17.913639621620412,1.242911517318946,99.66703091990381,370206204889.11285,538.4421284473008,6.597695284411966
min,1.0,2.12,6.99,20.0,0.0,0.51,-9998999486464.0,18.08,0.0
25%,352.25,105.16,18.99,55.0,1.03,37.26,68.675,401.39,5.8525
50%,642.5,158.55,26.99,71.0,2.06,70.16499999999999,112.07499999999999,634.56,10.815000000000001
75%,911.0,199.16500000000002,29.99,82.0,2.06,148.77749999999997,232.92000000000002,1037.2625,15.4225
max,1267.0,493.9,38.99,100.0,8.84,491.16,663.85,2839.26,33.91
