,id,aqi,temperature,humidity,wind_speed,pm2_5,pm10,co,no2
count,585.0,585.0,585.0,585.0,585.0,585.0,585.0,585.0,585.0
mean,281.03760683760686,107.92422222222221,29.670547008547015,76.15384615384616,2.316273504273504,40.11528205128205,67.59422222222221,466.83784615384616,8.823162393162393
std,155.26442961558197,34.75623096475206,3.177047507459222,12.220025800238009,1.2255105703110172,19.092066073356765,39.38103419888589,214.8820987809766,5.458547753572864
min,1.0,2.12,22.99,37.0,0.0,0.51,2.78,18.08,0.0
25%,149.0,78.72,27.18,66.0,1.54,25.35,44.75,296.04,4.23
50%,288.0,102.45,28.99,79.0,2.06,36.17,62.63,438.95,8.09
75%,417.0,141.53,31.99,84.0,3.09,52.2,82.26,620.33,12.34
max,533.0,187.49,38.99,100.0,8.23,126.18,663.85,1179.69,26.91
