,id,aqi,temperature,humidity,wind_speed,pm2_5,pm10,co,no2
count,395.0,395.0,395.0,395.0,395.0,395.0,395.0,395.0,395.0
mean,195.42784810126582,109.21762025316455,30.281443037974682,75.17215189873417,2.357873417721519,40.77050632911392,73.97113924050633,436.7401265822785,9.017848101265823
std,110.0350508723674,34.651299378770084,2.872426624717626,11.20826083028997,1.1982614454076674,19.158064735589317,43.85624387554668,199.66238429984418,5.558918354892487
min,1.0,2.12,22.99,46.0,0.0,0.51,2.78,18.08,0.0
25%,99.5,83.285,27.99,66.0,1.54,27.52,49.285,273.27,4.07
50%,200.0,104.59,29.99,78.0,2.06,37.17,68.69,395.16,8.28
75%,290.5,142.515,31.99,83.0,3.09,52.614999999999995,91.24000000000001,601.77,12.62
max,379.0,187.49,38.99,100.0,8.23,126.18,663.85,1168.94,26.91
