,id,aqi,temperature,humidity,wind_speed,pm2_5,pm10,co,no2
count,806.0,806.0,806.0,806.0,806.0,806.0,806.0,806.0,806.0
mean,373.0,115.540111662531,29.637630272952855,70.60173697270471,2.150533498759305,45.26266749379653,-24811413040.578785,470.0674565756824,8.496079404466501
std,201.33944021561052,36.424673643694156,3.51852717878555,15.705407446676906,1.2386278074790225,22.22011696568687,497776176159.89606,204.41853548248127,5.176472240656118
min,1.0,2.12,19.99,27.0,0.0,0.51,-9998999486464.0,18.08,0.0
25%,204.25,85.9225,26.99,61.0,1.03,28.765,51.315,308.08250000000004,4.1925
50%,385.0,110.21,28.99,74.0,2.06,39.285,73.66499999999999,455.555,7.965
75%,548.75,153.9625,31.99,83.0,3.09,61.36,96.86,619.54,11.9475
max,702.0,187.49,38.99,100.0,8.84,126.18,663.85,1179.69,26.91
