,id,aqi,temperature,humidity,wind_speed,pm2_5,pm10,co,no2
count,964.0,964.0,964.0,964.0,964.0,964.0,964.0,964.0,964.0
mean,435.8495850622407,124.18025933609957,28.850985477178426,68.45850622406638,2.020259336099585,52.740342323651454,-20744812124.717384,508.5496784232365,8.721348547717843
std,232.86905565545405,39.47840530197602,4.052530735503189,16.624661717026566,1.2504139439901492,29.03280149780661,455205414737.38965,228.0103592653089,5.121629661676897
min,1.0,2.12,14.99,27.0,0.0,0.51,-9998999486464.0,18.08,0.0
25%,241.75,90.375,26.99,57.0,1.03,30.845,55.495,324.3675,4.625
50%,452.0,122.64500000000001,28.99,70.0,2.06,44.375,80.05,496.49,8.31
75%,637.25,158.55,31.99,83.0,2.57,70.1475,111.98,656.4125,12.0825
max,815.0,232.49,38.99,100.0,8.84,182.28,663.85,1324.55,26.91
