,id,aqi,temperature,humidity,wind_speed,pm2_5,pm10,co,no2
count,283.0,283.0,283.0,283.0,283.0,283.0,283.0,283.0,283.0
mean,142.41696113074204,105.20978798586572,30.244840989399297,75.60070671378092,2.427597173144876,38.84628975265017,72.9356890459364,422.2074558303887,8.706466431095407
std,81.47798725014852,35.59084008319038,2.9312456310932524,10.854269980231239,1.1868451028453582,19.08777414998543,48.91417777110776,202.7538629461928,5.469885404180058
min,1.0,2.12,22.99,46.0,0.0,0.51,2.78,18.08,0.0
25%,71.5,76.775,27.99,68.0,2.06,24.545,48.09,264.87,3.9800000000000004
50%,145.0,101.57,29.99,78.0,2.06,35.86,65.45,368.78,8.03
75%,212.5,135.66,32.99,83.0,3.09,50.355000000000004,86.575,584.59,12.22
max,278.0,183.63,38.99,100.0,8.23,118.7,663.85,1168.94,26.91
