,id,aqi,temperature,humidity,wind_speed,pm2_5,pm10,co,no2
count,1046.0,1046.0,1046.0,1046.0,1046.0,1046.0,1046.0,1046.0,1046.0
mean,468.16539196940727,129.28304971319312,28.1228776290631,67.26673040152964,1.942131931166348,58.39506692160612,-19118545765.04587,537.076567877629,9.126759082217973
std,249.57635758471375,42.18018980552437,4.796978199376991,17.27610242621647,1.2629928554478997,35.170477930252915,437016471067.9604,249.76917451934557,5.368401142436508
min,1.0,2.12,11.99,20.0,0.0,0.51,-9998999486464.0,18.08,0.0
25%,260.25,92.71,25.99,55.0,1.03,32.095,57.504999999999995,337.2925,4.8325
50%,486.5,134.625,28.99,70.0,2.06,49.504999999999995,84.815,522.075,8.8
75%,683.0,162.1775,30.99,82.0,2.3075,77.1525,121.555,685.1125000000001,12.727500000000001
max,880.0,249.94,38.99,100.0,8.84,199.88,663.85,1324.55,26.91
