,id,aqi,temperature,humidity,wind_speed,pm2_5,pm10,co,no2
count,1136.0,1136.0,1136.0,1136.0,1136.0,1136.0,1136.0,1136.0,1136.0
mean,503.36795774647885,138.32043133802816,27.315695422535214,66.79841549295774,1.869867957746479,68.93182218309859,-17603872223.196472,578.0051408450705,9.463741197183099
std,267.94369221360483,52.58721448678359,5.507019105455845,17.388913302940168,1.2775865463562692,51.24659766360325,419363834594.533,293.2504320540586,5.4860658412034535
min,1.0,2.12,9.99,20.0,0.0,0.51,-9998999486464.0,18.08,0.0
25%,279.0,95.4375,24.99,55.0,1.03,33.33,60.6875,348.27250000000004,5.077500000000001
50%,523.5,149.42000000000002,27.99,70.0,2.06,55.18,90.61500000000001,552.5550000000001,9.225000000000001
75%,732.25,166.76749999999998,30.99,79.0,2.06,86.035,137.815,730.3824999999999,13.305
max,947.0,363.54,38.99,100.0,8.84,313.61,663.85,1714.68,26.91
