,id,aqi,temperature,humidity,wind_speed,pm2_5,pm10,co,no2
count,908.0,908.0,908.0,908.0,908.0,908.0,908.0,908.0,908.0
mean,413.8204845814978,121.88071585903084,29.193733480176217,69.14757709251101,2.033160792951542,50.930848017621145,-22024227859.739964,500.0253744493392,8.612907488986785
std,221.81860776502123,39.1297557667666,3.784622580182019,16.349687010669705,1.2500769672111158,28.043196040274754,469017529729.0475,225.4139642285037,5.106312210661949
min,1.0,2.12,18.99,27.0,0.0,0.51,-9998999486464.0,18.08,0.0
25%,227.75,89.1075,26.99,58.0,1.03,30.259999999999998,54.425000000000004,318.55,4.48
50%,431.5,118.25,28.99,70.0,2.06,42.55,78.31,486.22,8.145
75%,607.25,156.92749999999998,31.99,83.0,2.57,67.04249999999999,108.385,644.4775,11.95
max,772.0,232.49,38.99,100.0,8.84,182.28,663.85,1324.55,26.91
