,id,aqi,temperature,humidity,wind_speed,pm2_5,pm10,co,no2
count,716.0,716.0,716.0,716.0,716.0,716.0,716.0,716.0,716.0
mean,336.2374301675978,111.039343575419,30.01356145251397,72.55446927374301,2.2076675977653633,42.131829608938546,-27930166090.907326,460.2128351955308,8.528743016759776
std,182.94547178319044,34.70739862664218,3.279904317702157,14.53911414555633,1.1950203233712409,20.08329589112919,528093859570.86414,205.27662325035772,5.290273416693862
min,1.0,2.12,22.99,31.0,0.0,0.51,-9998999486464.0,18.08,0.0
25%,181.75,84.14,27.99,62.0,1.54,27.875,48.800000000000004,298.8775,4.06
50%,345.5,105.86500000000001,29.99,74.0,2.06,37.515,70.11,437.805,7.9350000000000005
75%,499.25,146.6475,31.99,83.0,3.09,54.22,90.5825,607.18,12.015
max,632.0,187.49,38.99,100.0,8.23,126.18,663.85,1179.69,26.91
