,id,aqi,temperature,humidity,wind_speed,pm2_5,pm10,co,no2
count,835.0,835.0,835.0,835.0,835.0,835.0,835.0,835.0,835.0
mean,384.77125748502993,117.23726946107784,29.537293413173654,70.07784431137725,2.115317365269461,46.62179640718563,-23949699290.303806,476.1186467065868,8.468610778443114
std,207.3279683570095,36.98135937491038,3.578324682544831,16.033161831686716,1.242667988681518,23.261885477185725,489066349042.16943,206.97956302156516,5.124883175658961
min,1.0,2.12,19.99,27.0,0.0,0.51,-9998999486464.0,18.08,0.0
25%,209.5,86.825,26.99,59.0,1.03,29.185000000000002,52.355000000000004,311.57500000000005,4.255
50%,398.0,112.08,28.99,74.0,2.06,40.01,74.41,465.98,7.97
75%,564.0,154.56,31.99,83.0,3.09,62.575,100.4,626.335,11.875
max,722.0,187.49,38.99,100.0,8.84,126.18,663.85,1179.69,26.91
