,id,aqi,temperature,humidity,wind_speed,pm2_5,pm10,co,no2
count,938.0,938.0,938.0,938.0,938.0,938.0,938.0,938.0,938.0
mean,425.62473347547973,123.55310234541578,29.033699360341153,68.91257995735607,2.0120575692963754,52.47639658848614,-21319828242.36501,507.09884861407244,8.673859275053305
std,227.7086689027717,39.67430048760216,3.8889593145031562,16.398806199766028,1.2484431837378984,29.25739277947316,461464454137.3635,229.2966236638608,5.107686804459389
min,1.0,2.12,17.99,27.0,0.0,0.51,-9998999486464.0,18.08,0.0
25%,235.25,89.735,26.99,58.0,1.03,30.575,55.230000000000004,320.1925,4.57
50%,442.5,121.265,28.99,70.0,2.06,43.86,79.56,493.29999999999995,8.245000000000001
75%,623.75,158.5225,31.99,83.0,2.57,70.13,111.03,653.7,12.024999999999999
max,793.0,232.49,38.99,100.0,8.84,182.28,663.85,1324.55,26.91
