,id,aqi,temperature,humidity,wind_speed,pm2_5,pm10,co,no2
count,774.0,774.0,774.0,774.0,774.0,774.0,774.0,774.0,774.0
mean,359.95219638242895,113.55815245478037,29.753552971576227,71.33333333333333,2.2008527131782945,43.819134366925056,-25837207900.32871,464.96863049095606,8.451757105943152
std,194.72931832242375,35.75775814566894,3.4535789279830795,15.243686793666072,1.2213487111665444,21.170260112271873,507948832879.98706,204.3543400530317,5.206708853939999
min,1.0,2.12,19.99,29.0,0.0,0.51,-9998999486464.0,18.08,0.0
25%,196.25,84.685,27.1825,62.0,1.205,28.1575,49.495,303.11,4.092499999999999
50%,372.0,108.36,28.99,74.0,2.06,38.545,72.13499999999999,442.765,7.885
75%,530.0,151.9475,31.99,83.0,3.09,57.5125,93.86500000000001,614.9425,11.9475
max,674.0,187.49,38.99,100.0,8.84,126.18,663.85,1179.69,26.91
