,id,aqi,temperature,humidity,wind_speed,pm2_5,pm10,co,no2
count,912.0,912.0,912.0,912.0,912.0,912.0,912.0,912.0,912.0
mean,415.4002192982456,122.24856359649124,29.15775219298246,69.19188596491227,2.0287609649122804,51.38461622807017,-21927630368.082703,502.6857894736842,8.63236842105263
std,222.60855692393918,39.4381676144328,3.8162111732692825,16.33477363813638,1.250023709935553,28.810829922418563,467988986253.2743,228.53619812441767,5.105203484400557
min,1.0,2.12,18.99,27.0,0.0,0.51,-9998999486464.0,18.08,0.0
25%,228.75,89.19,26.99,58.0,1.03,30.2775,54.4875,319.1925,4.5325
50%,433.0,118.505,28.99,70.5,2.06,42.84,78.53999999999999,487.78499999999997,8.17
75%,610.25,157.31,31.99,83.0,2.57,68.1925,108.7525,646.995,11.959999999999999
max,775.0,232.49,38.99,100.0,8.84,182.28,663.85,1324.55,26.91
