,id,aqi,temperature,humidity,wind_speed,pm2_5,pm10,co,no2
count,656.0,656.0,656.0,656.0,656.0,656.0,656.0,656.0,656.0
mean,311.1859756097561,107.41588414634145,29.88504573170732,74.13719512195122,2.254176829268293,39.69853658536585,69.65772865853658,455.32667682926825,8.630457317073171
std,170.3424629188072,33.230683234395364,3.2457151080757107,13.570604313501482,1.2100429337457819,18.189757045287834,37.964080921005355,209.34537232775543,5.384015508581737
min,1.0,2.12,22.99,32.0,0.0,0.51,2.78,18.08,0.0
25%,166.75,81.475,27.99,66.0,1.54,26.630000000000003,46.5675,291.76,4.05
50%,321.0,102.22,28.99,78.0,2.06,36.010000000000005,66.22,425.75,7.984999999999999
75%,460.25,135.1475,31.99,83.0,3.09,49.795,85.775,603.9300000000001,12.115
max,586.0,187.49,38.99,100.0,8.23,126.18,663.85,1179.69,26.91
