,id,aqi,temperature,humidity,wind_speed,pm2_5,pm10,co,no2
count,867.0,867.0,867.0,867.0,867.0,867.0,867.0,867.0,867.0
mean,397.62053056516726,119.02883506343714,29.398292964244522,69.48212226066897,2.0817877739331023,48.00584775086506,-23065742679.824657,485.7934602076125,8.571453287197231
std,213.80144507273943,37.46818217409532,3.667699953474232,16.336405486538368,1.243504104686547,24.127807518959187,479966695298.3393,213.8868467490756,5.147387369412085
min,1.0,2.12,18.99,27.0,0.0,0.51,-9998999486464.0,18.08,0.0
25%,217.5,87.765,26.99,58.0,1.03,29.63,53.55,312.90999999999997,4.35
50%,412.0,113.78,28.99,73.0,2.06,40.74,76.48,474.16,8.09
75%,580.5,155.62,31.99,83.0,2.57,64.455,103.43,633.675,11.95
max,744.0,187.49,38.99,100.0,8.84,126.18,663.85,1179.69,26.91
