,id,aqi,temperature,humidity,wind_speed,pm2_5,pm10,co,no2
count,541.0,541.0,541.0,541.0,541.0,541.0,541.0,541.0,541.0
mean,261.6728280961183,110.20981515711645,29.52256931608133,77.17744916820702,2.3609611829944552,41.28857670979668,67.40964879852125,482.2786506469501,9.115434380776339
std,145.1548285170076,34.97959896911118,3.1494196786576443,11.659280588937639,1.2446386506583635,19.318882636007366,40.65914471494086,214.4865605766261,5.4879953877330045
min,1.0,2.12,22.99,46.0,0.0,0.51,2.78,18.08,0.0
25%,139.0,83.39,26.99,70.0,1.54,27.54,43.6,312.16,4.57
50%,268.0,106.32,28.99,79.0,2.06,37.86,62.28,474.16,8.41
75%,387.0,144.63,31.99,84.0,3.09,53.41,83.38,629.09,12.7
max,502.0,187.49,38.99,100.0,8.23,126.18,663.85,1179.69,26.91
