,id,aqi,temperature,humidity,wind_speed,pm2_5,pm10,co,no2
count,333.0,333.0,333.0,333.0,333.0,333.0,333.0,333.0,333.0
mean,166.32732732732734,104.51063063063062,30.27564564564565,75.49549549549549,2.3966366366366367,38.26831831831832,76.11123123123123,407.70438438438435,8.728438438438438
std,94.40034780990209,33.51932343105699,2.924352047574158,11.225675610017202,1.1478253837345123,17.876581812077788,46.44740520834223,196.82746772235924,5.516149343362367
min,1.0,2.12,22.99,46.0,0.0,0.51,2.78,18.08,0.0
25%,84.0,78.61,27.99,66.0,2.06,25.28,51.8,246.32,3.68
50%,169.0,101.17,29.99,78.0,2.06,35.73,70.61,363.12,8.03
75%,250.0,128.97,32.99,83.0,3.09,47.1,93.47,558.58,12.36
max,325.0,183.63,38.99,100.0,8.23,118.7,663.85,1168.94,26.91
