,id,aqi,temperature,humidity,wind_speed,pm2_5,pm10,co,no2
count,679.0,679.0,679.0,679.0,679.0,679.0,679.0,679.0,679.0
mean,320.7879234167894,108.16325478645066,29.945832106038292,73.39322533136966,2.2370839469808543,40.05053019145802,70.83945508100147,455.3151104565537,8.613991163475701
std,175.11878590109902,33.27496313362545,3.2737642864199135,14.140884512757085,1.2083247540423874,18.189534593964495,38.028737427787334,207.82240807379512,5.358047084562973
min,1.0,2.12,22.99,31.0,0.0,0.51,2.78,18.08,0.0
25%,172.5,83.015,27.99,65.0,1.54,27.39,47.385,292.125,4.055
50%,330.0,102.97,28.99,75.0,2.06,36.4,67.33,429.32,8.03
75%,475.5,139.105,31.99,83.0,3.09,51.015,87.095,602.51,12.13
max,603.0,187.49,38.99,100.0,8.23,126.18,663.85,1179.69,26.91
