,id,aqi,temperature,humidity,wind_speed,pm2_5,pm10,co,no2
count,962.0,962.0,962.0,962.0,962.0,962.0,962.0,962.0,962.0
mean,435.06237006237006,124.11284823284824,28.860051975051977,68.52702702702703,2.019106029106029,52.712037422037426,-20787940632.488464,508.1048440748441,8.704106029106027
std,232.46901767945204,39.49153778078538,4.050248729839996,16.57021754747199,1.2512374857596233,29.055444898654436,455677862654.04456,227.95159303854447,5.107744286608617
min,1.0,2.12,14.99,27.0,0.0,0.51,-9998999486464.0,18.08,0.0
25%,241.25,90.345,26.99,57.0,1.03,30.835,55.485,324.3225,4.615
50%,451.5,122.535,28.99,70.0,2.06,44.29,79.96,495.935,8.29
75%,635.75,158.54500000000002,31.99,83.0,2.57,70.13,111.87,655.8275,12.07
max,813.0,232.49,38.99,100.0,8.84,182.28,663.85,1324.55,26.91
