,id,aqi,temperature,humidity,wind_speed,pm2_5,pm10,co,no2
count,313.0,313.0,313.0,313.0,313.0,313.0,313.0,313.0,313.0
mean,156.79233226837061,104.96105431309904,30.313067092651764,75.33226837060703,2.4231309904153355,38.56907348242811,76.07076677316294,411.08134185303516,8.661437699680512
std,89.2294561142975,34.17380092582905,2.93831412918466,11.156440604125825,1.1606979161945243,18.27868694010044,47.6335815747771,199.69816926664618,5.525418667579473
min,1.0,2.12,22.99,46.0,0.0,0.51,2.78,18.08,0.0
25%,79.0,77.9,27.99,66.0,2.06,25.02,51.03,246.32,3.66
50%,159.0,101.89,29.99,78.0,2.06,35.9,70.15,366.33,7.89
75%,235.0,132.12,32.99,83.0,3.09,48.41,94.23,561.75,12.34
max,305.0,183.63,38.99,100.0,8.23,118.7,663.85,1168.94,26.91
