,id,aqi,temperature,humidity,wind_speed,pm2_5,pm10,co,no2
count,689.0,689.0,689.0,689.0,689.0,689.0,689.0,689.0,689.0
mean,324.98548621190133,109.07711175616836,29.962568940493473,73.13933236574746,2.2263134978229315,40.84055152394775,-29024671877.700466,457.0059216255442,8.587460087082729
std,177.25421016608297,33.8876449486146,3.2763186039274155,14.303023753986604,1.2061492374377285,19.24046396959145,538326900586.2789,207.21736353137737,5.337168138906068
min,1.0,2.12,22.99,31.0,0.0,0.51,-9998999486464.0,18.08,0.0
25%,175.0,83.39,27.99,63.0,1.54,27.54,47.41,294.04,4.06
50%,335.0,103.88,29.7,75.0,2.06,36.77,67.86,431.75,7.97
75%,480.0,140.89,31.99,83.0,3.09,51.92,87.91,605.19,12.11
max,613.0,187.49,38.99,100.0,8.23,126.18,663.85,1179.69,26.91
