,id,aqi,temperature,humidity,wind_speed,pm2_5,pm10,co,no2
count,1298.0,1298.0,1298.0,1298.0,1298.0,1298.0,1298.0,1298.0,1298.0
mean,568.753466872111,160.38044684129432,25.876741140215724,66.37981510015409,1.7840677966101697,93.49500770416024,-15406778727.274452,693.1897072419106,10.345100154083203
std,305.13840169031675,82.51800107409957,6.59397831153792,17.6093072913482,1.267247066986075,88.00174655189203,392343724413.40784,444.24694401154824,6.07184509694121
min,1.0,2.12,7.99,20.0,0.0,0.51,-9998999486464.0,18.08,0.0
25%,317.25,99.5925,21.99,54.0,1.03,35.31,64.35,375.1025,5.4475
50%,579.5,154.765,26.99,70.0,2.06,62.86,101.35499999999999,595.5699999999999,9.995000000000001
75%,823.75,180.10500000000002,30.6725,79.0,2.06,111.86749999999999,186.505,851.5725,14.4975
max,1111.0,493.9,38.99,100.0,8.84,491.16,663.85,2794.89,28.32
