,id,aqi,temperature,humidity,wind_speed,pm2_5,pm10,co,no2
count,813.0,813.0,813.0,813.0,813.0,813.0,813.0,813.0,813.0
mean,375.85239852398524,115.99220172201723,29.61360393603936,70.45756457564576,2.1446863468634687,45.63509225092251,-24597784636.96918,471.3094587945879,8.487958179581796
std,202.79573153507425,36.60463916059663,3.5304485788725652,15.790647992154806,1.2368376194233224,22.56732856082042,495631252705.028,204.63392810570963,5.164684336795571
min,1.0,2.12,19.99,27.0,0.0,0.51,-9998999486464.0,18.08,0.0
25%,205.0,86.14,26.99,60.0,1.03,28.84,51.8,309.17,4.23
50%,388.0,111.27,28.99,74.0,2.06,39.7,73.83,456.93,7.97
75%,554.0,154.15,31.99,83.0,3.09,61.71,97.31,620.77,11.94
max,707.0,187.49,38.99,100.0,8.84,126.18,663.85,1179.69,26.91
