,id,aqi,temperature,humidity,wind_speed,pm2_5,pm10,co,no2
count,447.0,447.0,447.0,447.0,447.0,447.0,447.0,447.0,447.0
mean,219.34228187919464,110.43467561521254,29.974608501118567,76.1565995525727,2.34841163310962,41.57993288590605,71.69348993288591,466.61239373601785,9.315659955257269
std,122.762162329091,34.92474077533196,2.996363231559764,11.350020054042842,1.1882407505633463,19.683521613005535,42.66256436919131,215.75112187944526,5.588401221009482
min,1.0,2.12,22.99,46.0,0.0,0.51,2.78,18.08,0.0
25%,113.5,83.63,27.99,70.0,1.54,27.68,46.125,293.17,4.785
50%,224.0,105.78,29.99,79.0,2.06,37.51,66.26,441.51,8.82
75%,327.5,145.45499999999998,31.99,84.0,3.09,53.685,89.35,617.37,13.175
max,424.0,187.49,38.99,100.0,8.23,126.18,663.85,1179.69,26.91
