,id,aqi,temperature,humidity,wind_speed,pm2_5,pm10,co,no2
count,1362.0,1362.0,1362.0,1362.0,1362.0,1362.0,1362.0,1362.0,1362.0
mean,595.7298091042585,166.3574082232012,25.351960352422914,66.79221732745962,1.7641189427312776,100.07237151248165,-14682818478.979143,726.5219823788547,10.56957415565345
std,321.7390801360808,87.44724730763879,6.899321153386028,17.831816900633424,1.2569236299627027,93.74774608562707,383021701937.1797,466.6778838102941,6.171211084946547
min,1.0,2.12,7.99,20.0,0.0,0.51,-9998999486464.0,18.08,0.0
25%,331.25,102.005,20.99,55.0,1.03,35.9475,66.0125,384.075,5.6325
50%,607.5,156.135,26.99,70.0,2.06,65.455,106.50999999999999,610.3199999999999,10.31
75%,861.0,186.9025,29.99,82.0,2.06,125.035,205.845,908.4925000000001,14.9375
max,1172.0,493.9,38.99,100.0,8.84,491.16,663.85,2794.89,28.32
