,id,aqi,temperature,humidity,wind_speed,pm2_5,pm10,co,no2
count,865.0,865.0,865.0,865.0,865.0,865.0,865.0,865.0,865.0
mean,396.8208092485549,118.94600000000001,29.39576878612717,69.55491329479769,2.083028901734104,47.97126011560694,-23119073877.000595,486.05813872832374,8.579132947976879
std,213.39939630713994,37.47169591344419,3.6714871585963005,16.284779078975504,1.2444273301204694,24.144316847366206,480520606765.3319,214.03871200484667,5.147628842139334
min,1.0,2.12,18.99,27.0,0.0,0.51,-9998999486464.0,18.08,0.0
25%,217.0,87.66,26.99,58.0,1.03,29.63,53.54,312.92,4.35
50%,411.0,113.73,28.99,73.0,2.06,40.69,76.36,474.88,8.09
75%,579.0,155.62,31.99,83.0,2.57,64.44,103.35,634.06,11.95
max,742.0,187.49,38.99,100.0,8.84,126.18,663.85,1179.69,26.91
