,id,aqi,temperature,humidity,wind_speed,pm2_5,pm10,co,no2
count,443.0,443.0,443.0,443.0,443.0,443.0,443.0,443.0,443.0
mean,217.5079006772009,110.34654627539504,29.98801354401806,76.04063205417607,2.349887133182844,41.56623024830701,71.92270880361174,465.0019187358916,9.322844243792323
std,121.77864276368693,34.98892348374821,3.004663815196317,11.325028205395224,1.1928128419496677,19.746789899181877,42.77442353714863,216.00352706746745,5.599211243792128
min,1.0,2.12,22.99,46.0,0.0,0.51,2.78,18.08,0.0
25%,112.0,83.525,27.99,68.0,1.54,27.615000000000002,46.445,291.745,4.785
50%,222.0,105.75,29.99,79.0,2.06,37.44,66.34,438.28,8.82
75%,324.5,145.45499999999998,31.99,84.0,3.09,53.685,89.515,612.835,13.175
max,420.0,187.49,38.99,100.0,8.23,126.18,663.85,1179.69,26.91
