,id,aqi,temperature,humidity,wind_speed,pm2_5,pm10,co,no2
count,973.0,973.0,973.0,973.0,973.0,973.0,973.0,973.0,973.0
mean,439.40184994861255,124.55651593011304,28.78135662898253,68.25385405960945,2.015334018499486,53.01412127440904,-20552927941.383087,512.4718602261048,8.802497430626927
std,234.6889892683868,39.494829331429294,4.116691259142037,16.771101751468308,1.25012642012734,29.072214011749228,453097437751.79504,231.9384015578598,5.209878559049609
min,1.0,2.12,14.99,21.0,0.0,0.51,-9998999486464.0,18.08,0.0
25%,244.0,90.54,26.99,57.0,1.03,30.91,56.33,325.38,4.65
50%,456.0,123.83,28.99,70.0,2.06,44.79,80.67,499.34,8.38
75%,643.0,158.95,31.99,83.0,2.57,70.95,112.78,659.73,12.13
max,823.0,232.49,38.99,100.0,8.84,182.28,663.85,1324.55,26.91
