,id,aqi,temperature,humidity,wind_speed,pm2_5,pm10,co,no2
count,378.0,378.0,378.0,378.0,378.0,378.0,378.0,378.0,378.0
mean,187.505291005291,107.29383597883597,30.223121693121694,75.4074074074074,2.3998941798941793,39.74994708994709,73.92949735449736,427.83613756613755,8.865396825396825
std,105.78536010360463,34.086274295173574,2.8790089642881007,11.160186347385961,1.198996481111058,18.658322397583156,44.68043451141271,195.86920014221832,5.389599471955834
min,1.0,2.12,22.99,46.0,0.0,0.51,2.78,18.08,0.0
25%,95.25,81.525,27.99,66.0,1.54,26.88,48.8675,268.185,4.035
50%,191.5,102.41499999999999,29.99,78.0,2.06,36.13,67.91,387.88,8.245000000000001
75%,278.75,137.93,31.99,83.0,3.09,50.88,91.8825,590.6325,12.405
max,364.0,187.49,38.99,100.0,8.23,126.18,663.85,1168.94,26.91
