,id,aqi,temperature,humidity,wind_speed,pm2_5,pm10,co,no2
count,845.0,845.0,845.0,845.0,845.0,845.0,845.0,845.0,845.0
mean,388.8118343195266,117.84682840236685,29.494130177514794,69.85680473372781,2.1036923076923078,47.13359763313609,-23666270894.844864,479.9571834319526,8.513846153846155
std,209.38120601726092,37.19782217132126,3.602136853583397,16.140661077389097,1.2433415456149337,23.68752595975007,486167310006.4365,210.29857851847612,5.145363739278174
min,1.0,2.12,19.99,27.0,0.0,0.51,-9998999486464.0,18.08,0.0
25%,212.0,87.17,26.99,59.0,1.03,29.39,52.73,312.16,4.3
50%,402.0,112.94,28.99,73.0,2.06,40.35,75.28,470.89,8.01
75%,568.0,155.02,31.99,83.0,2.95,63.33,101.36,629.09,11.89
max,729.0,187.49,38.99,100.0,8.84,126.18,663.85,1179.69,26.91
