,id,aqi,temperature,humidity,wind_speed,pm2_5,pm10,co,no2
count,753.0,753.0,753.0,753.0,753.0,753.0,753.0,753.0,753.0
mean,351.4249667994688,112.30788844621513,29.832496679946882,72.01062416998673,2.2256839309428953,43.03147410358565,-26557767487.259655,462.37261620185916,8.438579017264276
std,190.51046353482937,35.41744647135602,3.4181050932516555,14.704713883009433,1.2195487005225454,20.843604441060705,514973764120.9523,204.82646300726523,5.22964938457348
min,1.0,2.12,19.99,31.0,0.0,0.51,-9998999486464.0,18.08,0.0
25%,191.0,84.35,27.99,62.0,1.54,27.97,49.04,299.41,4.06
50%,363.0,107.53,28.99,74.0,2.06,38.19,70.89,438.95,7.85
75%,520.0,151.26,31.99,83.0,3.09,56.43,92.27,610.9,11.94
max,657.0,187.49,38.99,100.0,8.84,126.18,663.85,1179.69,26.91
