,id,aqi,temperature,humidity,wind_speed,pm2_5,pm10,co,no2
count,791.0,791.0,791.0,791.0,791.0,791.0,791.0,791.0,791.0
mean,366.8748419721871,114.48773704171934,29.678988621997473,70.94310998735777,2.178293299620733,44.33271807838179,-25281920243.736202,466.305600505689,8.470922882427308
std,198.21337629808858,35.93356257460311,3.504696955226179,15.514486490864892,1.2285502395431902,21.26717436302971,502467825844.5465,203.30048681284921,5.18442441250541
min,1.0,2.12,19.99,27.0,0.0,0.51,-9998999486464.0,18.08,0.0
25%,200.5,85.44,26.99,62.0,1.03,28.54,50.2,304.735,4.140000000000001
50%,379.0,109.57,28.99,74.0,2.06,38.99,72.89,448.95,7.94
75%,540.5,152.725,31.99,83.0,3.09,58.86,95.47999999999999,615.1,11.945
max,689.0,187.49,38.99,100.0,8.84,126.18,663.85,1179.69,26.91
