,id,aqi,temperature,humidity,wind_speed,pm2_5,pm10,co,no2
count,1420.0,1420.0,1420.0,1420.0,1420.0,1420.0,1420.0,1420.0,1420.0
mean,620.4394366197183,172.32407042253521,24.801267605633804,67.55915492957746,1.7404647887323943,106.70809154929577,-14083097711.263674,770.4805070422535,10.869105633802816
std,337.11111522902644,91.28476557678178,7.289794352671088,18.038953055354234,1.2507942207620084,98.2311303848913,375123515190.9057,513.756724806348,6.378042581936429
min,1.0,2.12,6.99,20.0,0.0,0.51,-9998999486464.0,18.08,0.0
25%,343.0,103.745,19.99,55.0,1.03,36.745000000000005,67.36,394.575,5.79
50%,629.0,157.56,26.99,70.0,2.06,68.225,110.16,627.1500000000001,10.625
75%,894.25,195.2925,29.99,82.0,2.06,141.275,223.46249999999998,984.0925,15.1025
max,1229.0,493.9,38.99,100.0,8.84,491.16,663.85,2839.26,33.91
