,id,aqi,temperature,humidity,wind_speed,pm2_5,pm10,co,no2
count,1281.0,1281.0,1281.0,1281.0,1281.0,1281.0,1281.0,1281.0,1281.0
mean,561.663544106167,156.94121779859486,26.001701795472293,66.36377829820452,1.7944808743169398,89.63634660421545,-15611240278.133562,678.7993052302887,10.26400468384075
std,300.8399958702998,77.3002698597541,6.529305816499912,17.62523225274804,1.2680664660534302,81.7007147617435,394936494001.25476,427.30821825034275,6.04088489197593
min,1.0,2.12,7.99,20.0,0.0,0.51,-9998999486464.0,18.08,0.0
25%,313.0,98.57,21.99,54.0,1.03,34.87,63.72,372.42,5.42
50%,572.0,154.45,27.99,70.0,2.06,62.21,100.37,590.68,9.88
75%,812.0,178.45,30.99,79.0,2.06,108.66,182.01,836.16,14.23
max,1094.0,493.9,38.99,100.0,8.84,491.16,663.85,2794.89,28.32
