,id,aqi,temperature,humidity,wind_speed,pm2_5,pm10,co,no2
count,745.0,745.0,745.0,745.0,745.0,745.0,745.0,745.0,745.0
mean,348.17046979865773,112.24065771812081,29.905932885906044,72.05234899328859,2.2273557046979864,43.00727516778523,-26842951568.44276,461.4229530201342,8.432228187919463
std,188.90787334218257,35.26187769035593,3.354565292544067,14.732697085952289,1.2180196616449048,20.81572036238705,517727634398.239,204.67748733469514,5.248244522327428
min,1.0,2.12,19.99,31.0,0.0,0.51,-9998999486464.0,18.08,0.0
25%,189.0,84.37,27.99,62.0,1.54,28.01,49.06,299.22,4.05
50%,359.0,107.23,28.99,74.0,2.06,38.15,70.88,438.28,7.83
75%,517.0,151.05,31.99,83.0,3.09,55.78,91.89,608.7,11.95
max,651.0,187.49,38.99,100.0,8.84,126.18,663.85,1179.69,26.91
