,id,aqi,temperature,humidity,wind_speed,pm2_5,pm10,co,no2
count,744.0,744.0,744.0,744.0,744.0,744.0,744.0,744.0,744.0
mean,347.76344086021504,112.31028225806452,29.910188172043014,72.07661290322581,2.2219758064516126,43.04278225806451,-26879030804.458717,461.70049731182803,8.434475806451612
std,188.7077695685765,35.23431848323587,3.3548093225077364,14.727704963501488,1.209949108283467,20.80713476803933,518074983571.3923,204.67484462556206,5.251416318033536
min,1.0,2.12,19.99,31.0,0.0,0.51,-9998999486464.0,18.08,0.0
25%,188.75,84.4375,27.99,62.0,1.54,28.025000000000002,49.1425,299.3625,4.05
50%,358.5,107.38,29.07,74.0,2.06,38.17,70.88499999999999,438.615,7.84
75%,516.25,151.0725,31.99,83.0,3.09,55.825,91.9125,608.7225000000001,11.95
max,651.0,187.49,38.99,100.0,8.84,126.18,663.85,1179.69,26.91
