,id,aqi,temperature,humidity,wind_speed,pm2_5,pm10,co,no2
count,509.0,509.0,509.0,509.0,509.0,509.0,509.0,509.0,509.0
mean,247.4106090373281,111.435442043222,29.55801571709234,77.19056974459725,2.3516110019646366,41.95487229862475,69.05119842829076,487.6153831041258,9.3564047151277
std,137.64956920737094,34.825510567265894,3.1605326646250536,11.624921872125412,1.2173338614662863,19.396415800322867,41.07632013609724,217.96448629247993,5.519048781271684
min,1.0,2.12,22.99,46.0,0.0,0.51,2.78,18.08,0.0
25%,131.0,84.25,26.99,70.0,1.54,27.96,44.75,311.1,4.88
50%,254.0,108.07,28.99,79.0,2.06,38.49,63.71,479.41,8.88
75%,367.0,145.91,31.99,84.0,3.09,53.91,85.74,635.71,13.14
max,475.0,187.49,38.99,100.0,8.23,126.18,663.85,1179.69,26.91
