,id,aqi,temperature,humidity,wind_speed,pm2_5,pm10,co,no2
count,1416.0,1416.0,1416.0,1416.0,1416.0,1416.0,1416.0,1416.0,1416.0
mean,618.7245762711865,172.04522598870054,24.843813559322037,67.51200564971751,1.7402895480225988,106.38474576271186,-14122880473.896143,767.8212358757063,10.845247175141244
std,336.0363859912609,91.26208722317564,7.255486190700698,18.041957301071253,1.251733210063909,98.18052273037779,375652602572.4573,512.0236458358924,6.369528681771298
min,1.0,2.12,6.99,20.0,0.0,0.51,-9998999486464.0,18.08,0.0
25%,342.75,103.33250000000001,19.99,55.0,1.03,36.615,67.2875,393.7575,5.7775
50%,627.5,157.47500000000002,26.99,70.0,2.06,68.195,109.975,626.7750000000001,10.61
75%,891.25,194.5,29.99,82.0,2.06,139.75,222.495,979.1500000000001,15.07
max,1225.0,493.9,38.99,100.0,8.84,491.16,663.85,2839.26,33.91
