,id,aqi,temperature,humidity,wind_speed,pm2_5,pm10,co,no2
count,824.0,824.0,824.0,824.0,824.0,824.0,824.0,824.0,824.0
mean,380.31917475728153,116.57591019417474,29.559162621359228,70.36771844660194,2.126055825242718,46.09531553398058,-24269416151.29557,472.8551699029127,8.46502427184466
std,205.06805632332652,36.767332463385095,3.563356766956306,15.8351003332665,1.2442389630303212,22.89549395404497,492315976071.4132,204.48601045940563,5.142621015660233
min,1.0,2.12,19.99,27.0,0.0,0.51,-9998999486464.0,18.08,0.0
25%,206.75,86.4075,26.99,59.0,1.03,29.002499999999998,52.0875,310.6975,4.2475000000000005
50%,392.5,111.78,28.99,74.0,2.06,39.88,74.07,462.0,7.945
75%,558.0,154.35,31.99,83.0,3.09,62.005,99.2325,623.475,11.8825
max,714.0,187.49,38.99,100.0,8.84,126.18,663.85,1179.69,26.91
