,id,aqi,temperature,humidity,wind_speed,pm2_5,pm10,co,no2
count,1010.0,1010.0,1010.0,1010.0,1010.0,1010.0,1010.0,1010.0,1010.0
mean,453.9821782178218,126.88192079207921,28.454346534653467,67.61386138613861,1.9838217821782176,55.6210099009901,-19799998889.79159,523.4505346534654,8.926851485148514
std,242.19318698266585,40.69439765214891,4.460507201903033,17.132475318694695,1.2526701898267028,31.91692792510448,444729092163.1641,238.6034620257951,5.25229828289014
min,1.0,2.12,12.99,20.0,0.0,0.51,-9998999486464.0,18.08,0.0
25%,252.25,91.36500000000001,25.99,55.0,1.03,31.419999999999998,56.9875,329.9725,4.737500000000001
50%,472.5,128.48,28.99,70.0,2.06,46.980000000000004,82.30000000000001,511.485,8.55
75%,660.75,160.565,30.99,83.0,2.5124999999999997,74.0275,117.14250000000001,673.0275,12.375
max,850.0,242.45,38.99,100.0,8.84,192.33,663.85,1324.55,26.91
