,id,aqi,temperature,humidity,wind_speed,pm2_5,pm10,co,no2
count,614.0,614.0,614.0,614.0,614.0,614.0,614.0,614.0,614.0
mean,293.5130293159609,107.70348534201955,29.798013029315968,75.31270358306189,2.290749185667752,39.929397394136814,68.42977198697069,460.9274104234528,8.719283387622148
std,161.5965178371897,34.1571660571073,3.2258004497223105,12.78265806974358,1.218674068450432,18.724728634673095,38.77140149448796,212.65708335973926,5.429459231300712
min,1.0,2.12,22.99,34.0,0.0,0.51,2.78,18.08,0.0
25%,156.25,79.64750000000001,27.99,66.0,1.54,25.762500000000003,45.4925,292.735,4.0975
50%,300.5,102.255,28.99,78.0,2.06,36.040000000000006,63.825,429.485,7.984999999999999
75%,435.75,139.965,31.99,84.0,3.09,51.36,85.285,613.8025,12.265
max,556.0,187.49,38.99,100.0,8.23,126.18,663.85,1179.69,26.91
