,id,aqi,temperature,humidity,wind_speed,pm2_5,pm10,co,no2
count,888.0,888.0,888.0,888.0,888.0,888.0,888.0,888.0,888.0
mean,405.94256756756755,120.28912162162163,29.288412162162164,69.28490990990991,2.0592342342342342,49.15963963963964,-22520269031.961548,492.0012837837838,8.589009009009008
std,217.92559488329454,37.95130998172589,3.737724328786567,16.373147297199015,1.244839937678283,25.268347416386874,474263947775.1554,218.01306491661575,5.116003399807408
min,1.0,2.12,18.99,27.0,0.0,0.51,-9998999486464.0,18.08,0.0
25%,222.75,88.385,26.99,58.0,1.03,29.94,53.8475,315.67999999999995,4.4275
50%,421.5,115.955,28.99,71.0,2.06,41.7,77.435,478.85,8.13
75%,594.0,156.325,31.99,83.0,2.57,65.9025,106.0925,638.5275,11.95
max,755.0,193.47,38.99,100.0,8.84,137.75,663.85,1222.38,26.91
