,id,aqi,temperature,humidity,wind_speed,pm2_5,pm10,co,no2
count,1368.0,1368.0,1368.0,1368.0,1368.0,1368.0,1368.0,1368.0,1368.0
mean,598.2726608187135,166.84342105263158,25.296279239766086,66.84941520467837,1.760138888888889,100.6293201754386,-14618420150.874315,729.2455628654972,10.598391812865495
std,323.3118864670478,87.58771354811302,6.938151661075005,17.838931877039418,1.256312888124772,93.94152753449399,382181435742.5548,467.84809682755946,6.185120171051642
min,1.0,2.12,7.99,20.0,0.0,0.51,-9998999486464.0,18.08,0.0
25%,332.75,102.14,20.99,55.0,1.03,35.985,66.185,384.3,5.6575
50%,610.5,156.24,26.99,70.0,2.06,65.755,106.78999999999999,614.36,10.355
75%,864.25,188.39499999999998,29.99,82.0,2.06,127.9275,208.075,915.7775,14.9625
max,1178.0,493.9,38.99,100.0,8.84,491.16,663.85,2794.89,28.32
