,id,aqi,temperature,humidity,wind_speed,pm2_5,pm10,co,no2
count,708.0,708.0,708.0,708.0,708.0,708.0,708.0,708.0,708.0
mean,332.9180790960452,110.5097033898305,30.0000988700565,72.73870056497175,2.2143361581920904,41.82950564971752,-28245761189.11226,459.261115819209,8.54069209039548
std,181.27391125927528,34.53977431823101,3.2800425819757892,14.468160409527293,1.1986893998111987,19.983751692846013,531064851598.8299,205.8497971384026,5.305834177933571
min,1.0,2.12,22.99,31.0,0.0,0.51,-9998999486464.0,18.08,0.0
25%,179.75,83.97749999999999,27.99,62.0,1.54,27.845,48.465,298.1875,4.057499999999999
50%,342.5,105.21000000000001,29.99,74.0,2.06,37.269999999999996,69.64,435.82,7.9399999999999995
75%,493.25,145.14249999999998,31.99,83.0,3.09,53.5175,89.5025,606.565,12.03
max,627.0,187.49,38.99,100.0,8.23,126.18,663.85,1179.69,26.91
