,id,aqi,temperature,humidity,wind_speed,pm2_5,pm10,co,no2
count,881.0,881.0,881.0,881.0,881.0,881.0,881.0,881.0,881.0
mean,403.1838819523269,119.8233371169126,29.32029511918275,69.37116912599319,2.067412031782066,48.679738933030656,-22699204201.53617,489.35293984108966,8.571373439273552
std,216.5705485809199,37.720219258329486,3.718025949110663,16.35173147961986,1.2444426004114082,24.680060714341543,476142218536.27246,215.13169267621606,5.11979949426938
min,1.0,2.12,18.99,27.0,0.0,0.51,-9998999486464.0,18.08,0.0
25%,221.0,88.16,26.99,58.0,1.03,29.87,53.74,315.09,4.39
50%,419.0,114.59,28.99,73.0,2.06,41.25,76.93,477.82,8.1
75%,589.0,156.13,31.99,83.0,2.57,65.45,104.88,636.69,11.95
max,750.0,190.97,38.99,100.0,8.84,132.92,663.85,1179.69,26.91
