,id,aqi,temperature,humidity,wind_speed,pm2_5,pm10,co,no2
count,530.0,530.0,530.0,530.0,530.0,530.0,530.0,530.0,530.0
mean,256.77358490566036,110.54307547169812,29.490226415094337,77.37169811320754,2.3594528301886792,41.46388679245283,67.65641509433962,484.46290566037743,9.194113207547169
std,142.56634332788397,35.093178961391075,3.149699110312175,11.577778032977822,1.2470160537914199,19.399171264099188,40.978734754235575,215.11407288981883,5.4789888117478505
min,1.0,2.12,22.99,46.0,0.0,0.51,2.78,18.08,0.0
25%,136.25,83.41,26.99,70.0,1.54,27.5525,43.6075,312.5975,4.7675
50%,263.5,107.32,28.99,79.0,2.06,38.17,62.44,474.52,8.545
75%,380.75,145.22750000000002,31.99,84.0,3.09,53.5925,83.71000000000001,631.98,12.73
max,493.0,187.49,38.99,100.0,8.23,126.18,663.85,1179.69,26.91
