,id,aqi,temperature,humidity,wind_speed,pm2_5,pm10,co,no2
count,349.0,349.0,349.0,349.0,349.0,349.0,349.0,349.0,349.0
mean,173.92263610315186,106.44716332378223,30.302664756446994,75.43839541547278,2.3752435530085956,39.505386819484244,76.11246418338109,416.38994269340975,8.745415472779369
std,98.52123452739063,34.392621288788874,2.902764151244221,11.255895709471888,1.135835436490401,19.04111005294115,45.66300768589215,197.94871962637404,5.4852125831761045
min,1.0,2.12,22.99,46.0,0.0,0.51,2.78,18.08,0.0
25%,88.0,80.93,27.99,66.0,2.06,26.33,51.82,261.32,3.91
50%,177.0,102.28,29.99,78.0,2.06,36.06,70.89,368.78,8.06
75%,260.0,133.43,32.99,83.0,3.09,48.96,93.09,570.48,12.34
max,338.0,187.49,38.99,100.0,8.23,126.18,663.85,1168.94,26.91
