,id,aqi,temperature,humidity,wind_speed,pm2_5,pm10,co,no2
count,284.0,284.0,284.0,284.0,284.0,284.0,284.0,284.0,284.0
mean,142.89788732394365,105.17077464788733,30.24746478873239,75.59507042253522,2.4335563380281693,38.82433098591549,73.0730633802817,421.92200704225354,8.697147887323945
std,81.73671510543804,35.53398595291115,2.9263962416973035,10.835492181149132,1.1889950445212474,19.057613484020383,48.882532119489575,202.45248234317012,5.462470541450507
min,1.0,2.12,22.99,46.0,0.0,0.51,2.78,18.08,0.0
25%,71.75,76.9275,27.99,69.0,2.06,24.5675,48.14,264.9,3.9850000000000003
50%,145.0,101.37,29.99,78.0,2.06,35.795,65.525,368.76,7.9799999999999995
75%,213.25,135.05,32.99,83.0,3.09,50.2125,86.86500000000001,583.33,12.175
max,279.0,183.63,38.99,100.0,8.23,118.7,663.85,1168.94,26.91
