,id,aqi,temperature,humidity,wind_speed,pm2_5,pm10,co,no2
count,1249.0,1249.0,1249.0,1249.0,1249.0,1249.0,1249.0,1249.0,1249.0
mean,548.4819855884708,151.15101681345075,26.26701361088871,66.17053642914331,1.8091192954363493,83.16277021617294,-16011208013.86997,652.1517133706966,10.164499599679743
std,293.02018155515907,68.48742363617595,6.36094350015423,17.608834551988977,1.272592822928345,70.91485386412182,399959722873.85156,392.3954007765479,6.022233705851382
min,1.0,2.12,7.99,20.0,0.0,0.51,-9998999486464.0,18.08,0.0
25%,305.0,98.15,22.99,53.0,1.03,34.53,62.67,367.88,5.35
50%,563.0,153.88,27.99,70.0,2.06,61.3,96.71,582.07,9.73
75%,792.0,174.83,30.99,79.0,2.06,101.65,166.05,810.05,14.15
max,1057.0,403.0,38.99,100.0,8.84,353.53,663.85,2380.16,28.32
