,id,aqi,temperature,humidity,wind_speed,pm2_5,pm10,co,no2
count,252.0,252.0,252.0,252.0,252.0,252.0,252.0,252.0,252.0
mean,127.31746031746032,107.20809523809525,30.02543650793651,76.7063492063492,2.413492063492064,39.94416666666667,70.20559523809523,439.97444444444443,8.84920634920635
std,73.22574937283713,36.87615327040995,2.8390891670994676,10.140500989782714,1.1598535540614736,19.819425249766343,50.79644002845671,204.56450836389055,5.463654790558951
min,1.0,2.12,22.99,47.0,0.0,0.51,2.78,18.08,0.0
25%,63.75,77.2225,27.99,70.0,2.06,24.6125,45.040000000000006,272.96000000000004,4.05
50%,129.5,103.88,29.99,78.0,2.06,36.925,62.135000000000005,388.275,8.065000000000001
75%,191.25,141.33999999999997,31.99,83.0,3.09,52.675,77.7775,606.565,12.175
max,252.0,183.63,38.99,100.0,8.23,118.7,663.85,1168.94,26.91
