,id,aqi,temperature,humidity,wind_speed,pm2_5,pm10,co,no2
count,535.0,535.0,535.0,535.0,535.0,535.0,535.0,535.0,535.0
mean,259.0,110.45891588785048,29.507981308411217,77.2766355140187,2.3566542056074766,41.421738317757004,67.51581308411215,483.75885981308414,9.1667476635514
std,143.74035059618126,35.044426180394744,3.14537792392173,11.594349807580162,1.2446956451744235,19.367133530928175,40.842130635795236,214.64191398282546,5.485519060676577
min,1.0,2.12,22.99,46.0,0.0,0.51,2.78,18.08,0.0
25%,137.5,83.43,26.99,70.0,1.54,27.564999999999998,43.53,312.32500000000005,4.67
50%,266.0,107.06,28.99,79.0,2.06,37.98,62.31,474.88,8.49
75%,384.0,145.185,31.99,84.0,3.09,53.555,83.395,631.0899999999999,12.73
max,497.0,187.49,38.99,100.0,8.23,126.18,663.85,1179.69,26.91
