,id,aqi,temperature,humidity,wind_speed,pm2_5,pm10,co,no2
count,1000.0,1000.0,1000.0,1000.0,1000.0,1000.0,1000.0,1000.0,1000.0
mean,450.049,126.11747,28.532990000000005,67.786,1.9918200000000001,54.721659999999986,-19997998881.30825,519.41369,8.87948
std,240.16795632691353,40.101631350059016,4.389007717998301,17.04490342397788,1.2542287579932847,30.612729536159527,446944986908.5462,234.53395069096203,5.212978042316088
min,1.0,2.12,13.99,20.0,0.0,0.51,-9998999486464.0,18.08,0.0
25%,250.75,90.885,25.99,55.0,1.03,31.145000000000003,56.947500000000005,329.38750000000005,4.7250000000000005
50%,467.5,126.575,28.99,70.0,2.06,46.004999999999995,82.13,510.11,8.49
75%,655.0,159.98,31.0675,83.0,2.5549999999999997,72.9,116.22749999999999,669.0174999999999,12.325
max,844.0,232.49,38.99,100.0,8.84,182.28,663.85,1324.55,26.91
