,id,aqi,temperature,humidity,wind_speed,pm2_5,pm10,co,no2
count,1180.0,1180.0,1180.0,1180.0,1180.0,1180.0,1180.0,1180.0,1180.0
mean,520.7203389830509,140.9566186440678,26.870500000000003,66.61016949152543,1.8411694915254238,71.92222881355931,-16947456641.259306,597.6399576271185,9.704525423728814
std,277.3093973814289,53.924520874008934,5.9142940664541985,17.469388663019327,1.2799618268870838,53.460380536013005,411477680392.1621,314.3008843268384,5.657868010804263
min,1.0,2.12,7.99,20.0,0.0,0.51,-9998999486464.0,18.08,0.0
25%,289.75,96.38,23.99,55.0,1.03,33.725,61.58,358.2225,5.217499999999999
50%,537.5,151.8,27.99,70.0,2.06,57.09,93.21000000000001,564.345,9.395
75%,753.25,169.2025,30.99,79.0,2.06,90.7475,145.79500000000002,754.8299999999999,13.524999999999999
max,989.0,363.54,38.99,100.0,8.84,313.61,663.85,1971.58,28.32
