,id,aqi,temperature,humidity,wind_speed,pm2_5,pm10,co,no2
count,710.0,710.0,710.0,710.0,710.0,710.0,710.0,710.0,710.0
mean,333.75070422535214,110.64367605633802,29.997070422535213,72.71126760563381,2.212859154929577,41.906591549295776,-28166195664.373917,459.6963943661972,8.544535211267608
std,181.6956213998913,34.58314469369126,3.2763976025999684,14.461749063618202,1.1978335497291894,20.008292658494575,530317404903.61945,205.7311278115001,5.299867097439469
min,1.0,2.12,22.99,31.0,0.0,0.51,-9998999486464.0,18.08,0.0
25%,180.25,84.05,27.99,62.0,1.54,27.86,48.56,298.7125,4.06
50%,343.0,105.36,29.99,74.0,2.06,37.36,69.70500000000001,436.99,7.945
75%,494.75,145.54749999999999,31.99,83.0,3.09,53.712500000000006,89.5275,606.9749999999999,12.024999999999999
max,629.0,187.49,38.99,100.0,8.23,126.18,663.85,1179.69,26.91
