,id,aqi,temperature,humidity,wind_speed,pm2_5,pm10,co,no2
count,878.0,878.0,878.0,878.0,878.0,878.0,878.0,878.0,878.0
mean,402.0,119.59025056947608,29.341924829157175,69.36902050113895,2.0709567198177674,48.411298405466965,-22776764125.382046,487.7793280182232,8.571503416856492
std,215.98884003435055,37.57233660157765,3.700941703798242,16.359293885034006,1.244114718408341,24.28776654114937,476954051601.81494,213.7909261026119,5.128053704410016
min,1.0,2.12,18.99,27.0,0.0,0.51,-9998999486464.0,18.08,0.0
25%,220.25,87.9575,26.99,58.0,1.03,29.795,53.6725,314.2725,4.39
50%,417.5,114.345,28.99,73.0,2.06,40.975,76.905,477.155,8.094999999999999
75%,587.0,155.92000000000002,31.99,83.0,2.57,65.1425,104.565,635.4425,11.95
max,749.0,187.49,38.99,100.0,8.84,126.18,663.85,1179.69,26.91
