,id,aqi,temperature,humidity,wind_speed,pm2_5,pm10,co,no2
count,599.0,599.0,599.0,599.0,599.0,599.0,599.0,599.0,599.0
mean,287.07011686143574,107.62893155258764,29.738113522537557,75.74958263772955,2.298247078464107,39.94238731218698,67.81449081803005,463.4001669449082,8.76193656093489
std,158.32280989251223,34.49471825490496,3.20387912046151,12.46482927637048,1.223588982890421,18.932343089532576,39.009813691518566,214.20737547760157,5.453722234402443
min,1.0,2.12,22.99,37.0,0.0,0.51,2.78,18.08,0.0
25%,152.5,79.00999999999999,27.99,66.0,1.54,25.58,45.150000000000006,293.17,4.140000000000001
50%,294.0,102.21,28.99,78.0,2.06,36.0,62.95,432.86,8.06
75%,426.5,140.62,31.99,84.0,3.09,51.655,83.395,617.59,12.315000000000001
max,544.0,187.49,38.99,100.0,8.23,126.18,663.85,1179.69,26.91
