,id,aqi,temperature,humidity,wind_speed,pm2_5,pm10,co,no2
count,442.0,442.0,442.0,442.0,442.0,442.0,442.0,442.0,442.0
mean,217.0497737556561,110.24409502262445,29.985746606334843,76.03393665158372,2.347058823529412,41.51441176470589,71.92766968325792,464.4122171945702,9.329049773755655
std,121.5338563634804,34.96198506586908,3.0076892402692716,11.33698330083117,1.1926764205563025,19.738989289709636,42.822765569494635,215.89099432561,5.604030660091031
min,1.0,2.12,22.99,46.0,0.0,0.51,2.78,18.08,0.0
25%,111.5,83.4975,27.99,67.0,1.54,27.6025,46.4075,291.4675,4.7725
50%,221.5,105.58,29.99,78.5,2.06,37.435,66.34,438.145,8.83
75%,323.75,145.22750000000002,31.99,84.0,3.09,53.5925,89.5275,610.61,13.1925
max,420.0,187.49,38.99,100.0,8.23,126.18,663.85,1179.69,26.91
