,id,aqi,temperature,humidity,wind_speed,pm2_5,pm10,co,no2
count,375.0,375.0,375.0,375.0,375.0,375.0,375.0,375.0,375.0
mean,186.10133333333334,106.95301333333335,30.254319999999996,75.34666666666666,2.406773333333333,39.61941333333333,74.02034666666667,425.87546666666674,8.819360000000001
std,105.02989324070218,34.0066334711322,2.8679402517661594,11.184038154772871,1.2013098863895422,18.674499289648253,44.84693439033544,195.41175437618358,5.385914647917511
min,1.0,2.12,22.99,46.0,0.0,0.51,2.78,18.08,0.0
25%,94.5,81.43,27.99,66.0,1.8,26.66,48.790000000000006,267.26,4.025
50%,190.0,102.28,29.99,78.0,2.06,36.06,68.41,387.1,8.2
75%,276.5,134.29,31.99,83.0,3.09,49.575,92.08,587.4100000000001,12.325
max,361.0,187.49,38.99,100.0,8.23,126.18,663.85,1168.94,26.91
