,id,aqi,temperature,humidity,wind_speed,pm2_5,pm10,co,no2
count,538.0,538.0,538.0,538.0,538.0,538.0,538.0,538.0,538.0
mean,260.3382899628253,110.3525092936803,29.49765799256506,77.30111524163569,2.3530669144981413,41.36529739776952,67.47046468401487,483.7922676579926,9.15763940520446
std,144.45019652471052,34.975391101526725,3.1398111203764976,11.573038992788112,1.2430621165821558,19.32771354794623,40.73397173402971,214.04859319956782,5.473807498686041
min,1.0,2.12,22.99,46.0,0.0,0.51,2.78,18.08,0.0
25%,138.25,83.4975,26.99,70.0,1.54,27.6025,43.6075,312.5975,4.737500000000001
50%,266.5,106.565,28.99,79.0,2.06,37.91,62.295,475.485,8.45
75%,385.0,144.9825,31.99,84.0,3.09,53.4625,83.285,630.26,12.7225
max,500.0,187.49,38.99,100.0,8.23,126.18,663.85,1179.69,26.91
