,id,aqi,temperature,humidity,wind_speed,pm2_5,pm10,co,no2
count,980.0,980.0,980.0,980.0,980.0,980.0,980.0,980.0,980.0
mean,442.16224489795917,124.91610204081633,28.72672448979592,68.07244897959184,2.0114489795918367,53.36251020408163,-20406121311.85103,514.3112448979592,8.825255102040817
std,236.1045223151652,39.585028916375855,4.172733099238354,16.906153756972376,1.2507073146725673,29.277017998168194,451477994863.68024,232.69501904803704,5.214553006777751
min,1.0,2.12,14.99,20.0,0.0,0.51,-9998999486464.0,18.08,0.0
25%,245.75,90.62,26.974999999999998,56.0,1.03,30.9575,56.4,326.835,4.672499999999999
50%,458.5,124.505,28.99,70.0,2.06,45.075,81.055,499.605,8.4
75%,646.25,159.21,31.99,83.0,2.57,71.5225,113.86999999999999,661.3824999999999,12.28
max,828.0,232.49,38.99,100.0,8.84,182.28,663.85,1324.55,26.91
