,id,aqi,temperature,humidity,wind_speed,pm2_5,pm10,co,no2
count,1453.0,1453.0,1453.0,1453.0,1453.0,1453.0,1453.0,1453.0,1453.0
mean,634.6469373709566,174.64774948382657,24.48965588437715,67.77357192016518,1.730344115622849,109.27432897453545,-13763247584.92644,792.0091603578803,11.06339986235375
std,346.0562521738975,92.10069247271558,7.498533071782128,17.935615359411386,1.2440365816522883,99.22174123337113,370842188013.9561,535.1803772627933,6.552357418843233
min,1.0,2.12,6.99,20.0,0.0,0.51,-9998999486464.0,18.08,0.0
25%,351.0,104.62,18.99,55.0,1.03,37.17,68.41,399.86,5.85
50%,641.0,158.44,26.99,71.0,2.06,70.08,111.63,632.91,10.81
75%,909.0,198.23,29.99,82.0,2.06,146.98,231.51,1026.13,15.35
max,1262.0,493.9,38.99,100.0,8.84,491.16,663.85,2839.26,33.91
