,id,aqi,temperature,humidity,wind_speed,pm2_5,pm10,co,no2
count,1104.0,1104.0,1104.0,1104.0,1104.0,1104.0,1104.0,1104.0,1104.0
mean,490.8677536231884,135.41145833333334,27.620425724637684,66.93297101449275,1.8895471014492753,65.51472826086957,-18114129396.65529,562.775625,9.323695652173914
std,261.38632547281156,50.09279981261038,5.231640045930225,17.35003193684365,1.2718171028177347,47.39151856630445,425392715067.34454,277.47580204702507,5.42257758891769
min,1.0,2.12,10.99,20.0,0.0,0.51,-9998999486464.0,18.08,0.0
25%,272.0,94.5925,24.99,55.0,1.03,32.845,59.6625,342.2625,5.0024999999999995
50%,511.5,145.185,27.99,70.0,2.06,53.504999999999995,88.175,541.7950000000001,9.05
75%,717.25,165.24,30.99,82.0,2.06,83.085,132.04999999999998,713.5025,13.0125
max,920.0,363.54,38.99,100.0,8.84,313.61,663.85,1714.68,26.91
