,id,aqi,temperature,humidity,wind_speed,pm2_5,pm10,co,no2
count,758.0,758.0,758.0,758.0,758.0,758.0,758.0,758.0,758.0
mean,353.457783641161,112.54296833773088,29.811781002638526,71.86675461741424,2.2249208443271766,43.13704485488126,-26382584323.618404,462.76474934036946,8.4451055408971
std,191.5141576697343,35.43130173957326,3.4225627716021116,14.805187700551404,1.2165568197612509,20.828481198500636,513274748770.15564,204.67020144284737,5.228003569534016
min,1.0,2.12,19.99,31.0,0.0,0.51,-9998999486464.0,18.08,0.0
25%,192.25,84.3925,27.8925,62.0,1.54,28.015,49.087500000000006,299.72,4.0675
50%,365.0,107.785,28.99,74.0,2.06,38.295,71.02000000000001,438.97,7.85
75%,523.75,151.4875,31.99,83.0,3.09,56.515,92.5,611.7925,11.95
max,661.0,187.49,38.99,100.0,8.84,126.18,663.85,1179.69,26.91
