,id,aqi,temperature,humidity,wind_speed,pm2_5,pm10,co,no2
count,445.0,445.0,445.0,445.0,445.0,445.0,445.0,445.0,445.0
mean,218.4247191011236,110.49555056179776,29.985775280898878,76.07640449438202,2.3485617977528093,41.616539325842695,71.85247191011236,465.6346741573034,9.30258426966292
std,122.26953618003107,34.98106912710113,2.9982622059609634,11.312056297325151,1.1907888591584403,19.716670135699996,42.69081514717132,215.73771133918336,5.596370028482565
min,1.0,2.12,22.99,46.0,0.0,0.51,2.78,18.08,0.0
25%,113.0,83.58,27.99,70.0,1.54,27.64,46.52,292.3,4.76
50%,223.0,105.78,29.99,79.0,2.06,37.51,66.34,439.69,8.76
75%,326.0,145.64,31.99,84.0,3.09,53.74,89.49,614.77,13.14
max,422.0,187.49,38.99,100.0,8.23,126.18,663.85,1179.69,26.91
