,id,aqi,temperature,humidity,wind_speed,pm2_5,pm10,co,no2
count,1192.0,1192.0,1192.0,1192.0,1192.0,1192.0,1192.0,1192.0,1192.0
mean,525.5,142.0438003355705,26.76180369127517,66.50503355704699,1.8390520134228188,73.19545302013424,-16776844658.783987,605.4758305369127,9.786812080536913
std,279.953804513582,54.89834618340472,5.999011381053678,17.510509493903044,1.2788760509257897,54.84681832980754,409402995690.704,325.87627612929117,5.73379302380959
min,1.0,2.12,7.99,20.0,0.0,0.51,-9998999486464.0,18.08,0.0
25%,292.75,96.995,23.99,55.0,1.03,34.0475,61.8375,360.185,5.235
50%,542.5,152.055,27.99,70.0,2.06,57.595,93.65,566.63,9.445
75%,760.0,170.195,30.99,79.0,2.06,92.67,149.0525,762.3475000000001,13.6025
max,1001.0,363.54,38.99,100.0,8.84,313.61,663.85,2285.75,28.32
