,id,aqi,temperature,humidity,wind_speed,pm2_5,pm10,co,no2
count,553.0,553.0,553.0,553.0,553.0,553.0,553.0,553.0,553.0
mean,267.00723327305604,109.44920433996383,29.539945750452084,76.91681735985533,2.349764918625678,40.90446654611211,67.46710669077757,476.73083182640136,9.01636528028933
std,147.97716952695157,34.97939263031976,3.137654176121983,11.779386133349169,1.241659325024075,19.28399625898955,40.244710246757656,215.537195930028,5.479550123389181
min,1.0,2.12,22.99,46.0,0.0,0.51,2.78,18.08,0.0
25%,142.0,81.39,26.99,70.0,1.54,26.57,44.14,300.65,4.39
50%,272.0,105.41,28.99,79.0,2.06,37.43,62.47,464.94,8.24
75%,395.0,144.39,31.99,84.0,3.09,53.13,83.0,624.67,12.54
max,512.0,187.49,38.99,100.0,8.23,126.18,663.85,1179.69,26.91
