,id,aqi,temperature,humidity,wind_speed,pm2_5,pm10,co,no2
count,508.0,508.0,508.0,508.0,508.0,508.0,508.0,508.0,508.0
mean,246.96259842519686,111.50025590551182,29.553228346456695,77.21259842519684,2.3521850393700787,41.987893700787396,69.13437007874015,488.00982283464566,9.368759842519685
std,137.41328475500438,34.829095385018576,3.161800134380238,11.625741635699503,1.2184648363448467,19.40120831584752,41.0738852400749,217.99741892001174,5.51743839719715
min,1.0,2.12,22.99,46.0,0.0,0.51,2.78,18.08,0.0
25%,130.75,84.32499999999999,26.99,70.0,1.54,27.9675,44.787499999999994,311.70750000000004,4.88
50%,253.5,108.215,28.99,79.0,2.06,38.615,63.83,479.73,8.895
75%,366.25,146.015,31.99,84.0,3.09,53.934999999999995,85.7525,635.955,13.1575
max,474.0,187.49,38.99,100.0,8.23,126.18,663.85,1179.69,26.91
