,id,aqi,temperature,humidity,wind_speed,pm2_5,pm10,co,no2
count,574.0,574.0,574.0,574.0,574.0,574.0,574.0,574.0,574.0
mean,276.26480836236937,108.47473867595819,29.629581881533095,76.36062717770035,2.334651567944251,40.398362369337974,67.61656794425087,470.1512717770035,8.879912891986063
std,152.82732587550043,34.80203335293472,3.1682919957638993,12.12531643848363,1.228316772981674,19.143827481640624,39.664602608217336,215.33262526847045,5.477787877172953
min,1.0,2.12,22.99,37.0,0.0,0.51,2.78,18.08,0.0
25%,146.25,79.765,26.99,66.0,1.54,25.875,44.5125,296.2675,4.2425
50%,282.5,103.325,28.99,79.0,2.06,36.56,62.57,447.78,8.14
75%,408.75,142.45250000000001,31.99,84.0,3.09,52.41,82.815,621.61,12.41
max,527.0,187.49,38.99,100.0,8.23,126.18,663.85,1179.69,26.91
