,id,aqi,temperature,humidity,wind_speed,pm2_5,pm10,co,no2
count,600.0,600.0,600.0,600.0,600.0,600.0,600.0,600.0,600.0
mean,287.5,107.61903333333333,29.73686666666667,75.74,2.2995666666666663,39.93545,67.832,463.4930833333333,8.7669
std,158.5406737782772,34.46676542599319,3.2013493371055075,12.456631947110596,1.2229944144538016,18.917296423400057,38.979597188721584,214.0405976570848,5.450524110437831
min,1.0,2.12,22.99,37.0,0.0,0.51,2.78,18.08,0.0
25%,152.75,79.085,27.99,66.0,1.54,25.625,45.18,293.605,4.15
50%,294.5,102.185,28.99,78.0,2.06,35.995000000000005,62.985,433.425,8.065000000000001
75%,427.25,140.595,31.99,84.0,3.09,51.6325,83.38749999999999,617.5350000000001,12.3125
max,545.0,187.49,38.99,100.0,8.23,126.18,663.85,1179.69,26.91
