,id,aqi,temperature,humidity,wind_speed,pm2_5,pm10,co,no2
count,879.0,879.0,879.0,879.0,879.0,879.0,879.0,879.0,879.0
mean,402.3947667804323,119.67145620022754,29.330147895335614,69.39021615472127,2.0686006825938565,48.50744027303754,-22750851993.0688,488.28114903299206,8.571217292377701
std,216.18286155682318,37.628035807661675,3.715277006564282,16.36204688989211,1.2453665280194224,24.440715314417996,476682979358.7096,214.18649837262078,5.1251395889093025
min,1.0,2.12,18.99,27.0,0.0,0.51,-9998999486464.0,18.08,0.0
25%,220.5,88.025,26.99,58.0,1.03,29.82,53.695,314.54499999999996,4.39
50%,418.0,114.37,28.99,73.0,2.06,41.02,76.91,477.35,8.1
75%,587.5,155.965,31.99,83.0,2.57,65.30000000000001,104.6,635.6400000000001,11.95
max,749.0,190.97,38.99,100.0,8.84,132.92,663.85,1179.69,26.91
