,id,aqi,temperature,humidity,wind_speed,pm2_5,pm10,co,no2
count,902.0,902.0,902.0,902.0,902.0,902.0,902.0,902.0,902.0
mean,411.4523281596452,121.37453436807095,29.22169623059867,69.18736141906874,2.037549889135255,50.35087583148559,-22170730485.48932,497.8102549889135,8.610676274944568
std,220.63884001887186,38.729209887455575,3.768636458987253,16.35372508010812,1.2505600455739834,27.106552623406753,470573140066.2719,223.73779163623925,5.107766331835783
min,1.0,2.12,18.99,27.0,0.0,0.51,-9998999486464.0,18.08,0.0
25%,226.25,88.97999999999999,26.99,58.0,1.03,30.200000000000003,54.2825,316.885,4.48
50%,428.5,117.82,28.99,70.5,2.06,42.415,78.235,485.11,8.145
75%,600.75,156.7175,31.99,83.0,2.57,66.63250000000001,107.535,643.1225000000001,11.95
max,767.0,232.49,38.99,100.0,8.84,182.28,663.85,1324.55,26.91
