,id,aqi,temperature,humidity,wind_speed,pm2_5,pm10,co,no2
count,265.0,265.0,265.0,265.0,265.0,265.0,265.0,265.0,265.0
mean,133.70943396226414,105.9032075471698,30.130075471698113,76.07169811320755,2.446792452830189,39.26890566037736,71.05456603773584,430.4636226415094,8.732792452830187
std,76.76929789998847,36.47008294342012,2.907136072803887,10.710310406306077,1.180730663590484,19.576875948525217,49.84476876654669,205.05170369159765,5.475274565408523
min,1.0,2.12,22.99,46.0,0.0,0.51,2.78,18.08,0.0
25%,67.0,76.47,27.99,70.0,2.06,24.5,45.81,266.5,3.99
50%,136.0,101.98,29.99,78.0,2.06,36.02,64.47,377.97,8.03
75%,201.0,139.26,31.99,83.0,3.09,51.36,79.51,598.69,12.13
max,263.0,183.63,38.99,100.0,8.23,118.7,663.85,1168.94,26.91
