,id,aqi,temperature,humidity,wind_speed,pm2_5,pm10,co,no2
count,289.0,289.0,289.0,289.0,289.0,289.0,289.0,289.0,289.0
mean,145.30103806228374,105.31612456747405,30.229169550173008,75.63667820069205,2.430657439446367,38.855986159169554,73.68944636678201,421.1159861591695,8.72903114186851
std,83.03084286561375,35.28779273599971,2.9165764275874007,10.77884553881156,1.1800811752423968,18.90702835807735,48.73136687748438,201.37277202836708,5.4808395826074685
min,1.0,2.12,22.99,46.0,0.0,0.51,2.78,18.08,0.0
25%,73.0,77.27,27.99,70.0,2.06,24.62,48.39,264.93,3.97
50%,147.0,101.89,29.99,78.0,2.06,35.9,66.24,368.78,8.03
75%,217.0,134.44,32.99,83.0,3.09,50.07,89.21,570.48,12.34
max,284.0,183.63,38.99,100.0,8.23,118.7,663.85,1168.94,26.91
