,id,aqi,temperature,humidity,wind_speed,pm2_5,pm10,co,no2
count,449.0,449.0,449.0,449.0,449.0,449.0,449.0,449.0,449.0
mean,220.26057906458797,110.2750334075724,29.961314031180404,76.23608017817372,2.3471269487750557,41.498596881959905,71.49688195991091,467.6749665924276,9.34305122494432
std,123.25648809575766,34.92884951764248,2.9962812981564593,11.386961479848656,1.1857413610758007,19.67736147200837,42.66888138292836,215.85919824200147,5.591342742161008
min,1.0,2.12,22.99,46.0,0.0,0.51,2.78,18.08,0.0
25%,114.0,83.47,27.99,70.0,1.54,27.59,45.81,294.04,4.81
50%,225.0,105.75,28.99,79.0,2.06,37.44,66.24,444.92,8.84
75%,329.0,145.27,31.99,84.0,3.09,53.63,89.21,617.7,13.27
max,426.0,187.49,38.99,100.0,8.23,126.18,663.85,1179.69,26.91
