,id,aqi,temperature,humidity,wind_speed,pm2_5,pm10,co,no2
count,1050.0,1050.0,1050.0,1050.0,1050.0,1050.0,1050.0,1050.0,1050.0
mean,469.74095238095236,129.58218095238095,28.098561904761905,67.18380952380953,1.9406190476190475,58.73314285714286,-19045713208.86124,538.3638380952381,9.13129523809524
std,250.40089789264135,42.419811781279954,4.810774819570159,17.32269638562502,1.2628239035063307,35.61885558576834,436184061022.39606,251.16223027044816,5.367219026163408
min,1.0,2.12,11.99,20.0,0.0,0.51,-9998999486464.0,18.08,0.0
25%,261.25,93.05000000000001,25.99,55.0,1.03,32.1525,57.6975,337.8725,4.8325
50%,488.5,136.235,28.405,70.0,2.06,49.955,84.89,523.565,8.81
75%,685.75,162.275,30.99,82.0,2.3075,77.34,121.99,686.02,12.727500000000001
max,883.0,249.94,38.99,100.0,8.84,199.88,663.85,1324.55,26.91
