,id,aqi,temperature,humidity,wind_speed,pm2_5,pm10,co,no2
count,437.0,437.0,437.0,437.0,437.0,437.0,437.0,437.0,437.0
mean,214.75057208237988,109.71077803203661,29.990274599542335,76.06407322654462,2.355057208237986,41.214874141876436,71.88098398169336,459.7662700228833,9.275903890160183
std,120.2973743903932,34.79792332513395,3.0233721706432894,11.392719181268772,1.1938740075076095,19.632971069685663,43.05261383440631,212.58771097991345,5.6025133547207435
min,1.0,2.12,22.99,46.0,0.0,0.51,2.78,18.08,0.0
25%,110.0,83.39,27.99,66.0,1.54,27.54,45.88,287.2,4.61
50%,219.0,104.59,29.99,79.0,2.06,37.17,66.26,433.99,8.74
75%,320.0,143.99,31.99,84.0,3.09,53.13,90.39,608.43,12.93
max,415.0,187.49,38.99,100.0,8.23,126.18,663.85,1179.69,26.91
