,id,aqi,temperature,humidity,wind_speed,pm2_5,pm10,co,no2
count,697.0,697.0,697.0,697.0,697.0,697.0,697.0,697.0,697.0
mean,328.3328550932568,109.7267718794835,29.975208034433287,72.98421807747489,2.2181779053084645,41.33509325681492,-28691533605.35818,458.10296987087514,8.560071736011478
std,178.95355453437116,34.237290158671925,3.2779030729717182,14.339220910502425,1.2049454999954974,19.731942691573273,535233067992.37006,206.7146971039605,5.320457548870145
min,1.0,2.12,22.99,31.0,0.0,0.51,-9998999486464.0,18.08,0.0
25%,177.0,83.58,27.99,62.0,1.54,27.64,47.99,296.04,4.06
50%,338.0,104.42,29.7,74.0,2.06,36.93,68.41,432.86,7.95
75%,486.0,142.69,31.99,83.0,3.09,52.8,88.47,606.36,12.03
max,620.0,187.49,38.99,100.0,8.23,126.18,663.85,1179.69,26.91
