,id,aqi,temperature,humidity,wind_speed,pm2_5,pm10,co,no2
count,1017.0,1017.0,1017.0,1017.0,1017.0,1017.0,1017.0,1017.0,1017.0
mean,456.7384464110128,127.43293018682398,28.393136676499513,67.50344149459194,1.9792822025565389,56.259606686332354,-19663715709.919064,526.3348279252705,8.958171091445427
std,243.61989244482496,41.15584627182918,4.521893536508101,17.20688832592904,1.2534723330698296,32.88943820911652,443197431272.50354,241.66217405194934,5.2653033986796745
min,1.0,2.12,12.99,20.0,0.0,0.51,-9998999486464.0,18.08,0.0
25%,254.0,91.76,25.99,55.0,1.03,31.54,57.04,330.76,4.76
50%,475.0,129.98,28.99,70.0,2.06,47.36,83.09,514.66,8.6
75%,665.0,160.93,30.99,82.0,2.46,74.74,117.57,674.61,12.51
max,857.0,242.45,38.99,100.0,8.84,192.33,663.85,1324.55,26.91
