,id,aqi,temperature,humidity,wind_speed,pm2_5,pm10,co,no2
count,829.0,829.0,829.0,829.0,829.0,829.0,829.0,829.0,829.0
mean,382.3437876960193,116.85542822677924,29.556936067551266,70.20627261761157,2.1206875753920387,46.29127864897467,-24123038489.903862,473.56968636911944,8.463329312424609
std,206.0954091133927,36.83743793729134,3.5579280082783136,15.946912509252812,1.2438346058335545,22.99986110136152,490830865330.8104,204.64493428355573,5.1366418393132784
min,1.0,2.12,19.99,27.0,0.0,0.51,-9998999486464.0,18.08,0.0
25%,208.0,86.58,26.99,59.0,1.03,29.13,52.11,311.1,4.25
50%,395.0,111.81,28.99,74.0,2.06,39.9,74.23,463.73,7.95
75%,561.0,154.4,31.99,83.0,3.09,62.19,100.18,624.1,11.88
max,718.0,187.49,38.99,100.0,8.84,126.18,663.85,1179.69,26.91
