,id,aqi,temperature,humidity,wind_speed,pm2_5,pm10,co,no2
count,1147.0,1147.0,1147.0,1147.0,1147.0,1147.0,1147.0,1147.0,1147.0
mean,507.6800348735833,138.9341935483871,27.20707933740192,66.74193548387096,1.862711421098518,69.61967741935484,-17435046942.820488,582.0055361813427,9.51826503923278
std,270.2345784238483,52.78375026048367,5.603764388264377,17.410193722796222,1.276754334069023,51.65148873087538,417349857434.84766,296.2322300582056,5.514016824625979
min,1.0,2.12,9.99,20.0,0.0,0.51,-9998999486464.0,18.08,0.0
25%,282.5,95.825,23.99,55.0,1.03,33.475,60.795,348.685,5.09
50%,527.0,151.04,27.99,70.0,2.06,55.59,91.41,556.14,9.28
75%,739.0,167.575,30.99,79.0,2.06,87.6,139.38,736.5550000000001,13.36
max,958.0,363.54,38.99,100.0,8.84,313.61,663.85,1714.68,26.91
