,id,aqi,temperature,humidity,wind_speed,pm2_5,pm10,co,no2
count,739.0,739.0,739.0,739.0,739.0,739.0,739.0,739.0,739.0
mean,345.7198917456022,112.49050067659,29.954276048714483,72.06901217861976,2.223964817320703,43.141826792963464,-27060891635.652397,462.87982408660355,8.457970230040596
std,187.69559993569007,35.257704320852,3.3177253871940744,14.767919177316918,1.2116982209718314,20.83266132359515,519822277555.00464,204.84289402058306,5.260904890291707
min,1.0,2.12,19.99,31.0,0.0,0.51,-9998999486464.0,18.08,0.0
25%,187.5,84.47999999999999,27.99,62.0,1.54,28.04,49.285,301.73,4.05
50%,357.0,107.62,29.36,74.0,2.06,38.22,70.98,439.69,7.88
75%,513.0,151.19,31.99,83.0,3.09,55.985,92.125,609.265,11.95
max,648.0,187.49,38.99,100.0,8.84,126.18,663.85,1179.69,26.91
