,id,aqi,temperature,humidity,wind_speed,pm2_5,pm10,co,no2
count,741.0,741.0,741.0,741.0,741.0,741.0,741.0,741.0,741.0
mean,346.53846153846155,112.46585695006749,29.943576248313093,72.05533063427801,2.2207422402159245,43.124008097165984,-26987852791.657574,462.50898785425096,8.450553306342782
std,188.10194962079325,35.214344661999654,3.3200323229747726,14.753594680802307,1.2116463513614057,20.807605086938487,519121240863.608,204.6907724578213,5.255727695796016
min,1.0,2.12,19.99,31.0,0.0,0.51,-9998999486464.0,18.08,0.0
25%,188.0,84.5,27.99,62.0,1.54,28.05,49.32,302.81,4.05
50%,358.0,107.62,29.33,74.0,2.06,38.22,70.93,438.99,7.85
75%,514.0,151.14,31.99,83.0,3.09,55.96,91.98,608.79,11.95
max,649.0,187.49,38.99,100.0,8.84,126.18,663.85,1179.69,26.91
