,id,aqi,temperature,humidity,wind_speed,pm2_5,pm10,co,no2
count,1169.0,1169.0,1169.0,1169.0,1169.0,1169.0,1169.0,1169.0,1169.0
mean,516.3575705731395,139.81753635585972,26.994268605645853,66.59794696321643,1.8443969204448245,70.61973481608213,-17106928006.618237,588.9324037639008,9.612275449101796
std,274.9201947332626,52.704867850359804,5.789169904626963,17.457213719546555,1.278906987253296,51.791395302815445,413407446382.47015,300.0448826690399,5.56245265851067
min,1.0,2.12,8.99,20.0,0.0,0.51,-9998999486464.0,18.08,0.0
25%,288.0,96.19,23.99,55.0,1.03,33.67,61.17,356.33,5.19
50%,533.0,151.55,27.99,70.0,2.06,56.6,92.5,560.17,9.36
75%,749.0,168.77,30.99,79.0,2.06,89.91,143.12,746.36,13.48
max,979.0,363.54,38.99,100.0,8.84,313.61,663.85,1714.68,26.91
