,id,aqi,temperature,humidity,wind_speed,pm2_5,pm10,co,no2
count,624.0,624.0,624.0,624.0,624.0,624.0,624.0,624.0,624.0
mean,297.76762820512823,107.66402243589745,29.802692307692308,75.1698717948718,2.278782051282051,39.88366987179487,68.65737179487179,460.0115064102564,8.698253205128207
std,163.7301214140208,33.94662316170731,3.2247257220142047,12.817523718302665,1.2166972862180996,18.597455153751987,38.51263566366275,211.70783162510273,5.412549740798594
min,1.0,2.12,22.99,34.0,0.0,0.51,2.78,18.08,0.0
25%,158.75,79.795,27.99,66.0,1.54,26.025000000000002,45.72,293.605,4.09
50%,304.5,102.41499999999999,28.99,78.0,2.06,36.13,64.605,429.485,8.015
75%,441.25,139.3725,31.99,84.0,3.09,51.254999999999995,84.78999999999999,609.0274999999999,12.13
max,562.0,187.49,38.99,100.0,8.23,126.18,663.85,1179.69,26.91
