,id,aqi,temperature,humidity,wind_speed,pm2_5,pm10,co,no2
count,1446.0,1446.0,1446.0,1446.0,1446.0,1446.0,1446.0,1446.0,1446.0
mean,631.6244813278008,174.00275242047024,24.561922544951592,67.71853388658369,1.7351659751037343,108.59551175656986,-13829874649.44892,786.9340663900414,11.010961272475797
std,344.14751312664356,91.63272515655186,7.443155916926982,17.955277839066976,1.2442490850235695,98.7119185414075,371738096259.86005,529.1408948213891,6.489640483739275
min,1.0,2.12,6.99,20.0,0.0,0.51,-9998999486464.0,18.08,0.0
25%,349.25,104.59,18.99,55.0,1.03,36.9625,68.27,399.11249999999995,5.842499999999999
50%,637.5,158.19,26.99,70.0,2.06,69.485,111.345,632.13,10.774999999999999
75%,906.75,198.1175,29.99,82.0,2.06,146.7575,230.6175,1019.115,15.3025
max,1255.0,493.9,38.99,100.0,8.84,491.16,663.85,2839.26,33.91
