,id,aqi,temperature,humidity,wind_speed,pm2_5,pm10,co,no2
count,298.0,298.0,298.0,298.0,298.0,298.0,298.0,298.0,298.0
mean,149.6241610738255,105.44768456375837,30.25885906040268,75.49664429530202,2.4263422818791947,38.86100671140939,74.74832214765101,418.5835234899329,8.72265100671141
std,85.36690284381696,34.778202803531975,2.9277718237805055,10.9363780935787,1.1731346151271773,18.6248954981351,48.38621093476058,199.6992083715996,5.489700244404652
min,1.0,2.12,22.99,46.0,0.0,0.51,2.78,18.08,0.0
25%,75.25,77.395,27.99,66.0,2.06,24.7175,48.8725,264.84000000000003,3.9625
50%,151.5,102.33,29.99,78.0,2.06,36.115,67.91,370.025,7.9799999999999995
75%,223.75,133.4225,32.99,83.0,3.09,48.8875,92.235,567.14,12.465
max,292.0,183.63,38.99,100.0,8.23,118.7,663.85,1168.94,26.91
