,id,aqi,temperature,humidity,wind_speed,pm2_5,pm10,co,no2
count,767.0,767.0,767.0,767.0,767.0,767.0,767.0,767.0,767.0
mean,357.11212516297263,113.1122294654498,29.773546284224253,71.60495436766624,2.213024771838331,43.51069100391134,-26073010320.59937,464.081668839635,8.442151238591915
std,193.32089003469534,35.61186386071306,3.4500930009992885,15.000491774941317,1.2185415792354,21.010402140031946,510258437346.35583,204.64825557400405,5.210586601243208
min,1.0,2.12,19.99,31.0,0.0,0.51,-9998999486464.0,18.08,0.0
25%,194.5,84.52000000000001,27.604999999999997,62.0,1.54,28.08,49.285,301.73,4.09
50%,369.0,108.07,28.99,74.0,2.06,38.44,71.47,439.92,7.87
75%,528.0,151.785,31.99,83.0,3.09,57.045,93.475,613.225,11.945
max,668.0,187.49,38.99,100.0,8.84,126.18,663.85,1179.69,26.91
