,id,aqi,temperature,humidity,wind_speed,pm2_5,pm10,co,no2
count,772.0,772.0,772.0,772.0,772.0,772.0,772.0,772.0,772.0
mean,359.139896373057,113.42510362694301,29.768484455958554,71.36658031088083,2.206554404145078,43.71906735751295,-25904143672.449017,464.47573834196896,8.442137305699482
std,194.32494778665185,35.70816446497174,3.4451646836621825,15.246834536645137,1.2177704078221596,21.10584575891449,508605517600.62,204.3848547754487,5.209276567055114
min,1.0,2.12,19.99,29.0,0.0,0.51,-9998999486464.0,18.08,0.0
25%,195.75,84.6375,27.4,62.0,1.2275,28.1325,49.387499999999996,302.27,4.09
50%,371.5,108.35,28.99,74.0,2.06,38.49,71.96,441.385,7.875
75%,529.25,151.91,31.99,83.0,3.09,57.332499999999996,93.73,614.4625,11.942499999999999
max,672.0,187.49,38.99,100.0,8.84,126.18,663.85,1179.69,26.91
