,id,aqi,temperature,humidity,wind_speed,pm2_5,pm10,co,no2
count,1288.0,1288.0,1288.0,1288.0,1288.0,1288.0,1288.0,1288.0,1288.0
mean,564.5784161490683,158.42921583850932,25.94651397515528,66.40139751552795,1.7911257763975157,91.32489906832298,-15526396578.280943,685.8401164596273,10.308571428571428
std,302.60292973576605,79.73836679715639,6.559481464605081,17.609188229130407,1.26700911443293,84.72095446462895,393862672339.55975,437.1547778379464,6.059279011389237
min,1.0,2.12,7.99,20.0,0.0,0.51,-9998999486464.0,18.08,0.0
25%,314.75,98.95,21.99,54.0,1.03,34.955,63.945,374.295,5.44
50%,574.5,154.54500000000002,27.795,70.0,2.06,62.405,100.78,592.9749999999999,9.92
75%,817.25,179.5925,30.8925,79.0,2.06,110.875,184.345,844.815,14.4125
max,1101.0,493.9,38.99,100.0,8.84,491.16,663.85,2794.89,28.32
