,id,aqi,temperature,humidity,wind_speed,pm2_5,pm10,co,no2
count,1121.0,1121.0,1121.0,1121.0,1121.0,1121.0,1121.0,1121.0,1121.0
mean,497.5013380909902,136.9271543264942,27.46099910793934,66.86440677966101,1.878349687778769,67.31166815343444,-17839428054.74614,570.2411953612844,9.415709188224797
std,264.8515322779795,51.30931850953362,5.372654029650582,17.354481456799064,1.2749596096271858,49.354629410708284,422157752969.0497,284.0866146278502,5.480502686569532
min,1.0,2.12,10.99,20.0,0.0,0.51,-9998999486464.0,18.08,0.0
25%,276.0,94.74,24.99,55.0,1.03,32.93,60.31,346.03,5.04
50%,518.0,147.29,27.99,70.0,2.06,54.52,89.33,549.24,9.17
75%,726.0,166.05,30.99,82.0,2.06,84.64,135.86,720.61,13.21
max,936.0,363.54,38.99,100.0,8.84,313.61,663.85,1714.68,26.91
