,id,aqi,temperature,humidity,wind_speed,pm2_5,pm10,co,no2
count,1384.0,1384.0,1384.0,1384.0,1384.0,1384.0,1384.0,1384.0,1384.0
mean,605.0650289017341,169.0459104046243,25.146062138728325,67.0635838150289,1.7502095375722544,103.04955924855491,-14449421069.542212,740.230549132948,10.659523121387284
std,327.5194155597773,89.62471351009368,7.048135071185474,17.896755496021214,1.2566008618998057,96.24638463890535,379967481536.6344,478.14445269281646,6.205256447684736
min,1.0,2.12,6.99,20.0,0.0,0.51,-9998999486464.0,18.08,0.0
25%,336.75,102.35499999999999,20.99,55.0,1.03,36.0825,66.34,387.19000000000005,5.695
50%,615.5,156.575,26.99,70.0,2.06,66.34,107.56,617.965,10.43
75%,874.25,189.85500000000002,29.99,82.0,2.06,130.7525,211.93,931.865,15.0
max,1193.0,493.9,38.99,100.0,8.84,491.16,663.85,2794.89,28.32
