,id,aqi,temperature,humidity,wind_speed,pm2_5,pm10,co,no2
count,270.0,270.0,270.0,270.0,270.0,270.0,270.0,270.0,270.0
mean,136.15185185185186,105.52625925925925,30.145999999999997,75.97777777777777,2.43962962962963,39.06533333333333,71.41174074074074,427.48307407407407,8.690000000000001
std,78.11108223268714,36.30764438243935,2.906734316482521,10.680536212167906,1.1742354357616598,19.47876358831248,49.530927099517726,204.51680016746297,5.4668366854813675
min,1.0,2.12,22.99,46.0,0.0,0.51,2.78,18.08,0.0
25%,68.25,75.54249999999999,27.99,70.0,2.06,23.97,46.040000000000006,266.365,3.975
50%,138.5,101.37,29.99,78.0,2.06,35.815,64.605,371.615,7.9799999999999995
75%,204.75,139.1225,31.99,83.0,3.09,51.0275,80.61749999999999,597.5550000000001,12.084999999999999
max,267.0,183.63,38.99,100.0,8.23,118.7,663.85,1168.94,26.91
