,id,aqi,temperature,humidity,wind_speed,pm2_5,pm10,co,no2
count,1080.0,1080.0,1080.0,1080.0,1080.0,1080.0,1080.0,1080.0,1080.0
mean,481.525,132.7560648148148,27.835361111111112,66.9888888888889,1.9096018518518518,62.438981481481484,-18516665611.536976,551.669074074074,9.282324074074074
std,256.56006514977554,46.61126124114963,5.042464464613726,17.343123586683337,1.26825580197238,42.3077905007161,430088989221.4224,265.8401823102467,5.436421578554415
min,1.0,2.12,11.99,20.0,0.0,0.51,-9998999486464.0,18.08,0.0
25%,267.75,93.8625,24.99,55.0,1.03,32.5325,58.8675,339.85249999999996,4.9025
50%,501.5,141.825,27.99,70.0,2.06,52.245000000000005,86.665,531.68,8.96
75%,704.25,163.64,30.99,82.0,2.1275,79.9875,127.1575,698.47,12.9325
max,903.0,348.23,38.99,100.0,8.84,298.16,663.85,1655.54,26.91
