,id,aqi,temperature,humidity,wind_speed,pm2_5,pm10,co,no2
count,312.0,312.0,312.0,312.0,312.0,312.0,312.0,312.0,312.0
mean,156.31730769230768,104.8740064102564,30.317307692307693,75.30448717948718,2.427596153846154,38.53839743589744,75.98807692307692,410.3880128205128,8.618237179487181
std,88.9755121219226,34.19392456952253,2.942074829730688,11.163513391733963,1.1598667973130687,18.29997868664248,47.68759508412274,199.64128768964414,5.481094232776981
min,1.0,2.12,22.99,46.0,0.0,0.51,2.78,18.08,0.0
25%,78.75,77.7775,27.99,66.0,2.06,24.9875,50.6025,246.3025,3.6500000000000004
50%,158.5,101.765,29.99,78.0,2.06,35.879999999999995,69.945,365.225,7.859999999999999
75%,234.25,131.4025,32.99,83.0,3.09,48.457499999999996,93.6675,560.5649999999999,12.3175
max,304.0,183.63,38.99,100.0,8.23,118.7,663.85,1168.94,26.91
