,id,aqi,temperature,humidity,wind_speed,pm2_5,pm10,co,no2
count,627.0,627.0,627.0,627.0,627.0,627.0,627.0,627.0,627.0
mean,299.03987240829343,107.73011164274322,29.806778309409886,75.13397129186603,2.2744497607655503,39.90317384370016,68.79585326953747,459.85296650717703,8.68354066985646
std,164.36633091944287,33.91060305903998,3.2221605109185707,12.814275835725665,1.2158527458654427,18.56506296552262,38.49415342144035,211.2137327481559,5.405792707075778
min,1.0,2.12,22.99,34.0,0.0,0.51,2.78,18.08,0.0
25%,159.5,80.125,27.99,66.0,1.54,26.215,45.769999999999996,294.4,4.09
50%,306.0,102.65,28.99,78.0,2.06,36.28,64.73,429.32,8.0
75%,443.5,139.485,31.99,84.0,3.09,51.29,85.14,608.745,12.120000000000001
max,564.0,187.49,38.99,100.0,8.23,126.18,663.85,1179.69,26.91
