,id,aqi,temperature,humidity,wind_speed,pm2_5,pm10,co,no2
count,422.0,422.0,422.0,422.0,422.0,422.0,422.0,422.0,422.0
mean,207.87203791469193,108.6123222748815,30.02345971563981,75.92417061611374,2.369218009478673,40.38331753554502,71.94431279620854,445.075616113744,9.131398104265402
std,116.63963922930532,34.32869591522973,3.0259791014027657,11.398792853922753,1.2093144462023322,18.871000144401474,43.5080094450283,198.4919237782773,5.521763478490857
min,1.0,2.12,22.99,46.0,0.0,0.51,2.78,18.08,0.0
25%,106.25,82.08250000000001,27.99,66.0,1.54,27.2975,46.4075,279.3225,4.2825
50%,211.5,104.30000000000001,29.99,78.5,2.06,36.91,66.25,422.27,8.45
75%,308.75,140.68,31.99,84.0,3.09,51.895,89.5275,599.095,12.7225
max,401.0,187.49,38.99,100.0,8.23,126.18,663.85,1168.94,26.91
