,id,aqi,temperature,humidity,wind_speed,pm2_5,pm10,co,no2
count,1486.0,1486.0,1486.0,1486.0,1486.0,1486.0,1486.0,1486.0,1486.0
mean,648.9878869448183,179.05542395693135,24.129973082099596,68.06191117092867,1.7244616419919245,114.1877590847914,-13457603451.126867,819.3303028263796,11.255148048452222
std,355.1872117753265,96.16927552045874,7.799364957267269,17.909956303579985,1.23468321413568,104.00396819947565,366704182032.9835,565.9534535208387,6.749723162669688
min,1.0,2.12,2.99,20.0,0.0,0.51,-9998999486464.0,18.08,0.0
25%,358.25,106.23,17.99,55.0,1.03,37.709999999999994,69.7325,404.2325,5.895
50%,650.5,159.4,25.99,71.0,2.06,71.905,114.335,642.89,10.905000000000001
75%,929.75,209.2725,29.99,82.0,2.06,158.85,240.7075,1075.4875,15.6575
max,1298.0,493.9,38.99,100.0,8.84,491.16,663.85,3066.3,33.91
