,id,aqi,temperature,humidity,wind_speed,pm2_5,pm10,co,no2
count,923.0,923.0,923.0,923.0,923.0,923.0,923.0,923.0,923.0
mean,419.72914409534127,122.82313109425786,29.11783315276273,69.05092091007585,2.0224377031419283,51.87739978331527,-21666304327.250618,505.37013001083426,8.646002166847238
std,224.76381019927786,39.57474121926425,3.834270126608465,16.371918140458053,1.2506724504334632,29.102104954011775,465195010458.5979,230.14409243996602,5.110518919956342
min,1.0,2.12,18.99,27.0,0.0,0.51,-9998999486464.0,18.08,0.0
25%,231.5,89.455,26.99,58.0,1.03,30.435000000000002,54.584999999999994,319.54499999999996,4.555
50%,437.0,119.71,28.99,70.0,2.06,43.13,78.91,490.47,8.18
75%,615.5,157.765,31.99,83.0,2.57,68.74000000000001,109.975,649.425,12.0
max,782.0,232.49,38.99,100.0,8.84,182.28,663.85,1324.55,26.91
