,id,aqi,temperature,humidity,wind_speed,pm2_5,pm10,co,no2
count,1441.0,1441.0,1441.0,1441.0,1441.0,1441.0,1441.0,1441.0,1441.0
mean,629.4684247050659,173.44125607217208,24.615954198473286,67.65995836224843,1.7376127689104786,107.98120055517002,-13877861724.459103,781.6045523941708,10.962192921582234
std,342.78775099392783,91.28887220744541,7.399004855805549,17.957963638837803,1.245120584277843,98.32515826265987,372382020838.7283,522.1347237842028,6.441785556814015
min,1.0,2.12,6.99,20.0,0.0,0.51,-9998999486464.0,18.08,0.0
25%,348.0,104.52,18.99,55.0,1.03,36.96,68.17,398.01,5.83
50%,635.0,157.96,26.99,70.0,2.06,69.26,111.06,631.32,10.73
75%,904.0,197.54,29.99,82.0,2.06,145.64,228.4,1008.22,15.23
max,1250.0,493.9,38.99,100.0,8.84,491.16,663.85,2839.26,33.91
