,id,aqi,temperature,humidity,wind_speed,pm2_5,pm10,co,no2
count,570.0,570.0,570.0,570.0,570.0,570.0,570.0,570.0,570.0
mean,274.5122807017544,108.64408771929824,29.590210526315786,76.56842105263158,2.340192982456141,40.48878947368421,67.58666666666667,471.76063157894737,8.91740350877193
std,151.91729790422855,34.81936270148852,3.138926129920573,11.897617695031668,1.230077139601701,19.164333949294974,39.74314163439139,215.12647326497188,5.470220764717856
min,1.0,2.12,22.99,46.0,0.0,0.51,2.78,18.08,0.0
25%,145.25,80.5625,26.99,70.0,1.54,26.33,44.405,298.7125,4.27
50%,280.0,103.61,28.99,79.0,2.06,36.730000000000004,62.57,452.055,8.16
75%,405.75,142.64,31.99,84.0,3.09,52.707499999999996,82.815,622.985,12.434999999999999
max,525.0,187.49,38.99,100.0,8.23,126.18,663.85,1179.69,26.91
