,id,aqi,temperature,humidity,wind_speed,pm2_5,pm10,co,no2
count,425.0,425.0,425.0,425.0,425.0,425.0,425.0,425.0,425.0
mean,209.24941176470588,108.50649411764705,29.992635294117648,76.04,2.367035294117647,40.32672941176471,71.68990588235295,448.0164235294117,9.205270588235294
std,117.37140255456124,34.23158051999325,3.0376477557317827,11.443083104801618,1.2053073127178022,18.81672864177045,43.459476711401585,200.84867749577376,5.577710948008498
min,1.0,2.12,22.99,46.0,0.0,0.51,2.78,18.08,0.0
25%,107.0,82.9,27.99,66.0,1.54,27.38,45.81,279.93,4.35
50%,213.0,103.34,29.99,79.0,2.06,36.79,66.14,426.33,8.6
75%,311.0,140.05,31.99,84.0,3.09,51.7,89.49,602.52,12.75
max,404.0,187.49,38.99,100.0,8.23,126.18,663.85,1168.94,26.91
