,id,aqi,temperature,humidity,wind_speed,pm2_5,pm10,co,no2
count,322.0,322.0,322.0,322.0,322.0,322.0,322.0,322.0,322.0
mean,161.07453416149067,104.83782608695651,30.341304347826092,75.23913043478261,2.401770186335404,38.469068322981364,76.5052795031056,410.65583850931677,8.732360248447204
std,91.53451609133657,33.82458674957654,2.9379036819057736,11.204497727919744,1.15681522607129,18.072023672730076,47.084958171996995,198.69801490967518,5.575074872361229
min,1.0,2.12,22.99,46.0,0.0,0.51,2.78,18.08,0.0
25%,81.25,78.4525,27.99,66.0,2.06,25.2425,51.8925,246.4825,3.665
50%,163.5,101.60499999999999,29.99,78.0,2.06,35.81,70.825,366.49,7.965
75%,241.75,129.6575,32.99,83.0,3.09,47.5325,94.75500000000001,561.355,12.53
max,314.0,183.63,38.99,100.0,8.23,118.7,663.85,1168.94,26.91
