,id,aqi,temperature,humidity,wind_speed,pm2_5,pm10,co,no2
count,1165.0,1165.0,1165.0,1165.0,1165.0,1165.0,1165.0,1165.0,1165.0
mean,514.7742489270386,139.66310729613733,27.022609442060087,66.64978540772532,1.8445407725321892,70.44692703862661,-17165664240.665789,587.6428669527897,9.596858369098712
std,274.05759426086223,52.72191682338847,5.777720024650217,17.458323285179926,1.2794093888547873,51.76807469268375,414115940867.13336,299.11684433248325,5.551613345707061
min,1.0,2.12,8.99,20.0,0.0,0.51,-9998999486464.0,18.08,0.0
25%,287.0,96.13,23.99,55.0,1.03,33.59,61.13,355.24,5.19
50%,532.0,151.49,27.99,70.0,2.06,56.54,92.39,560.08,9.34
75%,748.0,168.69,30.99,79.0,2.06,89.76,142.6,745.65,13.46
max,975.0,363.54,38.99,100.0,8.84,313.61,663.85,1714.68,26.91
