,id,aqi,temperature,humidity,wind_speed,pm2_5,pm10,co,no2
count,584.0,584.0,584.0,584.0,584.0,584.0,584.0,584.0,584.0
mean,280.60616438356163,107.98554794520548,29.67171232876713,76.14897260273973,2.3184760273972604,40.146061643835615,67.59708904109588,467.2201198630137,8.82958904109589
std,155.04616375466964,34.75433436015707,3.179645947169326,12.229932587170161,1.2254017744634984,19.09390068759895,39.414733104257856,214.8671288387051,5.461011646327127
min,1.0,2.12,22.99,37.0,0.0,0.51,2.78,18.08,0.0
25%,148.75,78.825,27.1325,66.0,1.54,25.455,44.705,296.0625,4.2175
50%,287.5,102.55000000000001,28.99,79.0,2.06,36.225,62.57,439.32,8.094999999999999
75%,416.25,141.6775,31.99,84.0,3.09,52.222500000000004,82.44500000000001,620.3475000000001,12.344999999999999
max,533.0,187.49,38.99,100.0,8.23,126.18,663.85,1179.69,26.91
