,id,aqi,temperature,humidity,wind_speed,pm2_5,pm10,co,no2
count,316.0,316.0,316.0,316.0,316.0,316.0,316.0,316.0,316.0
mean,158.21835443037975,105.04889240506328,30.29417721518987,75.42721518987342,2.411518987341772,38.59101265822785,76.24977848101265,412.4554430379747,8.718259493670887
std,89.99396687969599,34.04530845297525,2.9310284700604,11.148539081367765,1.1614871021785929,18.199786225497473,47.44367228902327,199.4405356008539,5.552164212017794
min,1.0,2.12,22.99,46.0,0.0,0.51,2.78,18.08,0.0
25%,79.75,78.1025,27.99,66.0,2.06,25.1025,51.6075,246.8075,3.6750000000000003
50%,160.5,101.935,29.99,78.0,2.06,35.945,70.255,367.185,7.965
75%,237.25,131.235,32.99,83.0,3.09,48.207499999999996,94.4975,563.3149999999999,12.395
max,308.0,183.63,38.99,100.0,8.23,118.7,663.85,1168.94,26.91
