,id,aqi,temperature,humidity,wind_speed,pm2_5,pm10,co,no2
count,754.0,754.0,754.0,754.0,754.0,754.0,754.0,754.0,754.0
mean,351.8315649867374,112.32620689655171,29.83403183023873,71.96816976127322,2.2268302387267904,43.03501326259946,-26522544983.820026,462.10805039787795,8.428501326259948
std,190.71101187782844,35.39749520988404,3.416094774779189,14.741114147640685,1.219145044884138,20.829986169889917,514632611301.0295,204.81928762394665,5.233496771265415
min,1.0,2.12,19.99,31.0,0.0,0.51,-9998999486464.0,18.08,0.0
25%,191.25,84.35499999999999,27.99,62.0,1.54,27.98,49.045,299.26750000000004,4.06
50%,363.5,107.575,28.99,74.0,2.06,38.205,70.91,438.615,7.84
75%,520.75,151.255,31.99,83.0,3.09,56.325,92.33,610.61,11.9325
max,658.0,187.49,38.99,100.0,8.84,126.18,663.85,1179.69,26.91
