,id,aqi,temperature,humidity,wind_speed,pm2_5,pm10,co,no2
count,781.0,781.0,781.0,781.0,781.0,781.0,781.0,781.0,781.0
mean,362.80281690140845,113.95862996158772,29.73134443021767,71.13060179257363,2.1929961587708067,44.04952624839949,-25605632412.238495,465.47294494238156,8.45921895006402
std,196.1603923592029,35.84812587516416,3.467385124333106,15.4222898386767,1.2261337971227955,21.23073925681007,505670309198.01373,203.93649236838738,5.199802612570185
min,1.0,2.12,19.99,27.0,0.0,0.51,-9998999486464.0,18.08,0.0
25%,198.0,84.88,26.99,62.0,1.03,28.41,49.86,304.01,4.1
50%,375.0,108.78,28.99,74.0,2.06,38.74,72.37,444.92,7.93
75%,534.0,152.38,31.99,83.0,3.09,58.18,94.48,615.0,11.95
max,681.0,187.49,38.99,100.0,8.84,126.18,663.85,1179.69,26.91
