,id,aqi,temperature,humidity,wind_speed,pm2_5,pm10,co,no2
count,248.0,248.0,248.0,248.0,248.0,248.0,248.0,248.0,248.0
mean,125.33064516129032,107.83189516129033,30.021975806451614,76.77822580645162,2.4233467741935484,40.25879032258064,70.10221774193548,443.8619758064516,8.901975806451613
std,72.10498663447481,36.83622090942215,2.855657168106929,10.149649964917188,1.1651958918161964,19.819941235925334,51.183069477460826,203.80958018560514,5.484885205363144
min,1.0,2.12,22.99,47.0,0.0,0.51,2.78,18.08,0.0
25%,62.75,77.77250000000001,27.99,70.0,2.06,24.9875,44.8675,278.0775,4.05
50%,127.5,105.0,29.49,78.0,2.06,37.4,61.925,395.31500000000005,8.08
75%,188.25,143.2925,31.99,83.0,3.09,53.427499999999995,77.7775,607.18,12.3225
max,248.0,183.63,38.99,100.0,8.23,118.7,663.85,1168.94,26.91
