,id,aqi,temperature,humidity,wind_speed,pm2_5,pm10,co,no2
count,307.0,307.0,307.0,307.0,307.0,307.0,307.0,307.0,307.0
mean,153.93159609120522,104.9943973941368,30.329153094462537,75.14657980456026,2.426872964169381,38.61599348534202,75.56254071661238,413.21944625407167,8.666188925081434
std,87.69069907525491,34.415556320859345,2.963871331103152,11.181860297014257,1.1615557491222548,18.423447671146153,47.95327257222815,199.40833659097592,5.454859751209663
min,1.0,2.12,22.99,46.0,0.0,0.51,2.78,18.08,0.0
25%,77.5,77.4,27.99,66.0,2.06,24.775,49.285,255.66500000000002,3.915
50%,156.0,101.89,29.99,78.0,2.06,35.9,69.0,366.65,7.93
75%,230.5,133.02499999999998,32.99,83.0,3.09,48.629999999999995,92.83500000000001,562.14,12.325
max,300.0,183.63,38.99,100.0,8.23,118.7,663.85,1168.94,26.91
