,id,aqi,temperature,humidity,wind_speed,pm2_5,pm10,co,no2
count,1265.0,1265.0,1265.0,1265.0,1265.0,1265.0,1265.0,1265.0,1265.0
mean,555.0252964426877,154.22703557312255,26.129913043478265,66.29169960474309,1.800079051383399,86.576,-15808694705.83523,664.0197865612648,10.189272727272728
std,296.8488022291823,73.4854339199585,6.452121639235878,17.59597018662016,1.2706523641243483,76.96074222997468,397424301369.0539,405.02343893462006,6.007205386805375
min,1.0,2.12,7.99,20.0,0.0,0.51,-9998999486464.0,18.08,0.0
25%,309.0,98.38,21.99,54.0,1.03,34.66,63.22,371.32,5.38
50%,567.0,154.21,27.99,70.0,2.06,61.74,97.6,587.11,9.79
75%,803.0,176.41,30.99,79.0,2.06,104.71,172.58,821.81,14.15
max,1078.0,493.9,38.99,100.0,8.84,491.16,663.85,2380.16,28.32
