,id,aqi,temperature,humidity,wind_speed,pm2_5,pm10,co,no2
count,874.0,874.0,874.0,874.0,874.0,874.0,874.0,874.0,874.0
mean,400.4130434782609,119.37313501144165,29.358409610983983,69.4279176201373,2.0757208237986267,48.23676201372998,-22881005609.390156,487.01965675057215,8.56145308924485
std,215.20106981200047,37.51711162716874,3.6956615674058955,16.349769372848197,1.2439836409023908,24.18561280643976,478042983511.1555,213.86547065821338,5.135893440978567
min,1.0,2.12,18.99,27.0,0.0,0.51,-9998999486464.0,18.08,0.0
25%,219.25,87.875,26.99,58.0,1.03,29.6725,53.62,313.2275,4.359999999999999
50%,415.5,114.21000000000001,28.99,73.0,2.06,40.894999999999996,76.825,476.43499999999995,8.07
75%,585.75,155.765,31.99,83.0,2.57,64.8175,104.2125,634.81,11.95
max,748.0,187.49,38.99,100.0,8.84,126.18,663.85,1179.69,26.91
