,id,aqi,temperature,humidity,wind_speed,pm2_5,pm10,co,no2
count,379.0,379.0,379.0,379.0,379.0,379.0,379.0,379.0,379.0
mean,187.9736147757256,107.41076517150395,30.222506596306072,75.3825857519789,2.3976253298153027,39.79461741424802,73.8987598944591,428.34422163588397,8.861767810026386
std,106.03802522699905,34.1171834654331,2.875223165359127,11.155884994735976,1.1982238429314456,18.65390787174721,44.62530647612069,195.85986869359002,5.3829292972285145
min,1.0,2.12,22.99,46.0,0.0,0.51,2.78,18.08,0.0
25%,95.5,81.62,27.99,66.0,1.54,27.009999999999998,48.925,268.35,4.04
50%,192.0,102.45,29.99,78.0,2.06,36.17,67.46,388.54,8.24
75%,279.0,138.675,31.99,83.0,3.09,50.975,91.875,592.735,12.39
max,365.0,187.49,38.99,100.0,8.23,126.18,663.85,1168.94,26.91
