,id,aqi,temperature,humidity,wind_speed,pm2_5,pm10,co,no2
count,860.0,860.0,860.0,860.0,860.0,860.0,860.0,860.0,860.0
mean,394.8209302325581,118.68066279069767,29.434174418604655,69.54883720930232,2.093941860465116,47.774523255813946,-23253487097.91373,484.652511627907,8.570151162790697
std,212.39501939678007,37.416873082805466,3.6398252004615923,16.306327961611377,1.239353983720996,24.069071887838756,481913819348.98334,213.79647400139834,5.158523771147685
min,1.0,2.12,19.99,27.0,0.0,0.51,-9998999486464.0,18.08,0.0
25%,215.75,87.53,26.99,58.0,1.03,29.515,53.177499999999995,312.7975,4.342499999999999
50%,408.5,113.41,28.99,73.0,2.06,40.614999999999995,76.26,472.91999999999996,8.07
75%,575.25,155.325,31.99,83.0,2.625,64.02,102.5775,632.13,11.959999999999999
max,739.0,187.49,38.99,100.0,8.84,126.18,663.85,1179.69,26.91
