,id,aqi,temperature,humidity,wind_speed,pm2_5,pm10,co,no2
count,385.0,385.0,385.0,385.0,385.0,385.0,385.0,385.0,385.0
mean,190.77142857142857,108.14566233766234,30.257844155844158,75.25194805194805,2.3843376623376624,40.18550649350649,73.86049350649351,430.87254545454545,8.922077922077921
std,107.53678980104569,34.3696300751153,2.8816768983497596,11.209715029337769,1.1975635596648846,18.8550309327396,44.31609178573927,196.77037022955113,5.484870701164765
min,1.0,2.12,22.99,46.0,0.0,0.51,2.78,18.08,0.0
25%,97.0,82.9,27.99,66.0,1.54,27.38,49.06,269.02,4.05
50%,195.0,102.97,29.99,78.0,2.06,36.45,67.46,391.25,8.24
75%,284.0,140.05,31.99,83.0,3.09,51.36,91.86,596.45,12.44
max,370.0,187.49,38.99,100.0,8.23,126.18,663.85,1168.94,26.91
