,id,aqi,temperature,humidity,wind_speed,pm2_5,pm10,co,no2
count,709.0,709.0,709.0,709.0,709.0,709.0,709.0,709.0,709.0
mean,333.3342736248237,110.5773060648801,30.000084626234134,72.73483779971791,2.2126657263751763,41.8691114245416,-28205922315.648533,459.52891396332865,8.545387870239775
std,181.48451622313195,34.5622800695812,3.2777253711449807,14.45830501990163,1.198668082498915,19.997460521692826,530690733478.22687,205.82792579711617,5.3035598878041315
min,1.0,2.12,22.99,31.0,0.0,0.51,-9998999486464.0,18.08,0.0
25%,180.0,84.02,27.99,62.0,1.54,27.86,48.49,298.63,4.06
50%,343.0,105.31,29.99,74.0,2.06,37.29,69.68,436.38,7.95
75%,494.0,145.27,31.99,83.0,3.09,53.63,89.54,607.18,12.03
max,628.0,187.49,38.99,100.0,8.23,126.18,663.85,1179.69,26.91
