,id,aqi,temperature,humidity,wind_speed,pm2_5,pm10,co,no2
count,1059.0,1059.0,1059.0,1059.0,1059.0,1059.0,1059.0,1059.0,1059.0
mean,473.2823418319169,130.256015108593,28.019263456090652,67.10103871576959,1.9280169971671388,59.54318224740321,-18883851621.284954,541.5382247403211,9.191558073654392
std,252.25345930506612,42.91083183569773,4.874032949063775,17.333005242995174,1.2664666758034546,36.61468808716063,434328395588.90076,253.27079795479077,5.407592814412203
min,1.0,2.12,11.99,20.0,0.0,0.51,-9998999486464.0,18.08,0.0
25%,263.5,93.46000000000001,25.46,55.0,1.03,32.315,58.075,338.08000000000004,4.845
50%,493.0,139.14,27.99,70.0,2.06,51.04,85.7,525.36,8.88
75%,692.5,162.505,30.99,82.0,2.205,77.78999999999999,123.66,689.155,12.835
max,889.0,249.94,38.99,100.0,8.84,199.88,663.85,1324.55,26.91
