,id,aqi,temperature,humidity,wind_speed,pm2_5,pm10,co,no2
count,318.0,318.0,318.0,318.0,318.0,318.0,318.0,318.0,318.0
mean,159.16981132075472,105.06522012578618,30.320566037735844,75.32389937106919,2.406069182389937,38.58685534591195,76.45144654088051,411.28647798742134,8.680849056603774
std,90.50581364439701,33.97469134752505,2.9430079132826323,11.202979319369488,1.1605695687486048,18.154332873100493,47.37380323799377,199.43720737294026,5.555363415994387
min,1.0,2.12,22.99,46.0,0.0,0.51,2.78,18.08,0.0
25%,80.25,78.2275,27.99,66.0,2.06,25.155,51.805,246.4825,3.665
50%,161.5,101.935,29.99,78.0,2.06,35.945,70.445,366.49,7.91
75%,238.75,130.6275,32.99,83.0,3.09,48.019999999999996,95.2075,562.335,12.355
max,310.0,183.63,38.99,100.0,8.23,118.7,663.85,1168.94,26.91
