,id,aqi,temperature,humidity,wind_speed,pm2_5,pm10,co,no2
count,976.0,976.0,976.0,976.0,976.0,976.0,976.0,976.0,976.0
mean,440.5850409836066,124.7276024590164,28.742038934426233,68.22950819672131,2.01125,53.19569672131148,-20489752957.386055,513.7582479508196,8.821895491803279
std,235.29547805128541,39.554338981926925,4.171204639690418,16.753310890960133,1.2506590160227424,29.21128446734293,452401259836.13605,232.74771205265947,5.215168290751671
min,1.0,2.12,14.99,21.0,0.0,0.51,-9998999486464.0,18.08,0.0
25%,244.75,90.555,26.99,56.75,1.03,30.939999999999998,56.3825,325.7625,4.672499999999999
50%,457.0,124.12,28.99,70.0,2.06,45.010000000000005,80.83,499.48,8.385000000000002
75%,644.0,159.0575,31.99,83.0,2.57,71.2825,113.0775,660.78,12.28
max,825.0,232.49,38.99,100.0,8.84,182.28,663.85,1324.55,26.91
