,id,aqi,temperature,humidity,wind_speed,pm2_5,pm10,co,no2
count,975.0,975.0,975.0,975.0,975.0,975.0,975.0,975.0,975.0
mean,440.1907692307692,124.6702358974359,28.755117948717952,68.23897435897436,2.0122564102564104,53.13442051282051,-20510768088.819447,513.3346051282052,8.816810256410255
std,235.09344665927776,39.53399555007994,4.153274006211656,16.75929724426172,1.2509053952649303,29.163449654263214,452632962464.8014,232.49036387446134,5.215423223901599
min,1.0,2.12,14.99,21.0,0.0,0.51,-9998999486464.0,18.08,0.0
25%,244.5,90.55000000000001,26.99,56.5,1.03,30.93,56.364999999999995,325.635,4.665
50%,457.0,123.87,28.99,70.0,2.06,44.99,80.71,499.46,8.38
75%,643.5,159.005,31.99,83.0,2.57,71.16499999999999,112.975,660.5450000000001,12.27
max,824.0,232.49,38.99,100.0,8.84,182.28,663.85,1324.55,26.91
