,id,aqi,temperature,humidity,wind_speed,pm2_5,pm10,co,no2
count,331.0,331.0,331.0,331.0,331.0,331.0,331.0,331.0,331.0
mean,165.37160120845923,104.44906344410876,30.271329305135957,75.54078549848943,2.4002416918429,38.25347432024169,76.22785498489426,408.17963746223563,8.750513595166163
std,93.87698741876149,33.53594332316821,2.9316364315834083,11.24334138242402,1.1501772994612252,17.90498560199566,46.55742157994626,197.07738277869043,5.521008200827318
min,1.0,2.12,22.99,46.0,0.0,0.51,2.78,18.08,0.0
25%,83.5,78.505,27.99,66.0,2.06,25.255000000000003,51.81,246.64499999999998,3.7750000000000004
50%,168.0,101.17,29.99,78.0,2.06,35.73,70.76,363.12,8.06
75%,248.5,128.37,32.99,83.0,3.09,46.980000000000004,93.475,558.845,12.43
max,323.0,183.63,38.99,100.0,8.23,118.7,663.85,1168.94,26.91
