,id,aqi,temperature,humidity,wind_speed,pm2_5,pm10,co,no2
count,434.0,434.0,434.0,434.0,434.0,434.0,434.0,434.0,434.0
mean,213.3732718894009,109.36746543778803,29.967235023041475,76.14285714285714,2.3594700460829494,41.003986175115216,71.85013824884793,458.3122811059908,9.309792626728111
std,119.56068091231707,34.66514684856087,3.020008290380486,11.388088146529443,1.196132893385512,19.49655745084215,43.17942039837117,212.40389800858603,5.605656472123127
min,1.0,2.12,22.99,46.0,0.0,0.51,2.78,18.08,0.0
25%,109.25,83.2325,27.99,67.0,1.54,27.509999999999998,45.8275,286.72749999999996,4.6475
50%,217.5,104.47,29.49,79.0,2.06,36.945,66.30000000000001,432.305,8.79
75%,317.75,142.6025,31.99,84.0,3.09,52.707499999999996,90.17750000000001,608.2025,13.0875
max,412.0,187.49,38.99,100.0,8.23,126.18,663.85,1179.69,26.91
