,id,aqi,temperature,humidity,wind_speed,pm2_5,pm10,co,no2
count,728.0,728.0,728.0,728.0,728.0,728.0,728.0,728.0,728.0
mean,341.19505494505495,111.96804945054944,29.993337912087913,72.31043956043956,2.206263736263736,42.87516483516484,-27469778735.86644,463.47681318681316,8.522925824175825
std,185.4325783969637,35.17179036466011,3.2782097029891992,14.62393511374153,1.1874475517919614,20.8015100228328,523729406143.93274,205.79006949801553,5.264738278815159
min,1.0,2.12,22.99,31.0,0.0,0.51,-9998999486464.0,18.08,0.0
25%,184.75,84.32499999999999,27.99,62.0,1.54,27.9675,49.055,300.34,4.09
50%,351.5,107.00999999999999,29.845,74.0,2.06,37.97,70.78,440.59000000000003,7.9350000000000005
75%,507.0,149.89249999999998,31.99,83.0,3.09,55.58,92.05250000000001,611.1975,12.01
max,642.0,187.49,38.99,100.0,8.23,126.18,663.85,1179.69,26.91
