,id,aqi,temperature,humidity,wind_speed,pm2_5,pm10,co,no2
count,638.0,638.0,638.0,638.0,638.0,638.0,638.0,638.0,638.0
mean,303.66300940438873,107.65581504702195,29.855391849529777,74.73354231974922,2.267523510971787,39.843871473354234,69.21304075235109,457.4264420062696,8.647382445141067
std,166.64345674245268,33.63892263515065,3.2387517344722934,13.125926875808416,1.2103288388659006,18.41507068879321,38.34307416499358,210.7650123624493,5.400372527513605
min,1.0,2.12,22.99,34.0,0.0,0.51,2.78,18.08,0.0
25%,162.25,81.02250000000001,27.99,66.0,1.54,26.520000000000003,46.33,292.0375,4.06
50%,311.5,102.41499999999999,28.99,78.0,2.06,36.13,65.43,427.28999999999996,7.984999999999999
75%,449.75,138.8725,31.99,83.0,3.09,50.9825,85.72999999999999,607.435,12.105
max,571.0,187.49,38.99,100.0,8.23,126.18,663.85,1179.69,26.91
