,id,aqi,temperature,humidity,wind_speed,pm2_5,pm10,co,no2
count,1176.0,1176.0,1176.0,1176.0,1176.0,1176.0,1176.0,1176.0,1176.0
mean,519.1326530612245,140.46965136054422,26.92196428571429,66.57482993197279,1.8439285714285714,71.37041666666667,-17005101052.688068,593.7555527210884,9.647967687074829
std,276.4381186667626,53.34214265421081,5.856038887972553,17.474879598793486,1.2791460083345831,52.68292400240577,412176282747.04144,307.4493660667447,5.583038190864999
min,1.0,2.12,8.99,20.0,0.0,0.51,-9998999486464.0,18.08,0.0
25%,288.75,96.375,23.99,55.0,1.03,33.68,61.3325,356.6925,5.205
50%,535.5,151.745,27.99,70.0,2.06,57.025000000000006,93.05000000000001,562.67,9.375
75%,751.25,169.065,30.99,79.0,2.06,90.48,144.875,752.6875,13.5
max,985.0,363.54,38.99,100.0,8.84,313.61,663.85,1923.99,26.91
