,id,aqi,temperature,humidity,wind_speed,pm2_5,pm10,co,no2
count,712.0,712.0,712.0,712.0,712.0,712.0,712.0,712.0,712.0
mean,334.5814606741573,110.77877808988762,29.991193820224723,72.69522471910112,2.209817415730337,41.98688202247191,-28087077136.94179,460.09566011235955,8.540969101123595
std,182.11475831821218,34.62830100817817,3.2741675884077845,14.449332581301817,1.1975334920186542,20.03747629037468,529573105313.19244,205.5893613499173,5.292978395687584
min,1.0,2.12,22.99,31.0,0.0,0.51,-9998999486464.0,18.08,0.0
25%,180.75,84.11,27.99,62.0,1.54,27.86,48.7,298.8775,4.06
50%,343.5,105.58,29.845,74.0,2.06,37.435,69.735,437.805,7.945
75%,496.25,146.015,31.99,83.0,3.09,53.934999999999995,90.2025,607.18,12.015
max,630.0,187.49,38.99,100.0,8.23,126.18,663.85,1179.69,26.91
