,id,aqi,temperature,humidity,wind_speed,pm2_5,pm10,co,no2
count,1036.0,1036.0,1036.0,1036.0,1036.0,1036.0,1036.0,1036.0,1036.0
mean,464.22200772200773,128.47767374517375,28.21972007722008,67.34749034749035,1.9539189189189188,57.41546332046332,-19303087715.064404,532.2917084942085,9.077760617760617
std,247.51160210589717,41.52038001992238,4.690548871277014,17.21567939071719,1.259231453819778,33.80052513495394,439118526728.4686,245.33956306850195,5.347828816253825
min,1.0,2.12,12.99,20.0,0.0,0.51,-9998999486464.0,18.08,0.0
25%,258.75,92.16250000000001,25.99,55.0,1.03,31.6875,57.3875,334.40999999999997,4.825
50%,481.5,133.08499999999998,28.99,70.0,2.06,48.629999999999995,84.155,519.4549999999999,8.76
75%,677.25,161.58249999999998,30.99,82.0,2.3575,75.99249999999999,119.63,680.2875,12.65
max,872.0,242.45,38.99,100.0,8.84,192.33,663.85,1324.55,26.91
