,id,aqi,temperature,humidity,wind_speed,pm2_5,pm10,co,no2
count,1051.0,1051.0,1051.0,1051.0,1051.0,1051.0,1051.0,1051.0,1051.0
mean,470.1351094196004,129.6349000951475,28.08989533777355,67.17221693625119,1.9387725975261654,58.79270218839201,-19027591692.75095,538.6408468125595,9.142683158896288
std,250.6076174391665,42.4340397733943,4.816684839822743,17.318523766807182,1.2636410418012622,35.65421169706102,435976700670.0087,251.20317400509614,5.377350970549392
min,1.0,2.12,11.99,20.0,0.0,0.51,-9998999486464.0,18.08,0.0
25%,261.5,93.06,25.99,55.0,1.03,32.195,57.785,337.875,4.835
50%,489.0,136.31,28.14,70.0,2.06,50.07,84.89,524.39,8.82
75%,686.5,162.31,30.99,82.0,2.285,77.41,122.09,686.295,12.73
max,884.0,249.94,38.99,100.0,8.84,199.88,663.85,1324.55,26.91
