,id,aqi,temperature,humidity,wind_speed,pm2_5,pm10,co,no2
count,515.0,515.0,515.0,515.0,515.0,515.0,515.0,515.0,515.0
mean,250.09514563106796,110.95541747572815,29.533922330097088,77.24271844660194,2.354194174757281,41.713592233009706,68.52452427184467,485.83071844660196,9.297961165048543
std,139.06402199614155,34.9164949810426,3.152806259371285,11.583788836209697,1.225214457986595,19.41609975452744,41.12533190192719,217.3324503769212,5.513733783195553
min,1.0,2.12,22.99,46.0,0.0,0.51,2.78,18.08,0.0
25%,132.5,83.63,26.99,70.0,1.54,27.68,44.325,311.505,4.82
50%,257.0,107.62,28.99,79.0,2.06,38.3,63.09,477.82,8.84
75%,371.5,145.45499999999998,31.99,84.0,3.09,53.685,85.14,634.4300000000001,12.91
max,479.0,187.49,38.99,100.0,8.23,126.18,663.85,1179.69,26.91
