,id,aqi,temperature,humidity,wind_speed,pm2_5,pm10,co,no2
count,481.0,481.0,481.0,481.0,481.0,481.0,481.0,481.0,481.0
mean,234.84407484407484,110.36557172557171,29.62642411642412,77.17879417879418,2.372931392931393,41.443139293139296,69.64970893970893,485.1676507276507,9.544012474012474
std,131.045835696374,34.5181047081267,3.1724063059057435,11.647122650808054,1.2272810113009696,19.369865091579076,41.98436433064625,220.70715590481979,5.571094176626713
min,1.0,2.12,22.99,46.0,0.0,0.51,2.78,18.08,0.0
25%,124.0,83.68,26.99,70.0,1.54,27.72,44.51,304.01,5.21
50%,241.0,106.2,28.99,79.0,2.06,37.66,64.51,477.82,9.11
75%,348.0,144.41,31.99,84.0,3.09,53.2,86.65,635.71,13.45
max,451.0,187.49,38.99,100.0,8.23,126.18,663.85,1179.69,26.91
