,id,aqi,temperature,humidity,wind_speed,pm2_5,pm10,co,no2
count,927.0,927.0,927.0,927.0,927.0,927.0,927.0,927.0,927.0
mean,421.30312837108954,123.02838187702265,29.088155339805827,69.04099244875944,2.0203775620280475,52.05507011866236,-21572814340.28611,506.18796116504853,8.664822006472491
std,225.55007350863167,39.612633044660164,3.857064476719485,16.351446666434626,1.2497368914686489,29.16666775919772,464191357008.6158,229.99424992729354,5.110212908206876
min,1.0,2.12,17.99,27.0,0.0,0.51,-9998999486464.0,18.08,0.0
25%,232.5,89.56,26.99,58.0,1.03,30.455,54.665,319.565,4.5649999999999995
50%,439.0,119.89,28.99,70.0,2.06,43.52,79.09,492.23,8.24
75%,618.5,157.89999999999998,31.99,83.0,2.57,68.94,110.33000000000001,652.09,12.01
max,786.0,232.49,38.99,100.0,8.84,182.28,663.85,1324.55,26.91
