,id,aqi,temperature,humidity,wind_speed,pm2_5,pm10,co,no2
count,1282.0,1282.0,1282.0,1282.0,1282.0,1282.0,1282.0,1282.0,1282.0
mean,562.0795631825273,157.0867394695788,25.99857254290172,66.35335413416537,1.7938845553822154,89.79528081123244,-15599063023.339567,679.3495865834633,10.267722308892356
std,301.091231443674,77.44556464002923,6.527718433952952,17.62230442516249,1.2677512268718678,81.86683968355419,394782553036.394,427.5955757063973,6.039993469834679
min,1.0,2.12,7.99,20.0,0.0,0.51,-9998999486464.0,18.08,0.0
25%,313.25,98.64999999999999,21.99,54.0,1.03,34.879999999999995,63.7725,372.885,5.425
50%,572.5,154.45499999999998,27.99,70.0,2.06,62.28,100.4,591.13,9.88
75%,812.75,178.4725,30.99,79.0,2.06,108.7125,182.865,837.6675,14.26
max,1095.0,493.9,38.99,100.0,8.84,491.16,663.85,2794.89,28.32
