,id,aqi,temperature,humidity,wind_speed,pm2_5,pm10,co,no2
count,226.0,226.0,226.0,226.0,226.0,226.0,226.0,226.0,226.0
mean,114.41150442477876,105.52946902654868,29.93216814159292,77.10176991150442,2.456460176991151,38.928584070796454,66.2716371681416,441.4418584070796,9.052610619469027
std,65.98150347175574,36.61443214764626,2.830569505013765,9.953817646630842,1.1738187786339704,19.339484601532188,51.15037130718919,193.3229257614715,5.40867646974522
min,1.0,2.12,22.99,47.0,0.0,0.51,19.51,18.08,0.76
25%,57.25,74.27250000000001,27.99,70.0,2.06,24.2825,44.3375,281.095,4.842499999999999
50%,115.0,102.33,28.99,78.5,2.06,36.115,60.43,396.58500000000004,8.125
75%,171.75,138.92499999999998,31.99,83.0,3.09,51.0275,74.57249999999999,602.3050000000001,12.3475
max,226.0,183.63,38.99,100.0,8.23,118.7,663.85,1168.94,26.91
