,id,aqi,temperature,humidity,wind_speed,pm2_5,pm10,co,no2
count,1348.0,1348.0,1348.0,1348.0,1348.0,1348.0,1348.0,1348.0,1348.0
mean,589.7967359050446,165.45224035608308,25.453642433234428,66.79821958456974,1.7702225519287835,99.00397626112759,-14835310662.040089,720.8711646884271,10.50717359050445
std,318.0639445657011,87.3463634403941,6.848510945056082,17.841900662428333,1.2546042103975092,93.54675455443041,385004078243.91205,464.73148735466594,6.138520417103385
min,1.0,2.12,7.99,20.0,0.0,0.51,-9998999486464.0,18.08,0.0
25%,329.0,101.705,20.99,55.0,1.03,35.8425,65.59,383.46,5.605
50%,599.0,155.665,26.99,70.0,2.06,64.68,105.00999999999999,607.3499999999999,10.225000000000001
75%,851.25,185.1925,29.99,82.0,2.06,121.715,198.9425,900.4200000000001,14.805
max,1160.0,493.9,38.99,100.0,8.84,491.16,663.85,2794.89,28.32
