,id,aqi,temperature,humidity,wind_speed,pm2_5,pm10,co,no2
count,478.0,478.0,478.0,478.0,478.0,478.0,478.0,478.0,478.0
mean,233.48953974895397,110.14311715481172,29.66389121338912,77.0857740585774,2.37489539748954,41.354707112970715,69.70589958158996,484.0477615062762,9.542196652719666
std,130.331213672052,34.50197040085974,3.1465084847057314,11.621880187177624,1.2290743604780967,19.392956928368807,42.10712973293584,220.9440766590087,5.588484227520611
min,1.0,2.12,22.99,46.0,0.0,0.51,2.78,18.08,0.0
25%,122.5,83.605,27.3825,70.0,1.54,27.66,44.405,301.49,5.1575
50%,239.5,105.96000000000001,28.99,79.0,2.06,37.565,64.605,476.115,9.075
75%,345.75,144.29,31.99,84.0,3.09,53.1275,86.67250000000001,633.0,13.48
max,449.0,187.49,38.99,100.0,8.23,126.18,663.85,1179.69,26.91
