,id,aqi,temperature,humidity,wind_speed,pm2_5,pm10,co,no2
count,1056.0,1056.0,1056.0,1056.0,1056.0,1056.0,1056.0,1056.0,1056.0
mean,472.1041666666667,130.02095643939396,28.043967803030302,67.12689393939394,1.9325189393939395,59.25530303030303,-18937498927.819447,540.6509659090909,9.168570075757573
std,251.63919958812517,42.736029982968816,4.857581934573527,17.33929586931709,1.2651747718921795,36.25267580257317,434944316726.41077,252.97546019386618,5.3961140433227
min,1.0,2.12,11.99,20.0,0.0,0.51,-9998999486464.0,18.08,0.0
25%,262.75,93.35,25.99,55.0,1.03,32.295,58.019999999999996,338.0,4.8375
50%,491.5,138.675,28.009999999999998,70.0,2.06,50.975,85.60499999999999,524.71,8.85
75%,690.25,162.46249999999998,30.99,82.0,2.2175000000000002,77.70500000000001,122.6675,687.515,12.7925
max,887.0,249.94,38.99,100.0,8.84,199.88,663.85,1324.55,26.91
