,id,aqi,temperature,humidity,wind_speed,pm2_5,pm10,co,no2
count,1270.0,1270.0,1270.0,1270.0,1270.0,1270.0,1270.0,1270.0,1270.0
mean,557.096062992126,155.318937007874,26.08605511811024,66.3267716535433,1.7946141732283463,87.80586614173228,-15746455748.42572,669.4977952755905,10.228519685039371
std,298.09018351850915,75.39187730966108,6.4824553020000435,17.615439127008333,1.2715191242483534,79.30173975077594,396641817225.7432,414.0335638542057,6.030359821114343
min,1.0,2.12,7.99,20.0,0.0,0.51,-9998999486464.0,18.08,0.0
25%,310.25,98.445,21.99,54.0,1.03,34.682500000000005,63.3025,371.96,5.3975
50%,568.5,154.32999999999998,27.99,70.0,2.06,61.974999999999994,99.045,588.095,9.84
75%,806.0,176.815,30.99,79.0,2.06,105.5,175.0325,824.03,14.19
max,1083.0,493.9,38.99,100.0,8.84,491.16,663.85,2470.17,28.32
