,id,aqi,temperature,humidity,wind_speed,pm2_5,pm10,co,no2
count,1218.0,1218.0,1218.0,1218.0,1218.0,1218.0,1218.0,1218.0,1218.0
mean,535.9211822660099,146.2381116584565,26.52365353037767,66.36206896551724,1.8285303776683088,77.7931116584565,-16418718245.638489,628.0543842364532,9.939458128078819
std,285.80394822836723,61.60231701279554,6.185774628795463,17.54607334653102,1.2745285655492415,62.866432369783254,405013405493.93506,361.8021302390466,5.836591727447132
min,1.0,2.12,7.99,20.0,0.0,0.51,-9998999486464.0,18.08,0.0
25%,298.25,97.56,22.99,54.0,1.03,34.2725,62.197500000000005,362.83500000000004,5.28
50%,553.5,152.73,27.99,70.0,2.06,58.864999999999995,95.295,571.84,9.585
75%,775.75,171.9375,30.99,79.0,2.06,96.055,156.38,784.71,13.7775
max,1026.0,402.62,38.99,100.0,8.84,352.96,663.85,2362.04,28.32
