,id,aqi,temperature,humidity,wind_speed,pm2_5,pm10,co,no2
count,944.0,944.0,944.0,944.0,944.0,944.0,944.0,944.0,944.0
mean,427.9819915254237,123.81307203389831,28.986811440677968,68.88877118644068,2.0079978813559323,52.66122881355932,-21184320858.28086,507.2073411016949,8.6964406779661
std,228.89071029103704,39.6838726721029,3.9330254494524657,16.39754401128058,1.2470055398988629,29.268377985806065,459997161496.61456,228.75858778246362,5.110613811667057
min,1.0,2.12,16.99,27.0,0.0,0.51,-9998999486464.0,18.08,0.0
25%,236.75,89.87,26.99,58.0,1.03,30.5975,55.32,320.71750000000003,4.6000000000000005
50%,445.0,122.25,28.99,70.0,2.06,44.165,79.85,493.29999999999995,8.29
75%,627.25,158.625,31.99,83.0,2.5549999999999997,70.5775,111.5925,653.2,12.032499999999999
max,799.0,232.49,38.99,100.0,8.84,182.28,663.85,1324.55,26.91
