,id,aqi,temperature,humidity,wind_speed,pm2_5,pm10,co,no2
count,930.0,930.0,930.0,930.0,930.0,930.0,930.0,930.0,930.0
mean,422.48387096774195,123.17049462365591,29.078161290322583,68.99569892473119,2.0193978494623654,52.1666559139785,-21503224616.023827,506.227064516129,8.653344086021505
std,226.14113032963468,39.62756354402053,3.8607008343015665,16.361496940277018,1.2499699297979252,29.18579207586606,463442865472.2219,229.73334976413292,5.108174341400726
min,1.0,2.12,17.99,27.0,0.0,0.51,-9998999486464.0,18.08,0.0
25%,233.25,89.595,26.99,58.0,1.03,30.47,54.7525,319.6875,4.5625
50%,439.5,120.775,28.99,70.0,2.06,43.57,79.17,492.365,8.19
75%,620.75,158.065,31.99,83.0,2.57,69.3725,110.4675,651.23,12.004999999999999
max,788.0,232.49,38.99,100.0,8.84,182.28,663.85,1324.55,26.91
