,id,aqi,temperature,humidity,wind_speed,pm2_5,pm10,co,no2
count,690.0,690.0,690.0,690.0,690.0,690.0,690.0,690.0,690.0
mean,325.40434782608696,109.14243478260869,29.971304347826088,73.09710144927536,2.2275652173913043,40.87063768115942,-28982607135.7408,456.80478260869563,8.57672463768116
std,177.46692975505553,33.90648985298113,3.281971385797632,14.335625247539044,1.2057220310689192,19.24273192554841,537937235420.209,207.13432889340442,5.340743684411857
min,1.0,2.12,22.99,31.0,0.0,0.51,-9998999486464.0,18.08,0.0
25%,175.25,83.41,27.99,63.0,1.54,27.5525,47.495,294.22,4.06
50%,335.5,104.005,29.845,74.5,2.06,36.78,67.92,431.03499999999997,7.96
75%,480.75,141.29500000000002,31.99,83.0,3.09,51.95,87.8775,604.77,12.105
max,614.0,187.49,38.99,100.0,8.23,126.18,663.85,1179.69,26.91
