,id,aqi,temperature,humidity,wind_speed,pm2_5,pm10,co,no2
count,1029.0,1029.0,1029.0,1029.0,1029.0,1029.0,1029.0,1029.0,1029.0
mean,461.466472303207,128.14615160349854,28.281535471331395,67.42079689018465,1.9622060252672497,57.083168124392614,-19434401238.472363,530.939407191448,9.051321671525752
std,246.07778121931185,41.46182534165396,4.632244643970217,17.199187694219805,1.2580734964591074,33.655780888719384,440608144821.0078,245.0057327006161,5.337292829659959
min,1.0,2.12,12.99,20.0,0.0,0.51,-9998999486464.0,18.08,0.0
25%,257.0,92.07,25.99,55.0,1.03,31.65,57.28,332.52,4.81
50%,479.0,131.83,28.99,70.0,2.06,48.14,83.64,518.32,8.73
75%,672.0,161.47,30.99,82.0,2.4,75.77,119.01,679.3,12.64
max,866.0,242.45,38.99,100.0,8.84,192.33,663.85,1324.55,26.91
