,id,aqi,temperature,humidity,wind_speed,pm2_5,pm10,co,no2
count,651.0,651.0,651.0,651.0,651.0,651.0,651.0,651.0,651.0
mean,309.0906298003072,107.48904761904761,29.871904761904762,74.33486943164363,2.257035330261137,39.74139784946236,69.53640552995391,456.1847311827957,8.635453149001536
std,169.30099573900364,33.341455540409655,3.2423402369976873,13.392477708595724,1.2087333345839635,18.250828930719706,38.08365655094948,209.5382024116108,5.386388649081633
min,1.0,2.12,22.99,32.0,0.0,0.51,2.78,18.08,0.0
25%,165.5,81.43,27.99,66.0,1.54,26.585,46.540000000000006,292.125,4.055
50%,318.0,102.23,28.99,78.0,2.06,36.02,65.97,426.33,7.97
75%,457.0,136.235,31.99,83.0,3.09,49.955,85.755,605.7750000000001,12.120000000000001
max,581.0,187.49,38.99,100.0,8.23,126.18,663.85,1179.69,26.91
