,id,aqi,temperature,humidity,wind_speed,pm2_5,pm10,co,no2
count,1016.0,1016.0,1016.0,1016.0,1016.0,1016.0,1016.0,1016.0,1016.0
mean,456.34448818897636,127.40357283464567,28.39550196850394,67.5482283464567,1.9792027559055116,56.24841535433071,-19683069760.93472,526.4744783464566,8.965344488188975
std,243.41554695953525,41.165459857164635,4.523491038606223,17.15595336244557,1.2540870933341408,32.90369849019582,443415271399.1565,241.74013028838598,5.2629221574051
min,1.0,2.12,12.99,20.0,0.0,0.51,-9998999486464.0,18.08,0.0
25%,253.75,91.7175,25.99,55.0,1.03,31.525,57.04,330.60249999999996,4.7825
50%,474.5,129.83499999999998,28.99,70.0,2.06,47.315,83.045,514.7349999999999,8.61
75%,664.25,160.95250000000001,30.99,82.25,2.4775,74.7825,117.4425,674.71,12.51
max,856.0,242.45,38.99,100.0,8.84,192.33,663.85,1324.55,26.91
