,id,aqi,temperature,humidity,wind_speed,pm2_5,pm10,co,no2
count,773.0,773.0,773.0,773.0,773.0,773.0,773.0,773.0,773.0
mean,359.5459249676585,113.49269081500647,29.76230271668823,71.34282018111254,2.203699870633894,43.771060802069854,-25870632490.278336,464.75576972833113,8.449184993531695
std,194.52687927693268,35.73447139832925,3.4472198194158503,15.251269914508367,1.219566525795929,21.14165021335155,508276857082.6165,204.4007713451974,5.2095879107842125
min,1.0,2.12,19.99,29.0,0.0,0.51,-9998999486464.0,18.08,0.0
25%,196.0,84.67,27.19,62.0,1.22,28.14,49.41,302.81,4.09
50%,372.0,108.36,28.99,74.0,2.06,38.49,71.96,441.51,7.88
75%,530.0,151.94,31.99,83.0,3.09,57.34,93.76,614.77,11.95
max,673.0,187.49,38.99,100.0,8.84,126.18,663.85,1179.69,26.91
