,id,aqi,temperature,humidity,wind_speed,pm2_5,pm10,co,no2
count,1214.0,1214.0,1214.0,1214.0,1214.0,1214.0,1214.0,1214.0,1214.0
mean,534.3113673805601,145.57163920922568,26.555889621087317,66.39209225700165,1.8303130148270181,77.06535420098848,-16472816165.397192,623.6958896210874,9.89536243822076
std,284.89206863174456,60.54857743890164,6.166697985726512,17.553483554600263,1.2753063033634264,61.62749996833918,405679544606.37354,353.7056060667654,5.788312284408651
min,1.0,2.12,7.99,20.0,0.0,0.51,-9998999486464.0,18.08,0.0
25%,297.25,97.45750000000001,22.99,54.0,1.03,34.239999999999995,62.162499999999994,362.725,5.2725
50%,551.5,152.725,27.99,70.0,2.06,58.855000000000004,94.965,571.45,9.55
75%,774.0,171.885,30.99,79.0,2.06,95.94,155.38,780.595,13.7375
max,1022.0,402.62,38.99,100.0,8.84,352.96,663.85,2362.04,28.32
