,id,aqi,temperature,humidity,wind_speed,pm2_5,pm10,co,no2
count,1279.0,1279.0,1279.0,1279.0,1279.0,1279.0,1279.0,1279.0,1279.0
mean,560.8318999218139,156.67523846755276,26.009538702111026,66.39171227521501,1.7940656763096166,89.34300234558249,-15635651913.213293,677.5317982799061,10.266379984362784
std,300.3381438840887,77.05754039578741,6.530920510424647,17.619938915297308,1.2690147677691805,81.41768992332021,395244916951.43896,426.11379151794983,6.042481220098952
min,1.0,2.12,7.99,20.0,0.0,0.51,-9998999486464.0,18.08,0.0
25%,312.5,98.57,21.99,54.0,1.03,34.795,63.715,372.415,5.43
50%,572.0,154.4,27.99,70.0,2.06,62.19,100.35,590.49,9.88
75%,811.5,178.315,30.99,79.0,2.06,108.4,180.655,830.3050000000001,14.25
max,1092.0,493.9,38.99,100.0,8.84,491.16,663.85,2794.89,28.32
