,id,aqi,temperature,humidity,wind_speed,pm2_5,pm10,co,no2
count,1073.0,1073.0,1073.0,1073.0,1073.0,1073.0,1073.0,1073.0,1073.0
mean,478.7837837837838,131.80947809878845,27.897726001863933,67.01770736253495,1.9153401677539608,61.36056849953402,-18637463991.321358,547.8436067101585,9.253205964585273
std,255.13221959524245,45.084794338124105,4.986719999554764,17.3408182391027,1.2680508241287016,40.07874820640208,431488301536.4284,260.50564762753504,5.427903959292912
min,1.0,2.12,11.99,20.0,0.0,0.51,-9998999486464.0,18.08,0.0
25%,266.0,93.61,24.99,55.0,1.03,32.4,58.71,338.6,4.88
50%,499.0,140.67,27.99,70.0,2.06,51.7,86.37,529.2,8.94
75%,701.0,163.43,30.99,82.0,2.15,79.58,125.93,697.23,12.91
max,900.0,348.23,38.99,100.0,8.84,298.16,663.85,1655.54,26.91
