,id,aqi,temperature,humidity,wind_speed,pm2_5,pm10,co,no2
count,1132.0,1132.0,1132.0,1132.0,1132.0,1132.0,1132.0,1132.0,1132.0
mean,501.8047703180212,137.93336572438164,27.34599823321555,66.87014134275618,1.8701060070671378,68.48715547703179,-17666076719.59044,575.8891696113075,9.45714664310954
std,267.12010275606457,52.17208065687738,5.485893796317132,17.344379704060994,1.277361472650481,50.668889558484146,420103451617.3241,290.05610487652984,5.486138700930809
min,1.0,2.12,9.99,20.0,0.0,0.51,-9998999486464.0,18.08,0.0
25%,278.75,95.3075,24.99,55.0,1.03,33.230000000000004,60.6425,348.1375,5.077500000000001
50%,521.5,148.64499999999998,27.99,70.0,2.06,55.035,90.265,551.965,9.22
75%,730.25,166.5775,30.99,79.75,2.06,85.6625,137.5125,729.0025,13.285
max,945.0,363.54,38.99,100.0,8.84,313.61,663.85,1714.68,26.91
