,id,aqi,temperature,humidity,wind_speed,pm2_5,pm10,co,no2
count,1305.0,1305.0,1305.0,1305.0,1305.0,1305.0,1305.0,1305.0,1305.0
mean,571.6835249042146,161.72302681992338,25.80914942528736,66.50114942528735,1.7827816091954025,94.96234482758621,-15324136999.668695,698.8768045977012,10.388214559386974
std,306.92477033306915,84.31295552544478,6.642448140365135,17.65101902452628,1.2644452464447051,90.02818752364198,391290857044.19543,450.1130895548709,6.104716818869778
min,1.0,2.12,7.99,20.0,0.0,0.51,-9998999486464.0,18.08,0.0
25%,319.0,99.81,21.99,54.0,1.03,35.57,64.51,376.96,5.47
50%,583.0,154.91,26.99,70.0,2.06,63.17,101.87,597.42,10.02
75%,827.0,180.66,30.15,81.0,2.06,112.94,188.48,860.31,14.59
max,1118.0,493.9,38.99,100.0,8.84,491.16,663.85,2794.89,28.32
