,id,aqi,temperature,humidity,wind_speed,pm2_5,pm10,co,no2
count,1421.0,1421.0,1421.0,1421.0,1421.0,1421.0,1421.0,1421.0,1421.0
mean,620.8684025334271,172.4059887403237,24.792251935256868,67.5615763546798,1.7392399718508094,106.80121041520056,-14073187015.988218,771.2465376495426,10.871435608726248
std,337.3801324865939,91.3048517821966,7.295147740725964,18.03283121024034,1.251205891335955,98.25925565735108,374991592285.33813,514.3869572092763,6.376401335699802
min,1.0,2.12,6.99,20.0,0.0,0.51,-9998999486464.0,18.08,0.0
25%,343.0,103.88,19.99,55.0,1.03,36.77,67.37,394.7,5.79
50%,629.0,157.56,26.99,70.0,2.06,68.24,110.29,627.21,10.63
75%,895.0,195.78,29.99,82.0,2.06,142.22,223.5,987.52,15.1
max,1230.0,493.9,38.99,100.0,8.84,491.16,663.85,2839.26,33.91
