,id,aqi,temperature,humidity,wind_speed,pm2_5,pm10,co,no2
count,924.0,924.0,924.0,924.0,924.0,924.0,924.0,924.0,924.0
mean,420.1222943722944,122.86945887445889,29.114448051948052,69.03354978354979,2.022478354978355,51.91199134199134,-21642855945.789127,505.528538961039,8.653701298701298
std,224.95967901803186,39.57835866855098,3.8335737039991864,16.371564544362837,1.2499953735849811,29.105335631588996,464943486880.7121,230.06978210641103,5.113108548291068
min,1.0,2.12,18.99,27.0,0.0,0.51,-9998999486464.0,18.08,0.0
25%,231.75,89.4925,26.99,58.0,1.03,30.4425,54.6025,319.5525,4.557499999999999
50%,437.5,119.75,28.99,70.0,2.06,43.150000000000006,79.0,490.56500000000005,8.19
75%,616.25,157.835,31.99,83.0,2.57,68.7775,109.9925,649.5799999999999,12.01
max,783.0,232.49,38.99,100.0,8.84,182.28,663.85,1324.55,26.91
