,id,aqi,temperature,humidity,wind_speed,pm2_5,pm10,co,no2
count,1394.0,1394.0,1394.0,1394.0,1394.0,1394.0,1394.0,1394.0,1394.0
mean,609.3220946915352,170.43248206599714,25.05168579626973,67.21377331420373,1.744670014347202,104.56722381635582,-14345766683.266645,747.8998421807747,10.695093256814921
std,330.1650182151936,90.87750201712728,7.111288415453737,17.921827050237965,1.255969207069741,97.64833908042652,378603144299.1028,485.6465085326355,6.210368610281958
min,1.0,2.12,6.99,20.0,0.0,0.51,-9998999486464.0,18.08,0.0
25%,338.0,102.7175,19.99,55.0,1.03,36.285,66.58,388.9025,5.71
50%,620.5,156.74,26.99,70.0,2.06,66.68,108.14,620.0,10.475000000000001
75%,880.0,191.79250000000002,29.99,82.0,2.06,134.5075,217.3575,946.47,15.01
max,1203.0,493.9,38.99,100.0,8.84,491.16,663.85,2794.89,28.32
