,id,aqi,temperature,humidity,wind_speed,pm2_5,pm10,co,no2
count,654.0,654.0,654.0,654.0,654.0,654.0,654.0,654.0,654.0
mean,310.34709480122325,107.42134556574923,29.890107033639147,74.19113149847095,2.2583333333333333,39.70562691131498,69.61100917431193,455.2353363914374,8.619740061162078
std,169.92425215177994,33.281123544798454,3.2491149207138843,13.54800373300818,1.2085361801890466,18.21705906224814,38.012154792866625,209.65768666947488,5.388561001973664
min,1.0,2.12,22.99,32.0,0.0,0.51,2.78,18.08,0.0
25%,166.25,81.44500000000001,27.99,66.0,1.54,26.61,46.5625,291.38,4.05
50%,319.5,102.185,28.99,78.0,2.06,35.995000000000005,66.17,424.405,7.96
75%,458.75,135.8225,31.99,83.0,3.09,49.825,85.76249999999999,604.77,12.105
max,584.0,187.49,38.99,100.0,8.23,126.18,663.85,1179.69,26.91
