,id,aqi,temperature,humidity,wind_speed,pm2_5,pm10,co,no2
count,646.0,646.0,646.0,646.0,646.0,646.0,646.0,646.0,646.0
mean,307.0015479876161,107.56934984520124,29.878730650154804,74.43188854489163,2.2641486068111454,39.788312693498455,69.42065015479876,456.6352476780186,8.638297213622291
std,168.2732780973587,33.446292148627954,3.248704395096303,13.387979283524666,1.206060716672416,18.30962589471442,38.18223543930522,210.1549453610502,5.395691236322613
min,1.0,2.12,22.99,32.0,0.0,0.51,2.78,18.08,0.0
25%,164.25,81.4,27.99,66.0,1.54,26.57,46.4075,292.0375,4.0525
50%,315.5,102.255,28.99,78.0,2.06,36.040000000000006,65.69999999999999,427.28999999999996,7.984999999999999
75%,453.75,136.7375,31.99,83.0,3.09,50.4975,85.76249999999999,606.9749999999999,12.125
max,576.0,187.49,38.99,100.0,8.23,126.18,663.85,1179.69,26.91
