,id,aqi,temperature,humidity,wind_speed,pm2_5,pm10,co,no2
count,578.0,578.0,578.0,578.0,578.0,578.0,578.0,578.0,578.0
mean,278.00865051903116,108.2521972318339,29.63034602076125,76.33910034602076,2.328287197231834,40.28584775086505,67.60032871972318,469.25643598615915,8.868062283737023
std,153.72513089791,34.78780853076995,3.1591562973223333,12.099066547504224,1.2269422083127812,19.126690291730423,39.557388993484864,214.87221792774687,5.464415693655064
min,1.0,2.12,22.99,37.0,0.0,0.51,2.78,18.08,0.0
25%,147.25,79.64750000000001,26.99,66.0,1.54,25.762500000000003,44.5325,297.3025,4.2425
50%,284.5,102.945,28.99,79.0,2.06,36.37,62.57,445.44500000000005,8.115
75%,411.75,142.285,31.99,84.0,3.09,52.335,82.815,620.6775,12.375
max,529.0,187.49,38.99,100.0,8.23,126.18,663.85,1179.69,26.91
