,id,aqi,temperature,humidity,wind_speed,pm2_5,pm10,co,no2
count,262.0,262.0,262.0,262.0,262.0,262.0,262.0,262.0,262.0
mean,132.24045801526717,106.24019083969466,30.120229007633586,76.18320610687023,2.445343511450382,39.44129770992366,70.9881679389313,432.0245419847328,8.733015267175574
std,75.95995746764696,36.5412612680409,2.9131334173888828,10.684468999632154,1.1813962112621479,19.62190317306788,50.12075810279884,205.47703366268513,5.487304301553752
min,1.0,2.12,22.99,46.0,0.0,0.51,2.78,18.08,0.0
25%,66.25,77.1275,27.99,70.0,2.06,24.5975,45.72,266.88,3.9975
50%,134.5,102.33,29.99,78.0,2.06,36.115,63.145,380.77,7.9799999999999995
75%,198.75,139.85250000000002,31.99,83.0,3.09,51.36,79.405,600.4375,12.125
max,260.0,183.63,38.99,100.0,8.23,118.7,663.85,1168.94,26.91
