,id,aqi,temperature,humidity,wind_speed,pm2_5,pm10,co,no2
count,412.0,412.0,412.0,412.0,412.0,412.0,412.0,412.0,412.0
mean,203.27912621359224,109.13720873786407,30.152912621359224,75.50970873786407,2.3680097087378638,40.66592233009709,72.94080097087378,442.7370631067961,9.071140776699028
std,114.20729542028029,34.38567862676247,2.9370711800080698,11.205117136229076,1.2058720562165395,18.941640077642056,43.52360301665674,199.85651096608933,5.532959496320173
min,1.0,2.12,22.99,46.0,0.0,0.51,2.78,18.08,0.0
25%,103.75,83.3375,27.99,66.0,1.54,27.53,47.845,277.9425,4.237500000000001
50%,206.5,104.555,29.99,78.0,2.06,37.065,67.08500000000001,404.48,8.4
75%,302.25,142.175,31.99,83.0,3.09,52.325,90.5825,601.395,12.7075
max,392.0,187.49,38.99,100.0,8.23,126.18,663.85,1168.94,26.91
