,id,aqi,temperature,humidity,wind_speed,pm2_5,pm10,co,no2
count,648.0,648.0,648.0,648.0,648.0,648.0,648.0,648.0,648.0
mean,307.83641975308643,107.54677469135802,29.87444444444445,74.39197530864197,2.2571604938271608,39.774228395061726,69.44529320987655,456.75271604938274,8.65091049382716
std,168.6826889533739,33.397721006180255,3.244714403618755,13.387948066589653,1.2107368554269302,18.28326154933234,38.126585712467005,209.84462719357126,5.392607906686052
min,1.0,2.12,22.99,32.0,0.0,0.51,2.78,18.08,0.0
25%,164.75,81.42,27.99,66.0,1.54,26.57,46.4825,292.2125,4.057499999999999
50%,316.5,102.255,28.99,78.0,2.06,36.040000000000006,65.86,428.515,8.015
75%,455.25,136.4525,31.99,83.0,3.09,50.2125,85.7475,606.565,12.13
max,578.0,187.49,38.99,100.0,8.23,126.18,663.85,1179.69,26.91
