,id,aqi,temperature,humidity,wind_speed,pm2_5,pm10,co,no2
count,1342.0,1342.0,1342.0,1342.0,1342.0,1342.0,1342.0,1342.0,1342.0
mean,587.258569299553,165.23592399403876,25.490737704918033,66.86512667660209,1.7719970193740686,98.72250372578242,-14901638430.73447,717.9547242921014,10.479269746646796
std,316.49463038687304,87.47580158842698,6.837269710852076,17.811897002176828,1.2554469683034326,93.65331634932666,385863141917.5571,463.1229972761032,6.1205656479707695
min,1.0,2.12,7.99,20.0,0.0,0.51,-9998999486464.0,18.08,0.0
25%,328.25,101.6525,20.99,55.0,1.03,35.7825,65.5,382.64250000000004,5.595
50%,598.0,155.62,26.99,70.0,2.06,64.455,104.56,607.005,10.195
75%,848.0,184.51500000000001,29.99,82.0,2.06,120.4075,197.0325,894.0875000000001,14.754999999999999
max,1154.0,493.9,38.99,100.0,8.84,491.16,663.85,2794.89,28.32
