,id,aqi,temperature,humidity,wind_speed,pm2_5,pm10,co,no2
count,1437.0,1437.0,1437.0,1437.0,1437.0,1437.0,1437.0,1437.0,1437.0
mean,627.7453027139875,173.22173277661793,24.648315935977735,67.6374391092554,1.737432150313152,107.7259707724426,-13916491820.475368,779.5014057063327,10.947501739735559
std,341.7021589721594,91.28503313219124,7.383120699044606,17.972241552398884,1.2466265969841392,98.30466910977258,372899576751.79944,520.4805458229878,6.42680739517992
min,1.0,2.12,6.99,20.0,0.0,0.51,-9998999486464.0,18.08,0.0
25%,347.0,104.42,18.99,55.0,1.03,36.93,68.09,397.7,5.83
50%,634.0,157.88,26.99,70.0,2.06,68.9,110.85,629.84,10.72
75%,902.0,197.42,29.99,82.0,2.06,145.41,226.73,1007.82,15.22
max,1246.0,493.9,38.99,100.0,8.84,491.16,663.85,2839.26,33.91
