,id,aqi,temperature,humidity,wind_speed,pm2_5,pm10,co,no2
count,1028.0,1028.0,1028.0,1028.0,1028.0,1028.0,1028.0,1028.0,1028.0
mean,461.0729571984436,128.08997081712062,28.29446498054475,67.4114785992218,1.964114785992218,57.01894941634241,-19453306298.259136,530.5618482490273,9.041313229571983
std,245.87341588500016,41.44280243081419,4.615885213638988,17.20496023879252,1.2571942511237748,33.609027773394516,440822187327.79565,244.82530745192028,5.330221229146652
min,1.0,2.12,12.99,20.0,0.0,0.51,-9998999486464.0,18.08,0.0
25%,256.75,92.0325,25.99,55.0,1.03,31.645,57.2625,332.2675,4.805
50%,479.0,131.63,28.99,70.0,2.06,48.08,83.535,518.235,8.715
75%,671.25,161.45499999999998,30.99,82.0,2.4074999999999998,75.74000000000001,118.6425,678.895,12.6325
max,865.0,242.45,38.99,100.0,8.84,192.33,663.85,1324.55,26.91
