,id,aqi,temperature,humidity,wind_speed,pm2_5,pm10,co,no2
count,602.0,602.0,602.0,602.0,602.0,602.0,602.0,602.0,602.0
mean,288.36046511627904,107.5714950166113,29.736046511627904,75.72093023255815,2.295348837209302,39.90981727574751,67.86965116279069,463.35149501661124,8.761794019933555
std,158.97795857579774,34.41923763766727,3.197220972644254,12.448838145779572,1.2231450533512969,18.891021350200848,38.92055724700267,213.69874219345724,5.442296462534965
min,1.0,2.12,22.99,37.0,0.0,0.51,2.78,18.08,0.0
25%,153.25,79.255,27.99,66.0,1.54,25.675,45.21,294.22,4.165
50%,295.5,102.12,28.99,78.0,2.06,35.980000000000004,63.05500000000001,432.555,8.045
75%,428.75,140.44,31.99,84.0,3.09,51.6,83.285,617.425,12.265
max,547.0,187.49,38.99,100.0,8.23,126.18,663.85,1179.69,26.91
