,id,aqi,temperature,humidity,wind_speed,pm2_5,pm10,co,no2
count,792.0,792.0,792.0,792.0,792.0,792.0,792.0,792.0,792.0
mean,367.2828282828283,114.55373737373738,29.670542929292935,70.93939393939394,2.1755429292929294,44.38535353535353,-25249998627.099606,466.7026262626262,8.474747474747474
std,198.42052243905343,35.95884474605327,3.510536365122507,15.505029195484704,1.2302108226611699,21.305284224933402,502150913414.1211,203.47893938344976,5.182264116905277
min,1.0,2.12,19.99,27.0,0.0,0.51,-9998999486464.0,18.08,0.0
25%,200.75,85.44500000000001,26.99,62.0,1.03,28.57,50.23,304.9175,4.15
50%,379.5,109.58,28.99,74.0,2.06,38.99,72.975,449.45,7.945
75%,541.0,152.73,31.99,83.0,3.09,58.8625,95.49249999999999,615.715,11.942499999999999
max,690.0,187.49,38.99,100.0,8.84,126.18,663.85,1179.69,26.91
