,id,aqi,temperature,humidity,wind_speed,pm2_5,pm10,co,no2
count,1253.0,1253.0,1253.0,1253.0,1253.0,1253.0,1253.0,1253.0,1253.0
mean,550.1133280127693,151.83027134876298,26.22223463687151,66.22505985634477,1.806632083000798,83.89968076616121,-15960094818.690378,654.8242777334398,10.177462090981644
std,293.9696631718198,69.42616699188495,6.401960658577578,17.608643433799287,1.2719851869447694,71.99181492275666,399321320712.1376,394.60988655403855,6.018801501058564
min,1.0,2.12,7.99,20.0,0.0,0.51,-9998999486464.0,18.08,0.0
25%,306.0,98.17,22.99,54.0,1.03,34.55,62.95,368.74,5.38
50%,564.0,154.02,27.99,70.0,2.06,61.38,96.8,583.72,9.77
75%,795.0,175.05,30.99,79.0,2.06,102.08,167.33,812.43,14.15
max,1061.0,403.0,38.99,100.0,8.84,353.53,663.85,2380.16,28.32
