,id,aqi,temperature,humidity,wind_speed,pm2_5,pm10,co,no2
count,511.0,511.0,511.0,511.0,511.0,511.0,511.0,511.0,511.0
mean,248.30724070450097,111.22923679060665,29.55383561643836,77.19569471624266,2.348454011741683,41.85244618395303,68.8563796477495,486.9293542074364,9.337945205479453
std,138.12352217794748,34.913203384863436,3.1551910175516777,11.602436401368273,1.216417658108992,19.4274900260001,41.11372244088074,217.81282395170732,5.516101198872929
min,1.0,2.12,22.99,46.0,0.0,0.51,2.78,18.08,0.0
25%,131.5,84.16499999999999,26.99,70.0,1.54,27.895,44.545,310.295,4.845
50%,255.0,108.07,28.99,79.0,2.06,38.37,63.4,478.29,8.88
75%,368.5,145.77499999999998,31.99,84.0,3.09,53.825,85.58500000000001,635.6400000000001,13.035
max,477.0,187.49,38.99,100.0,8.23,126.18,663.85,1179.69,26.91
