,id,aqi,temperature,humidity,wind_speed,pm2_5,pm10,co,no2
count,525.0,525.0,525.0,525.0,525.0,525.0,525.0,525.0,525.0
mean,254.54285714285714,110.23638095238096,29.529276190476192,77.26666666666667,2.3662285714285716,41.354057142857144,67.71918095238095,483.5911238095238,9.212019047619048
std,141.38814453653913,35.09745783958096,3.136202036788763,11.56830582866597,1.2451643355254591,19.451273612527284,41.16548004370463,215.92922293572903,5.499318149929163
min,1.0,2.12,22.99,46.0,0.0,0.51,2.78,18.08,0.0
25%,135.0,83.18,26.99,70.0,1.54,27.5,43.46,312.16,4.73
50%,261.0,106.81,28.99,79.0,2.06,37.96,62.47,469.05,8.6
75%,378.0,144.63,31.99,84.0,3.09,53.41,84.37,632.13,12.75
max,488.0,187.49,38.99,100.0,8.23,126.18,663.85,1179.69,26.91
