,id,aqi,temperature,humidity,wind_speed,pm2_5,pm10,co,no2
count,1166.0,1166.0,1166.0,1166.0,1166.0,1166.0,1166.0,1166.0,1166.0
mean,515.1698113207547,139.71332761578043,27.014862778730706,66.63979416809606,1.8447255574614063,70.51253859348199,-17150942401.534248,588.2962521440824,9.602392795883361
std,274.2727447657491,52.72717834488781,5.781294591052781,17.454163480104537,1.2788757341902934,51.79433048899494,413938475798.31506,299.819724424402,5.552447198482025
min,1.0,2.12,8.99,20.0,0.0,0.51,-9998999486464.0,18.08,0.0
25%,287.25,96.145,23.99,55.0,1.03,33.61,61.14,355.5125,5.195
50%,532.5,151.515,27.99,70.0,2.06,56.555,92.445,560.125,9.35
75%,748.0,168.69,30.99,79.0,2.06,89.7675,142.855,745.8075,13.467500000000001
max,976.0,363.54,38.99,100.0,8.84,313.61,663.85,1714.68,26.91
