,id,aqi,temperature,humidity,wind_speed,pm2_5,pm10,co,no2
count,861.0,861.0,861.0,861.0,861.0,861.0,861.0,861.0,861.0
mean,395.2206736353078,118.72874564459929,29.427851335656214,69.54239256678281,2.0915098722415797,47.80392566782811,-23226479563.404747,484.8776422764228,8.575876887340302
std,212.59532491744733,37.42171904875961,3.6424368799451896,16.29794189715135,1.2406871863524542,24.070540697186956,481634207367.6842,213.77422934867693,5.158260575641851
min,1.0,2.12,19.99,27.0,0.0,0.51,-9998999486464.0,18.08,0.0
25%,216.0,87.53,26.99,58.0,1.03,29.53,53.19,312.9,4.35
50%,409.0,113.48,28.99,73.0,2.06,40.66,76.29,473.2,8.07
75%,576.0,155.34,31.99,83.0,2.57,64.38,102.72,632.13,11.99
max,739.0,187.49,38.99,100.0,8.84,126.18,663.85,1179.69,26.91
