,id,aqi,temperature,humidity,wind_speed,pm2_5,pm10,co,no2
count,1153.0,1153.0,1153.0,1153.0,1153.0,1153.0,1153.0,1153.0,1153.0
mean,510.04163052905466,139.16836947094535,27.150442324371205,66.67562879444927,1.8583781439722464,69.87282740676496,-17344318163.421227,583.2804249783175,9.525316565481354
std,271.5022700464853,52.75907326797933,5.653267190369397,17.45009464439084,1.2770002920014933,51.68295363572713,416263481811.6796,296.55156192346436,5.510363823742657
min,1.0,2.12,9.99,20.0,0.0,0.51,-9998999486464.0,18.08,0.0
25%,284.0,96.05,23.99,55.0,1.03,33.53,60.86,351.98,5.09
50%,528.0,151.05,27.99,70.0,2.06,55.78,91.89,557.05,9.29
75%,742.0,167.74,30.99,79.0,2.06,87.92,140.03,738.62,13.36
max,964.0,363.54,38.99,100.0,8.84,313.61,663.85,1714.68,26.91
