,id,aqi,temperature,humidity,wind_speed,pm2_5,pm10,co,no2
count,1275.0,1275.0,1275.0,1275.0,1275.0,1275.0,1275.0,1275.0,1275.0
mean,559.1701960784313,156.14610980392155,26.052737254901963,66.33019607843137,1.7948470588235292,88.76037647058823,-15684704939.94131,674.3545882352942,10.245474509803921
std,299.33693871403494,76.59357909126528,6.494829796623756,17.6127448558905,1.2699453149503181,80.87449000331408,395863936821.38275,422.93478618425837,6.037935620104665
min,1.0,2.12,7.99,20.0,0.0,0.51,-9998999486464.0,18.08,0.0
25%,311.5,98.51499999999999,21.99,54.0,1.03,34.72,63.555,372.185,5.404999999999999
50%,571.0,154.35,27.99,70.0,2.06,62.05,100.18,589.81,9.85
75%,808.5,177.73,30.99,79.0,2.06,107.265,177.53500000000003,829.175,14.215
max,1088.0,493.9,38.99,100.0,8.84,491.16,663.85,2794.89,28.32
