,id,aqi,temperature,humidity,wind_speed,pm2_5,pm10,co,no2
count,387.0,387.0,387.0,387.0,387.0,387.0,387.0,387.0,387.0
mean,191.70542635658916,108.3995865633075,30.251291989664082,75.28165374677003,2.3773385012919896,40.327467700258396,73.88498708010336,433.04100775193797,8.953617571059432
std,108.03984127202608,34.46152425117957,2.876543493763998,11.189176364878591,1.1984082260697886,18.90941526855932,44.20252141762955,198.57248553140917,5.4981193523744745
min,1.0,2.12,22.99,46.0,0.0,0.51,2.78,18.08,0.0
25%,97.5,83.015,27.99,66.0,1.54,27.39,49.115,270.57,4.05
50%,196.0,103.34,29.99,78.0,2.06,36.79,68.36,394.2,8.25
75%,285.5,140.47,31.99,83.0,3.09,51.83,91.595,597.51,12.469999999999999
max,372.0,187.49,38.99,100.0,8.23,126.18,663.85,1168.94,26.91
