,id,aqi,temperature,humidity,wind_speed,pm2_5,pm10,co,no2
count,278.0,278.0,278.0,278.0,278.0,278.0,278.0,278.0,278.0
mean,140.01438848920864,105.15309352517984,30.227841726618706,75.7158273381295,2.4157194244604314,38.85172661870503,72.27776978417266,422.579892086331,8.630863309352518
std,80.19079104934238,35.90039058039837,2.933470305392717,10.834586676316478,1.1748517167592814,19.257046548559007,49.10020862180661,203.96577425159666,5.44089886686411
min,1.0,2.12,22.99,46.0,0.0,0.51,2.78,18.08,0.0
25%,70.25,75.96000000000001,27.99,70.0,2.06,24.2825,46.917500000000004,264.84000000000003,3.975
50%,142.5,99.87,29.99,78.0,2.06,35.65,65.1,368.31,7.91
75%,208.75,137.93,32.99,83.0,3.09,50.88,84.1225,594.115,12.004999999999999
max,273.0,183.63,38.99,100.0,8.23,118.7,663.85,1168.94,26.91
