,id,aqi,temperature,humidity,wind_speed,pm2_5,pm10,co,no2
count,559.0,559.0,559.0,559.0,559.0,559.0,559.0,559.0,559.0
mean,269.6654740608229,109.12320214669052,29.56982110912343,76.74418604651163,2.3484973166368515,40.73858676207514,67.51114490161001,474.54359570661893,8.98010733452594
std,149.37955580041034,34.94166277431533,3.1417206954970056,11.872713407820868,1.2372047185788577,19.250300550814014,40.04801183246737,215.8748573352646,5.486017579022833
min,1.0,2.12,22.99,46.0,0.0,0.51,2.78,18.08,0.0
25%,143.5,81.11500000000001,26.99,70.0,1.54,26.53,44.185,298.79499999999996,4.305
50%,275.0,104.59,28.99,79.0,2.06,36.97,62.51,459.15,8.2
75%,398.5,143.87,31.99,84.0,3.09,53.04,82.63,624.265,12.524999999999999
max,517.0,187.49,38.99,100.0,8.23,126.18,663.85,1179.69,26.91
