,id,aqi,temperature,humidity,wind_speed,pm2_5,pm10,co,no2
count,1154.0,1154.0,1154.0,1154.0,1154.0,1154.0,1154.0,1154.0,1154.0
mean,510.43500866551125,139.20193240901213,27.139038128249567,66.67590987868284,1.8567677642980935,69.90551993067591,-17329288424.84226,583.4939601386482,9.53082322357019
std,271.7133195780492,52.74851282449368,5.66407942136406,17.442528359503864,1.2776181369520752,51.672472524274816,416083242691.74664,296.5116777983184,5.511149396012328
min,1.0,2.12,9.99,20.0,0.0,0.51,-9998999486464.0,18.08,0.0
25%,284.25,96.05499999999999,23.99,55.0,1.03,33.535,60.9025,352.1225,5.1025
50%,528.5,151.095,27.99,70.0,2.06,55.870000000000005,91.91499999999999,557.25,9.295
75%,742.75,167.79250000000002,30.99,79.0,2.06,88.025,140.67499999999998,739.4525,13.375
max,964.0,363.54,38.99,100.0,8.84,313.61,663.85,1714.68,26.91
