,id,aqi,temperature,humidity,wind_speed,pm2_5,pm10,co,no2
count,616.0,616.0,616.0,616.0,616.0,616.0,616.0,616.0,616.0
mean,294.3685064935065,107.70698051948052,29.790519480519485,75.30681818181819,2.2849837662337666,39.92527597402598,68.4658603896104,461.14652597402596,8.730146103896105
std,162.02948315985694,34.101645030624866,3.2233567399204563,12.764853383102041,1.221237277330214,18.694399646287028,38.71377153643906,212.34747801835803,5.424561259370911
min,1.0,2.12,22.99,34.0,0.0,0.51,2.78,18.08,0.0
25%,156.75,79.7025,27.99,66.0,1.54,25.7675,45.6175,293.605,4.1125
50%,301.5,102.33,28.99,78.0,2.06,36.075,63.94,429.985,8.015
75%,437.25,139.79500000000002,31.99,84.0,3.09,51.36,84.995,611.8675,12.3125
max,557.0,187.49,38.99,100.0,8.23,126.18,663.85,1179.69,26.91
