,id,aqi,temperature,humidity,wind_speed,pm2_5,pm10,co,no2
count,657.0,657.0,657.0,657.0,657.0,657.0,657.0,657.0,657.0
mean,311.60426179604264,107.39643835616437,29.879117199391175,74.13546423135465,2.253089802130898,39.68811263318112,69.66628614916286,455.245403348554,8.629771689497717
std,170.54991360475648,33.20908602035821,3.246798349813725,13.56032949831081,1.2094412813195476,18.17785134055303,37.935767984696525,209.19612211317937,5.379938976690795
min,1.0,2.12,22.99,32.0,0.0,0.51,2.78,18.08,0.0
25%,167.0,81.49,27.99,66.0,1.54,26.64,46.57,291.95,4.05
50%,322.0,102.21,28.99,78.0,2.06,36.0,66.24,425.17,8.0
75%,461.0,134.81,31.99,83.0,3.09,49.78,85.77,603.51,12.11
max,586.0,187.49,38.99,100.0,8.23,126.18,663.85,1179.69,26.91
