,id,aqi,temperature,humidity,wind_speed,pm2_5,pm10,co,no2
count,841.0,841.0,841.0,841.0,841.0,841.0,841.0,841.0,841.0
mean,387.1973840665874,117.6451724137931,29.497717003567185,69.99524375743162,2.1087990487514863,47.00864447086801,-23778833420.456852,479.2851248513674,8.489322235434008
std,208.5616993163418,37.16943108446586,3.6069036676125315,16.042873398335953,1.2430679630498884,23.666328176352778,487320726958.804,210.1113124501819,5.114995265285966
min,1.0,2.12,19.99,27.0,0.0,0.51,-9998999486464.0,18.08,0.0
25%,211.0,87.02,26.99,59.0,1.03,29.3,52.67,312.11,4.3
50%,400.0,112.62,28.99,74.0,2.06,40.27,74.61,469.05,8.0
75%,566.0,154.81,31.99,83.0,2.97,62.93,101.12,627.4,11.88
max,726.0,187.49,38.99,100.0,8.84,126.18,663.85,1179.69,26.91
