,id,aqi,temperature,humidity,wind_speed,pm2_5,pm10,co,no2
count,1054.0,1054.0,1054.0,1054.0,1054.0,1054.0,1054.0,1054.0,1054.0
mean,471.3178368121442,129.86049335863376,28.054506641366228,67.18595825426945,1.9332542694497152,59.06879506641366,-18973433461.398495,540.0323719165085,9.169971537001897
std,251.22853416103572,42.59726605933503,4.855712772343131,17.29986776465124,1.2660639358664327,35.99702803193274,435356389532.383,252.28494319976537,5.396236025884369
min,1.0,2.12,11.99,20.0,0.0,0.51,-9998999486464.0,18.08,0.0
25%,262.25,93.17,25.99,55.0,1.03,32.285,57.980000000000004,337.92,4.842499999999999
50%,490.5,137.57999999999998,28.08,70.0,2.06,50.8,85.49000000000001,524.71,8.85
75%,688.75,162.3775,30.99,82.0,2.2325,77.5375,122.5075,687.0999999999999,12.78
max,886.0,249.94,38.99,100.0,8.84,199.88,663.85,1324.55,26.91
