,id,aqi,temperature,humidity,wind_speed,pm2_5,pm10,co,no2
count,1170.0,1170.0,1170.0,1170.0,1170.0,1170.0,1170.0,1170.0,1170.0
mean,516.7538461538461,139.8918547008547,26.98315384615385,66.6025641025641,1.8437008547008549,70.71023076923078,-17092306700.431053,589.593299145299,9.621641025641026
std,275.1366735689627,52.74361607509389,5.799168745357591,17.450460059666202,1.2785815611994145,51.86169873902374,413230890220.239,300.76727791326937,5.569294135513232
min,1.0,2.12,8.99,20.0,0.0,0.51,-9998999486464.0,18.08,0.0
25%,288.0,96.2325,23.99,55.0,1.03,33.6725,61.205,356.3925,5.195
50%,533.5,151.56,27.99,70.0,2.06,56.64,92.53999999999999,560.24,9.364999999999998
75%,749.0,168.79250000000002,30.99,79.0,2.06,89.955,143.1575,746.6075000000001,13.48
max,980.0,363.54,38.99,100.0,8.84,313.61,663.85,1714.68,26.91
