,id,aqi,temperature,humidity,wind_speed,pm2_5,pm10,co,no2
count,1321.0,1321.0,1321.0,1321.0,1321.0,1321.0,1321.0,1321.0,1321.0
mean,578.4034822104467,164.39431491294474,25.6576684330053,66.79712339137018,1.7791218773656323,97.88172596517788,-15138530490.682722,707.9930885692658,10.397471612414837
std,311.0421119593092,87.2964202848504,6.745426431404852,17.767599662854295,1.2590899134432991,93.39620442155088,388915782293.46533,456.16277016609433,6.081883041434286
min,1.0,2.12,7.99,20.0,0.0,0.51,-9998999486464.0,18.08,0.0
25%,323.0,101.39,21.99,55.0,1.03,35.7,64.94,378.47,5.54
50%,589.0,155.09,26.99,70.0,2.06,63.51,102.72,601.99,10.05
75%,837.0,183.63,29.99,82.0,2.06,118.7,195.72,881.43,14.54
max,1134.0,493.9,38.99,100.0,8.84,491.16,663.85,2794.89,28.32
