,id,aqi,temperature,humidity,wind_speed,pm2_5,pm10,co,no2
count,1465.0,1465.0,1465.0,1465.0,1465.0,1465.0,1465.0,1465.0,1465.0
mean,639.8389078498293,175.972771331058,24.36610921501707,67.84641638225256,1.7281092150170647,110.72840273037542,-13650511083.093992,800.5496518771331,11.140409556313994
std,349.34173654887167,93.007896557009,7.591588646968779,17.894889745972073,1.2403155618559196,100.2285189625717,369321300574.72974,542.8513844959109,6.633937138931646
min,1.0,2.12,6.99,20.0,0.0,0.51,-9998999486464.0,18.08,0.0
25%,354.0,105.41,18.99,55.0,1.03,37.43,68.73,401.93,5.86
50%,644.0,158.95,26.99,71.0,2.06,70.95,112.68,636.69,10.82
75%,916.0,202.09,29.99,82.0,2.06,151.6,235.69,1047.91,15.5
max,1274.0,493.9,38.99,100.0,8.84,491.16,663.85,2839.26,33.91
