,id,aqi,temperature,humidity,wind_speed,pm2_5,pm10,co,no2
count,1161.0,1161.0,1161.0,1161.0,1161.0,1161.0,1161.0,1161.0,1161.0
mean,513.1937984496124,139.46175710594312,27.07440137812231,66.62360034453057,1.850895779500431,70.18409130060294,-17224805203.394352,585.4469939707149,9.561757105943153
std,273.20035498056666,52.70071927153844,5.718366734581695,17.475216770165563,1.2770122283557441,51.662668702564794,414828090511.8266,297.2447010359869,5.527410740674518
min,1.0,2.12,9.99,20.0,0.0,0.51,-9998999486464.0,18.08,0.0
25%,286.0,96.11,23.99,55.0,1.03,33.56,61.05,353.78,5.14
50%,530.0,151.27,27.99,70.0,2.06,56.43,92.27,558.58,9.33
75%,746.0,168.45,30.99,79.0,2.06,89.29,141.7,743.24,13.44
max,971.0,363.54,38.99,100.0,8.84,313.61,663.85,1714.68,26.91
