,id,aqi,temperature,humidity,wind_speed,pm2_5,pm10,co,no2
count,660.0,660.0,660.0,660.0,660.0,660.0,660.0,660.0,660.0
mean,312.8575757575758,107.3677727272727,29.896287878787877,74.01363636363637,2.2514242424242425,39.66778787878788,69.77921212121213,454.59746969696965,8.607015151515151
std,171.1706307866116,33.15940494042221,3.2588473262421704,13.677450471494792,1.2083836262471772,18.14658494942538,37.905461235652595,209.09994989608887,5.380527135957182
min,1.0,2.12,22.99,32.0,0.0,0.51,2.78,18.08,0.0
25%,167.75,81.5575,27.99,66.0,1.54,26.715,46.7425,291.76,4.045
50%,322.5,102.185,28.99,78.0,2.06,35.995000000000005,66.30000000000001,424.405,7.96
75%,463.25,134.5325,31.99,83.0,3.09,49.3675,85.8275,602.7674999999999,12.094999999999999
max,588.0,187.49,38.99,100.0,8.23,126.18,663.85,1179.69,26.91
