,id,aqi,temperature,humidity,wind_speed,pm2_5,pm10,co,no2
count,612.0,612.0,612.0,612.0,612.0,612.0,612.0,612.0,612.0
mean,292.65686274509807,107.69735294117646,29.790849673202615,75.37418300653594,2.2931862745098037,39.93243464052288,68.35723856209151,461.3012418300654,8.720816993464052
std,161.16297847843362,34.20412265213411,3.224067471507784,12.734691210046135,1.2195627766650696,18.752662810258784,38.807141964910656,212.84342420872963,5.432781655503188
min,1.0,2.12,22.99,34.0,0.0,0.51,2.78,18.08,0.0
25%,155.75,79.61,27.99,66.0,1.54,25.747500000000002,45.405,293.605,4.1125
50%,299.5,102.255,28.99,78.0,2.06,36.040000000000006,63.715,429.485,7.984999999999999
75%,434.25,140.05,31.99,84.0,3.09,51.4125,84.995,614.8275,12.175
max,555.0,187.49,38.99,100.0,8.23,126.18,663.85,1179.69,26.91
