,id,aqi,temperature,humidity,wind_speed,pm2_5,pm10,co,no2
count,966.0,966.0,966.0,966.0,966.0,966.0,966.0,966.0,966.0
mean,436.6376811594203,124.25349896480331,28.829534161490685,68.44409937888199,2.0203416149068323,52.78036231884058,-20701862202.883904,509.5814078674948,8.752091097308488
std,233.27084302501643,39.47039541440431,4.076230821510327,16.612327071859777,1.249998626845704,29.016640445960373,454734433281.3517,228.91154385105816,5.1606967413268325
min,1.0,2.12,14.99,27.0,0.0,0.51,-9998999486464.0,18.08,0.0
25%,242.25,90.4,26.99,57.0,1.03,30.8625,55.5875,324.59499999999997,4.635
50%,452.5,122.855,28.99,70.0,2.06,44.46,80.345,497.765,8.325
75%,638.75,158.55,31.99,83.0,2.57,70.1825,112.0775,658.1600000000001,12.105
max,817.0,232.49,38.99,100.0,8.84,182.28,663.85,1324.55,26.91
