,id,aqi,temperature,humidity,wind_speed,pm2_5,pm10,co,no2
count,1103.0,1103.0,1103.0,1103.0,1103.0,1103.0,1103.0,1103.0,1103.0
mean,490.4786944696283,135.35491387126018,27.624623753399824,66.95920217588396,1.8875249320036265,65.4416681776972,-18130551998.290962,562.6132366273798,9.320815956482322
std,261.18489471647877,50.08026186496569,5.23215255356636,17.335987037080752,1.2706171753956812,47.350774573918514,425585330569.2769,277.54918174159917,5.424192753646452
min,1.0,2.12,10.99,20.0,0.0,0.51,-9998999486464.0,18.08,0.0
25%,272.0,94.585,24.99,55.0,1.03,32.84,59.644999999999996,342.03499999999997,4.995
50%,511.0,145.1,27.99,70.0,2.06,53.48,88.14,541.64,9.04
75%,716.5,165.025,30.99,82.0,2.06,82.66499999999999,131.88,712.8399999999999,13.025
max,919.0,363.54,38.99,100.0,8.84,313.61,663.85,1714.68,26.91
