,id,aqi,temperature,humidity,wind_speed,pm2_5,pm10,co,no2
count,1005.0,1005.0,1005.0,1005.0,1005.0,1005.0,1005.0,1005.0,1005.0
mean,452.0179104477612,126.42662686567165,28.504417910447764,67.65174129353234,1.9885671641791047,55.081701492537306,-19898506348.3436,520.8361791044777,8.905900497512437
std,241.18352701376753,40.24705663268677,4.401309858507492,17.121842177014656,1.253971275936146,30.98990892483824,445832909530.0893,235.25804806469623,5.239917876516691
min,1.0,2.12,13.99,20.0,0.0,0.51,-9998999486464.0,18.08,0.0
25%,252.0,91.1,25.99,55.0,1.03,31.26,56.96,329.73,4.73
50%,470.0,127.42,28.99,70.0,2.06,46.37,82.21,510.93,8.52
75%,658.0,160.04,30.99,83.0,2.55,73.09,116.5,670.95,12.34
max,847.0,232.49,38.99,100.0,8.84,182.28,663.85,1324.55,26.91
