,id,aqi,temperature,humidity,wind_speed,pm2_5,pm10,co,no2
count,457.0,457.0,457.0,457.0,457.0,457.0,457.0,457.0,457.0
mean,223.9387308533917,109.86293216630197,29.887417943107224,76.52516411378556,2.3612472647702405,41.27330415754923,70.79089715536105,473.05547045951863,9.452516411378555
std,125.24647878637441,34.898045931034574,3.0260458367448524,11.52171487341721,1.1988188531523112,19.62771192072096,42.647413943629836,218.1117257405818,5.613144701011087
min,1.0,2.12,22.99,46.0,0.0,0.51,2.78,18.08,0.0
25%,117.0,83.18,27.99,70.0,1.54,27.5,45.09,296.04,4.85
50%,229.0,105.41,28.99,79.0,2.06,37.43,65.48,453.7,8.91
75%,333.0,144.58,31.99,84.0,3.09,53.41,87.91,624.1,13.45
max,433.0,187.49,38.99,100.0,8.23,126.18,663.85,1179.69,26.91
