,id,aqi,temperature,humidity,wind_speed,pm2_5,pm10,co,no2
count,1199.0,1199.0,1199.0,1199.0,1199.0,1199.0,1199.0,1199.0,1199.0
mean,528.2977481234362,143.17517097581316,26.686405337781483,66.49374478732277,1.8364637197664722,74.43731442869058,-16678898107.356407,612.4764470391993,9.839866555462885
std,281.51413688963197,56.794819373155335,6.0709104145320465,17.516071873035816,1.2769153037554146,57.13806670751269,408207160487.0824,339.1915410387481,5.779668149822923
min,1.0,2.12,7.99,20.0,0.0,0.51,-9998999486464.0,18.08,0.0
25%,294.5,97.225,22.99,55.0,1.03,34.09,62.035,361.115,5.245
50%,545.0,152.23,27.99,70.0,2.06,58.18,93.9,567.63,9.46
75%,764.5,170.925,30.99,79.0,2.06,94.08500000000001,152.225,769.85,13.675
max,1007.0,390.27,38.99,100.0,8.84,340.58,663.85,2362.04,28.32
