,id,aqi,temperature,humidity,wind_speed,pm2_5,pm10,co,no2
count,1407.0,1407.0,1407.0,1407.0,1407.0,1407.0,1407.0,1407.0,1407.0
mean,614.8720682302771,171.56142857142856,24.922473347547978,67.43283582089552,1.743553660270078,105.84131485429994,-14213218729.96688,760.9945486851458,10.794832977967307
std,333.62622181650715,91.27137613426675,7.205995991601354,18.000936497391617,1.2534949808142406,98.14541396162174,376851281957.2,504.2118137500335,6.320769639098353
min,1.0,2.12,6.99,20.0,0.0,0.51,-9998999486464.0,18.08,0.0
25%,340.5,103.22999999999999,19.99,55.0,1.03,36.425,67.13499999999999,391.245,5.735
50%,624.0,156.99,26.99,70.0,2.06,67.51,108.94,624.1,10.54
75%,886.5,193.565,29.99,82.0,2.06,137.94,221.58,957.6800000000001,15.055
max,1216.0,493.9,38.99,100.0,8.84,491.16,663.85,2839.26,33.91
