,id,aqi,temperature,humidity,wind_speed,pm2_5,pm10,co,no2
count,971.0,971.0,971.0,971.0,971.0,971.0,971.0,971.0,971.0
mean,438.6117404737384,124.45873326467559,28.797404737384145,68.3048403707518,2.0173635427394436,52.925108135942324,-20595261469.93993,511.5927085478888,8.77282183316169
std,234.28287296140556,39.47609271734956,4.104682548587475,16.74618797213872,1.2497379728127478,29.033257589378103,453563345857.9186,231.34149079593814,5.173949384680348
min,1.0,2.12,14.99,21.0,0.0,0.51,-9998999486464.0,18.08,0.0
25%,243.5,90.48500000000001,26.99,57.0,1.03,30.905,56.09,325.29499999999996,4.640000000000001
50%,455.0,123.28,28.99,70.0,2.06,44.77,80.63,498.67,8.38
75%,642.0,158.66,31.99,83.0,2.57,70.685,112.7,659.4,12.125
max,822.0,232.49,38.99,100.0,8.84,182.28,663.85,1324.55,26.91
