,id,aqi,temperature,humidity,wind_speed,pm2_5,pm10,co,no2
count,1057.0,1057.0,1057.0,1057.0,1057.0,1057.0,1057.0,1057.0,1057.0
mean,472.49668874172187,130.0809366130558,28.038240302743617,67.10406811731315,1.9316650898770105,59.32947965941343,-18919582656.11868,540.7722989593188,9.172857142857142
std,251.84355909189068,42.76027863510095,4.858850847641256,17.34696486057845,1.2648802455000496,36.31566793949779,434738718627.1359,252.88642012086552,5.395359061708674
min,1.0,2.12,11.99,20.0,0.0,0.51,-9998999486464.0,18.08,0.0
25%,263.0,93.44,25.99,55.0,1.03,32.3,58.04,338.04,4.84
50%,492.0,139.07,27.99,70.0,2.06,50.99,85.66,524.85,8.86
75%,691.0,162.5,30.99,82.0,2.21,77.78,122.84,687.28,12.8
max,887.0,249.94,38.99,100.0,8.84,199.88,663.85,1324.55,26.91
