,id,aqi,temperature,humidity,wind_speed,pm2_5,pm10,co,no2
count,402.0,402.0,402.0,402.0,402.0,402.0,402.0,402.0,402.0
mean,198.67412935323384,109.3207960199005,30.27636815920398,75.19402985074628,2.356517412935323,40.796915422885576,73.80858208955225,437.76537313432834,9.019353233830845
std,111.77011845263426,34.63707427133517,2.8632215509207386,11.147488413731086,1.1910544840540715,19.105510843114615,43.68938190226514,198.22350660317744,5.538890305382869
min,1.0,2.12,22.99,46.0,0.0,0.51,2.78,18.08,0.0
25%,101.25,83.41,27.99,66.0,1.54,27.5525,49.087500000000006,275.4975,4.1075
50%,203.5,104.555,29.99,78.0,2.06,37.065,68.55,398.78,8.335
75%,295.75,143.3725,31.99,83.0,3.09,52.92,91.285,599.095,12.66
max,384.0,187.49,38.99,100.0,8.23,126.18,663.85,1168.94,26.91
