,id,aqi,temperature,humidity,wind_speed,pm2_5,pm10,co,no2
count,1479.0,1479.0,1479.0,1479.0,1479.0,1479.0,1479.0,1479.0,1479.0
mean,645.9263015551048,178.1252400270453,24.210419202163628,67.97836375929683,1.7263624070317782,113.15550371872888,-13521297316.409033,814.5873630831643,11.22528735632184
std,353.219868282786,95.32542420461667,7.7255856196475605,17.8874716636286,1.2358642206792907,103.03457642907368,367570363293.3569,562.0764667719693,6.718540806121067
min,1.0,2.12,3.99,20.0,0.0,0.51,-9998999486464.0,18.08,0.0
25%,357.5,105.96000000000001,17.99,55.0,1.03,37.565,69.65,403.265,5.9
50%,649.0,159.28,26.5,71.0,2.06,71.55,113.82,640.87,10.87
75%,925.0,207.47,29.99,82.0,2.06,157.03,238.07999999999998,1066.135,15.58
max,1292.0,493.9,38.99,100.0,8.84,491.16,663.85,3066.3,33.91
