,id,aqi,temperature,humidity,wind_speed,pm2_5,pm10,co,no2
count,291.0,291.0,291.0,291.0,291.0,291.0,291.0,291.0,291.0
mean,146.26460481099656,105.32945017182129,30.20690721649484,75.74570446735395,2.4316494845360825,38.85037800687285,73.85223367697594,421.26257731958765,8.7446735395189
std,83.55358853247196,35.16699973045005,2.918838111123628,10.82353472293438,1.176842954171973,18.84206541669365,48.60388461302493,200.72997414580587,5.47462032819479
min,1.0,2.12,22.99,46.0,0.0,0.51,2.78,18.08,0.0
25%,73.5,77.3,27.99,70.0,2.06,24.634999999999998,48.58,265.57,3.9800000000000004
50%,148.0,101.98,29.99,78.0,2.06,36.02,66.34,371.27,8.03
75%,218.5,134.29,32.99,83.0,3.09,49.575,89.94,570.48,12.35
max,286.0,183.63,38.99,100.0,8.23,118.7,663.85,1168.94,26.91
