,id,aqi,temperature,humidity,wind_speed,pm2_5,pm10,co,no2
count,356.0,356.0,356.0,356.0,356.0,356.0,356.0,356.0,356.0
mean,177.20505617977528,106.08525280898876,30.285280898876408,75.42134831460675,2.386376404494382,39.31168539325842,75.31247191011235,418.932808988764,8.749297752808989
std,100.26859745870023,34.181006482566595,2.888217868528071,11.22080534289424,1.1519771437015136,18.91529545690129,45.57382542040895,196.84928323710147,5.432924594203826
min,1.0,2.12,22.99,46.0,0.0,0.51,2.78,18.08,0.0
25%,89.75,79.43,27.99,66.0,2.06,26.174999999999997,49.230000000000004,264.6125,3.9675000000000002
50%,180.5,101.765,29.99,78.0,2.06,35.879999999999995,70.255,373.12,8.094999999999999
75%,265.25,133.295,32.24,83.0,3.09,48.662499999999994,92.52,571.3175,12.175
max,343.0,187.49,38.99,100.0,8.23,126.18,663.85,1168.94,26.91
