,id,aqi,temperature,humidity,wind_speed,pm2_5,pm10,co,no2
count,894.0,894.0,894.0,894.0,894.0,894.0,894.0,894.0,894.0
mean,408.3020134228188,120.68976510067115,29.2673937360179,69.2192393736018,2.050022371364653,49.57892617449665,-22369126285.68879,494.0785458612975,8.600402684563758
std,219.08292635110104,38.14387178292231,3.7397403703208507,16.35869724203715,1.24729620213017,25.735221405577526,472671570961.55707,219.56594018638773,5.11516304791514
min,1.0,2.12,18.99,27.0,0.0,0.51,-9998999486464.0,18.08,0.0
25%,224.25,88.6175,26.99,58.0,1.03,30.09,53.8775,316.0625,4.45
50%,424.5,116.945,28.99,70.5,2.06,42.14,77.685,480.19,8.135000000000002
75%,597.75,156.54,31.99,83.0,2.57,66.28750000000001,106.82,640.6275,11.95
max,760.0,193.47,38.99,100.0,8.84,137.75,663.85,1222.38,26.91
