,id,aqi,temperature,humidity,wind_speed,pm2_5,pm10,co,no2
count,1285.0,1285.0,1285.0,1285.0,1285.0,1285.0,1285.0,1285.0,1285.0
mean,563.3284046692607,157.71439688715952,25.97520622568093,66.38210116731517,1.7929027237354087,90.49495719844357,-15562644976.258308,682.3570038910506,10.294015564202336
std,301.84616707402733,78.44397332081272,6.53844622419979,17.612110592058272,1.2673017159634294,83.05610048622039,394321807973.9932,431.6430001528689,6.058377164116305
min,1.0,2.12,7.99,20.0,0.0,0.51,-9998999486464.0,18.08,0.0
25%,314.0,98.89,21.99,54.0,1.03,34.91,63.93,374.28,5.44
50%,573.0,154.54,27.86,70.0,2.06,62.36,100.56,592.78,9.9
75%,815.0,178.64,30.99,79.0,2.06,109.03,183.41,838.6,14.32
max,1098.0,493.9,38.99,100.0,8.84,491.16,663.85,2794.89,28.32
