,id,aqi,temperature,humidity,wind_speed,pm2_5,pm10,co,no2
count,1071.0,1071.0,1071.0,1071.0,1071.0,1071.0,1071.0,1071.0,1071.0
mean,477.9981325863679,131.6416339869281,27.908758169934643,67.04855275443511,1.9179551820728293,61.155116713352015,-18672267846.16939,547.4327170868348,9.239710550887022
std,254.72073767582603,44.95851979429423,4.984076949231031,17.337428456193155,1.267592398095343,39.832140790610296,431890620314.19055,260.55152508640884,5.4222453026166555
min,1.0,2.12,11.99,20.0,0.0,0.51,-9998999486464.0,18.08,0.0
25%,266.0,93.6,24.99,55.0,1.03,32.379999999999995,58.615,338.515,4.88
50%,498.0,140.57,27.99,70.0,2.06,51.61,85.96,529.17,8.93
75%,699.5,163.36,30.99,82.0,2.16,79.445,125.34,696.255,12.905000000000001
max,898.0,348.23,38.99,100.0,8.84,298.16,663.85,1655.54,26.91
