,id,aqi,temperature,humidity,wind_speed,pm2_5,pm10,co,no2
count,857.0,857.0,857.0,857.0,857.0,857.0,857.0,857.0,857.0
mean,393.6196032672112,118.551796966161,29.433395565927658,69.66511085180863,2.095869311551925,47.71701283547258,-23334887869.922203,484.6033488914819,8.563418903150525
std,211.7912810246605,37.41818535951357,3.642861669563978,16.209236680214797,1.2408446858098099,24.088219993770668,482755586268.1218,213.99431976337934,5.152035447800211
min,1.0,2.12,19.99,27.0,0.0,0.51,-9998999486464.0,18.08,0.0
25%,215.0,87.53,26.99,59.0,1.03,29.47,53.14,312.9,4.35
50%,407.0,113.24,28.99,73.0,2.06,40.51,76.11,472.64,8.07
75%,573.0,155.17,31.99,83.0,2.79,63.87,102.44,632.13,11.95
max,736.0,187.49,38.99,100.0,8.84,126.18,663.85,1179.69,26.91
