,id,aqi,temperature,humidity,wind_speed,pm2_5,pm10,co,no2
count,357.0,357.0,357.0,357.0,357.0,357.0,357.0,357.0,357.0
mean,177.67226890756302,106.03184873949579,30.29285714285714,75.38375350140056,2.3854621848739495,39.28344537815126,75.19229691876751,419.1173669467787,8.747675070028011
std,100.51606522977211,34.147877077969454,2.8877087870010856,11.227527588890284,1.1504877430990108,18.896245276983866,45.566382040243596,196.60354272532496,5.425375348250555
min,1.0,2.12,22.99,46.0,0.0,0.51,2.78,18.08,0.0
25%,90.0,79.62,27.99,66.0,2.06,26.33,49.17,264.81,3.97
50%,181.0,101.64,29.99,78.0,2.06,35.86,70.23,374.28,8.1
75%,266.0,133.26,32.99,83.0,3.09,48.66,92.5,570.48,12.13
max,344.0,187.49,38.99,100.0,8.23,126.18,663.85,1168.94,26.91
