,id,aqi,temperature,humidity,wind_speed,pm2_5,pm10,co,no2
count,735.0,735.0,735.0,735.0,735.0,735.0,735.0,735.0,735.0
mean,344.0775510204082,112.40427210884354,29.98518367346939,72.1360544217687,2.2100408163265306,43.12027210884354,-27208161794.65363,463.6713333333332,8.491088435374149
std,186.87595362443142,35.28889162208069,3.2946276040433413,14.764195337885363,1.1847959957162553,20.873447337240915,521232913611.7825,205.0416421927438,5.255565277743803
min,1.0,2.12,19.99,31.0,0.0,0.51,-9998999486464.0,18.08,0.0
25%,186.5,84.41499999999999,27.99,62.0,1.54,28.020000000000003,49.21,303.40999999999997,4.074999999999999
50%,355.0,107.53,29.7,74.0,2.06,38.19,70.89,441.26,7.93
75%,510.5,151.095,31.99,83.0,3.09,55.870000000000005,92.27,610.3199999999999,11.969999999999999
max,646.0,187.49,38.99,100.0,8.23,126.18,663.85,1179.69,26.91
