,id,aqi,temperature,humidity,wind_speed,pm2_5,pm10,co,no2
count,1094.0,1094.0,1094.0,1094.0,1094.0,1094.0,1094.0,1094.0,1094.0
mean,486.9798903107861,134.6680987202925,27.700228519195615,67.0237659963437,1.8945795246800732,64.60907678244973,-18279706449.85083,559.8580895795246,9.32124314442413
std,259.37920390021145,49.67330712244393,5.167912740036138,17.312408014403356,1.2711543034234443,46.59562432844618,427330726466.2767,276.2349693075636,5.43196416443777
min,1.0,2.12,11.99,20.0,0.0,0.51,-9998999486464.0,18.08,0.0
25%,270.25,94.32249999999999,24.99,55.0,1.03,32.82,59.457499999999996,341.01250000000005,4.987500000000001
50%,507.5,144.19,27.99,70.0,2.06,53.125,87.605,540.885,9.004999999999999
75%,711.0,164.47,30.99,82.0,2.06,81.585,130.7025,706.8825,13.037500000000001
max,911.0,363.54,38.99,100.0,8.84,313.61,663.85,1714.68,26.91
