,id,aqi,temperature,humidity,wind_speed,pm2_5,pm10,co,no2
count,1100.0,1100.0,1100.0,1100.0,1100.0,1100.0,1100.0,1100.0,1100.0
mean,489.3118181818182,135.11285454545455,27.64635454545455,66.99545454545455,1.8898636363636367,65.15396363636364,-18179998958.91347,561.4669636363635,9.322472727272729
std,260.5814560163888,49.91688341165706,5.218088340976775,17.311863454369036,1.270799609119461,47.06922024783659,426164750746.8455,276.5913089419457,5.4251694349393045
min,1.0,2.12,10.99,20.0,0.0,0.51,-9998999486464.0,18.08,0.0
25%,271.75,94.57,24.99,55.0,1.03,32.8275,59.5925,341.46999999999997,5.0024999999999995
50%,509.5,144.60500000000002,27.99,70.0,2.06,53.315,87.845,541.51,9.04
75%,714.25,164.75,30.99,82.0,2.06,82.135,131.51749999999998,711.8299999999999,13.0125
max,917.0,363.54,38.99,100.0,8.84,313.61,663.85,1714.68,26.91
