,id,aqi,temperature,humidity,wind_speed,pm2_5,pm10,co,no2
count,647.0,647.0,647.0,647.0,647.0,647.0,647.0,647.0,647.0
mean,307.41885625965995,107.56403400309118,29.8773570324575,74.4064914992272,2.26064914992272,39.78364760432766,69.44,456.73058732612054,8.646630602782071
std,168.47770194467813,33.42066842963605,3.246376970924046,13.39320172819212,1.2084097265067628,18.295833679229812,38.155845759656216,210.006226176229,5.395678619294822
min,1.0,2.12,22.99,32.0,0.0,0.51,2.78,18.08,0.0
25%,164.5,81.41,27.99,66.0,1.54,26.57,46.445,292.125,4.055
50%,316.0,102.28,28.99,78.0,2.06,36.06,65.8,428.25,8.0
75%,454.5,136.595,31.99,83.0,3.09,50.355000000000004,85.755,606.77,12.13
max,577.0,187.49,38.99,100.0,8.23,126.18,663.85,1179.69,26.91
