,id,aqi,temperature,humidity,wind_speed,pm2_5,pm10,co,no2
count,1306.0,1306.0,1306.0,1306.0,1306.0,1306.0,1306.0,1306.0,1306.0
mean,572.1026033690658,161.90185298621748,25.800865237366008,66.51301684532925,1.782205206738132,95.15428024502297,-15312403356.915794,699.3525497702909,10.38966309341501
std,307.1807238863091,84.52805167025427,6.646648412008838,17.64946633327831,1.2641323252079684,90.26059918220463,391141138294.84973,450.26895793855505,6.102601923051721
min,1.0,2.12,7.99,20.0,0.0,0.51,-9998999486464.0,18.08,0.0
25%,319.25,100.15,21.99,54.25,1.03,35.57,64.5575,377.05499999999995,5.4799999999999995
50%,583.5,154.935,26.99,70.0,2.06,63.230000000000004,101.91499999999999,597.51,10.024999999999999
75%,827.75,180.78,30.11,81.0,2.06,113.1725,189.44,862.3125,14.58
max,1119.0,493.9,38.99,100.0,8.84,491.16,663.85,2794.89,28.32
