,id,aqi,temperature,humidity,wind_speed,pm2_5,pm10,co,no2
count,516.0,516.0,516.0,516.0,516.0,516.0,516.0,516.0,516.0
mean,250.5406976744186,110.8328488372093,29.536744186046512,77.22868217054264,2.357616279069768,41.654941860465115,68.41596899224805,485.5453875968993,9.288798449612404
std,139.29711310405523,34.993516861753186,3.1503959776487713,11.576928471017697,1.2264902708587526,19.442939362775743,41.15931890176621,217.2180658340918,5.512308919267359
min,1.0,2.12,22.99,46.0,0.0,0.51,2.78,18.08,0.0
25%,132.75,83.5525,26.99,70.0,1.54,27.6275,44.2575,311.70750000000004,4.797499999999999
50%,257.5,107.575,28.99,79.0,2.06,38.245,63.05500000000001,477.58500000000004,8.83
75%,372.0,145.3625,31.99,84.0,3.09,53.6575,84.995,633.86,12.9
max,480.0,187.49,38.99,100.0,8.23,126.18,663.85,1179.69,26.91
