,id,aqi,temperature,humidity,wind_speed,pm2_5,pm10,co,no2
count,230.0,230.0,230.0,230.0,230.0,230.0,230.0,230.0,230.0
mean,116.39565217391305,106.49200000000002,29.92882608695652,77.07826086956521,2.4406086956521738,39.54943478260869,66.7411304347826,449.41030434782607,9.06473913043478
std,67.08903670230093,37.01644690990832,2.8235000910894277,9.9361699333672,1.1716120249647317,19.774219600644305,50.86586561909096,202.38118205967677,5.427611332696131
min,1.0,2.12,22.99,47.0,0.0,0.51,19.51,18.08,0.76
25%,58.25,76.6225,27.99,70.0,2.06,24.5225,44.525,285.085,4.842499999999999
50%,117.5,102.81,28.99,78.0,2.06,36.375,60.795,400.85,8.125
75%,174.75,140.05,31.99,83.0,3.09,51.615,75.565,607.18,12.3475
max,230.0,183.63,38.99,100.0,8.23,118.7,663.85,1168.94,26.91
