,id,aqi,temperature,humidity,wind_speed,pm2_5,pm10,co,no2
count,807.0,807.0,807.0,807.0,807.0,807.0,807.0,807.0,807.0
mean,373.4076827757125,115.62080545229243,29.62691449814126,70.61710037174721,2.1504213135068153,45.34653035935564,-24780667794.98657,470.38810408921927,8.494163568773233
std,201.54752061847003,36.47417607456245,3.529495675510823,15.701728343443678,1.2378632919150359,22.33375562470356,497468052882.81274,204.49465611393222,5.1735463081422655
min,1.0,2.12,19.99,27.0,0.0,0.51,-9998999486464.0,18.08,0.0
25%,204.5,85.955,26.99,61.0,1.03,28.78,51.42,308.44500000000005,4.205
50%,385.0,110.21,28.99,74.0,2.06,39.33,73.69,456.62,7.96
75%,549.5,154.015,31.99,83.0,3.09,61.39,96.955,620.0,11.945
max,702.0,187.49,38.99,100.0,8.84,126.18,663.85,1179.69,26.91
