,id,aqi,temperature,humidity,wind_speed,pm2_5,pm10,co,no2
count,582.0,582.0,582.0,582.0,582.0,582.0,582.0,582.0,582.0
mean,279.7405498281787,108.10621993127147,29.668900343642616,76.16323024054982,2.321134020618557,40.20670103092783,67.64298969072165,467.71070446735393,8.832285223367697
std,154.60561019574968,34.75227824931499,3.1846157454489985,12.247975218321566,1.2262948487284313,19.09835329457774,39.4746611770067,215.04466502636492,5.46931513279111
min,1.0,2.12,22.99,37.0,0.0,0.51,2.78,18.08,0.0
25%,148.25,79.265,27.037499999999998,66.0,1.54,25.695,44.615,296.2675,4.1925
50%,286.5,102.785,28.99,79.0,2.06,36.29,62.644999999999996,440.6,8.094999999999999
75%,414.75,141.9725,31.99,84.0,3.09,52.2675,82.815,620.3824999999999,12.355
max,531.0,187.49,38.99,100.0,8.23,126.18,663.85,1179.69,26.91
