,id,aqi,temperature,humidity,wind_speed,pm2_5,pm10,co,no2
count,458.0,458.0,458.0,458.0,458.0,458.0,458.0,458.0,458.0
mean,224.39737991266375,109.83897379912663,29.874541484716158,76.56331877729258,2.362838427947598,41.2593231441048,70.71609170305678,473.7791484716157,9.45938864628821
std,125.49382260382255,34.86361386933297,3.035268384454877,11.538031846721974,1.1979905769308157,19.60850857440252,42.630798081735044,218.42272353736232,5.608928570855235
min,1.0,2.12,22.99,46.0,0.0,0.51,2.78,18.08,0.0
25%,117.25,83.2325,27.99,70.0,1.54,27.509999999999998,44.94,296.0475,4.8575
50%,229.5,105.25999999999999,28.99,79.0,2.06,37.36,65.465,455.15999999999997,8.935
75%,333.75,144.53750000000002,31.99,84.0,3.09,53.3575,87.875,624.3475,13.445
max,434.0,187.49,38.99,100.0,8.23,126.18,663.85,1179.69,26.91
