,id,aqi,temperature,humidity,wind_speed,pm2_5,pm10,co,no2
count,718.0,718.0,718.0,718.0,718.0,718.0,718.0,718.0,718.0
mean,337.06545961002786,111.18710306406685,30.010766016713095,72.52228412256268,2.2079387186629527,42.239679665738166,-27852366185.054306,460.78834261838443,8.533300835654597
std,183.3616280564511,34.77170040303225,3.2761631551396486,14.534004922906766,1.1934336555678953,20.159022898464432,527358870016.23566,205.28504180330262,5.2844357235513035
min,1.0,2.12,22.99,31.0,0.0,0.51,-9998999486464.0,18.08,0.0
25%,182.25,84.1525,27.99,62.0,1.54,27.8875,48.825,299.025,4.0675
50%,346.5,105.96000000000001,29.99,74.0,2.06,37.565,70.19,438.145,7.945
75%,500.0,147.585,31.99,83.0,3.09,54.655,91.0325,607.435,12.01
max,634.0,187.49,38.99,100.0,8.23,126.18,663.85,1179.69,26.91
