,id,aqi,temperature,humidity,wind_speed,pm2_5,pm10,co,no2
count,418.0,418.0,418.0,418.0,418.0,418.0,418.0,418.0,418.0
mean,206.03827751196172,108.65834928229665,30.059665071770336,75.77511961722487,2.379569377990431,40.42373205741627,72.26502392344497,443.5984688995215,9.109354066985645
std,115.67057527546017,34.4167987383791,3.0172768516966246,11.347662817713008,1.209640454824215,18.93118854450008,43.58018839178205,198.61104153523908,5.515374788189108
min,1.0,2.12,22.99,46.0,0.0,0.51,2.78,18.08,0.0
25%,105.25,82.08250000000001,27.99,66.0,1.54,27.2975,46.5625,278.655,4.2524999999999995
50%,209.5,103.76,29.99,78.0,2.06,36.84,66.34,420.245,8.45
75%,305.75,141.37,31.99,83.0,3.09,52.14,90.17750000000001,599.095,12.7225
max,398.0,187.49,38.99,100.0,8.23,126.18,663.85,1168.94,26.91
