,id,aqi,temperature,humidity,wind_speed,pm2_5,pm10,co,no2
count,871.0,871.0,871.0,871.0,871.0,871.0,871.0,871.0,871.0
mean,399.2181400688863,119.21781859931114,29.366567164179102,69.49253731343283,2.076957520091848,48.12191733639495,-22959815043.592426,486.4092537313433,8.57378874856487
std,214.60371003366845,37.485756777915434,3.6928749719446,16.323092079899983,1.2456213135676801,24.134612315240368,478864594765.7694,213.59771982621837,5.13804469910823
min,1.0,2.12,18.99,27.0,0.0,0.51,-9998999486464.0,18.08,0.0
25%,218.5,87.87,26.99,58.0,1.03,29.634999999999998,53.585,312.94500000000005,4.369999999999999
50%,414.0,114.15,28.99,73.0,2.06,40.85,76.69,476.09,8.09
75%,583.5,155.665,31.99,83.0,2.57,64.68,103.85499999999999,633.675,11.95
max,746.0,187.49,38.99,100.0,8.84,126.18,663.85,1179.69,26.91
