,id,aqi,temperature,humidity,wind_speed,pm2_5,pm10,co,no2
count,1187.0,1187.0,1187.0,1187.0,1187.0,1187.0,1187.0,1187.0,1187.0
mean,523.5054759898904,141.62702611625946,26.807177759056447,66.54422914911542,1.8372535804549286,72.69985678180286,-16847513761.294924,602.8362257792754,9.761701769165963
std,278.84646859438607,54.62208493425607,5.9610363052597375,17.493107001174177,1.278891952511715,54.4123766956488,410263626942.41766,323.3454159174821,5.721317476019397
min,1.0,2.12,7.99,20.0,0.0,0.51,-9998999486464.0,18.08,0.0
25%,291.5,96.73,23.99,55.0,1.03,33.965,61.72,359.17,5.23
50%,541.0,151.94,27.99,70.0,2.06,57.34,93.48,565.48,9.44
75%,756.5,169.74,30.99,79.0,2.06,91.78999999999999,147.54500000000002,758.01,13.594999999999999
max,996.0,363.54,38.99,100.0,8.84,313.61,663.85,2285.75,28.32
