,id,aqi,temperature,humidity,wind_speed,pm2_5,pm10,co,no2
count,831.0,831.0,831.0,831.0,831.0,831.0,831.0,831.0,831.0
mean,383.1540312876053,116.99145607701564,29.536317689530687,70.21179302045728,2.1180625752105895,46.4177376654633,-24064980635.229134,474.7315764139591,8.46587244283995
std,206.5076569775456,36.89767819022075,3.578712283067174,15.92961644341182,1.2445129597248068,23.118792432788847,490240572864.0914,205.81314546877925,5.130734997779997
min,1.0,2.12,19.99,27.0,0.0,0.51,-9998999486464.0,18.08,0.0
25%,208.5,86.695,26.99,59.0,1.03,29.134999999999998,52.120000000000005,311.17,4.255
50%,396.0,111.83,28.99,74.0,2.06,39.92,74.23,464.94,7.96
75%,561.5,154.45499999999998,31.99,83.0,3.09,62.28,100.305,624.55,11.875
max,719.0,187.49,38.99,100.0,8.84,126.18,663.85,1179.69,26.91
