,id,aqi,temperature,humidity,wind_speed,pm2_5,pm10,co,no2
count,583.0,583.0,583.0,583.0,583.0,583.0,583.0,583.0,583.0
mean,280.17324185248714,108.05173241852486,29.671166380789025,76.15265866209262,2.320686106346484,40.17915951972556,67.61819897084047,467.56711835334477,8.833825042881646
std,154.82562801529804,34.747324848209125,3.182349033750622,12.240110207926584,1.2252886086540413,19.0935227537521,39.445275654924615,214.8878085166075,5.464740865971964
min,1.0,2.12,22.99,37.0,0.0,0.51,2.78,18.08,0.0
25%,148.5,79.00999999999999,27.085,66.0,1.54,25.59,44.66,296.46500000000003,4.205
50%,287.0,102.65,28.99,79.0,2.06,36.28,62.63,439.69,8.1
75%,415.5,141.825,31.99,84.0,3.09,52.245000000000005,82.63,620.365,12.35
max,532.0,187.49,38.99,100.0,8.23,126.18,663.85,1179.69,26.91
