,id,aqi,temperature,humidity,wind_speed,pm2_5,pm10,co,no2
count,1237.0,1237.0,1237.0,1237.0,1237.0,1237.0,1237.0,1237.0,1237.0
mean,543.6022635408245,149.03700889248182,26.355392077607117,66.23686337914309,1.8183427647534356,80.87367825383993,-16166530974.028206,643.4727890056588,10.08800323362975
std,290.19632389580545,65.28663525304518,6.310773775304924,17.59959176467169,1.2727031798637858,67.25773046101797,401893458640.7001,383.0933226737938,5.966585812038298
min,1.0,2.12,7.99,20.0,0.0,0.51,-9998999486464.0,18.08,0.0
25%,303.0,97.94,22.99,54.0,1.03,34.43,62.51,366.33,5.32
50%,558.0,153.37,27.99,70.0,2.06,60.34,95.87,577.47,9.7
75%,787.0,173.63,30.99,79.0,2.06,99.32,164.09,801.42,13.99
max,1045.0,402.62,38.99,100.0,8.84,352.96,663.85,2380.16,28.32
