,id,aqi,temperature,humidity,wind_speed,pm2_5,pm10,co,no2
count,1002.0,1002.0,1002.0,1002.0,1002.0,1002.0,1002.0,1002.0,1002.0
mean,450.83632734530937,126.23594810379241,28.52492015968064,67.72255489021956,1.9904091816367266,54.85647704590818,-19958082715.41886,519.8781337325348,8.873972055888224
std,240.57359269915816,40.15270036750329,4.389758724799215,17.089786699957113,1.2534244529991239,30.74795584222627,446499158170.0477,234.80819427718097,5.210793684305412
min,1.0,2.12,13.99,20.0,0.0,0.51,-9998999486464.0,18.08,0.0
25%,251.25,90.9425,25.99,55.0,1.03,31.192500000000003,56.9525,329.7225,4.715
50%,468.5,126.87,28.99,70.0,2.06,46.129999999999995,82.16,510.11,8.49
75%,655.75,159.98,30.99,83.0,2.545,72.96000000000001,116.41499999999999,669.9325,12.3175
max,845.0,232.49,38.99,100.0,8.84,182.28,663.85,1324.55,26.91
