,id,aqi,temperature,humidity,wind_speed,pm2_5,pm10,co,no2
count,601.0,601.0,601.0,601.0,601.0,601.0,601.0,601.0,601.0
mean,287.93011647254576,107.59484193011647,29.733960066555742,75.74376039933445,2.2974542429284526,39.92242928452578,67.84577371048252,463.40901830282866,8.765424292845259
std,158.75905782501485,34.44313732346845,3.1994740127718915,12.446588495212756,1.2230716829576265,18.90422060692817,38.948564382298365,213.87208569812938,5.446100274019524
min,1.0,2.12,22.99,37.0,0.0,0.51,2.78,18.08,0.0
25%,153.0,79.16,27.99,66.0,1.54,25.67,45.21,294.04,4.16
50%,295.0,102.16,28.99,78.0,2.06,35.99,63.02,432.86,8.06
75%,428.0,140.57,31.99,84.0,3.09,51.61,83.38,617.48,12.31
max,546.0,187.49,38.99,100.0,8.23,126.18,663.85,1179.69,26.91
