,id,aqi,temperature,humidity,wind_speed,pm2_5,pm10,co,no2
count,658.0,658.0,658.0,658.0,658.0,658.0,658.0,658.0,658.0
mean,312.0227963525836,107.3782978723404,29.877765957446808,74.12158054711246,2.252006079027356,39.67831306990881,69.69186930091185,455.21858662613977,8.626565349544073
std,170.75790698426812,33.18706558604582,3.244511632287811,13.554685090736243,1.2088401878075428,18.165751400323845,37.91256660858602,209.0379877494817,5.376472229467136
min,1.0,2.12,22.99,32.0,0.0,0.51,2.78,18.08,0.0
25%,167.25,81.51249999999999,27.99,66.0,1.54,26.665,46.6275,292.0375,4.0525
50%,322.0,102.185,28.99,78.0,2.06,35.995000000000005,66.25,425.75,7.984999999999999
75%,461.75,134.7175,31.99,83.0,3.09,49.6425,85.785,603.2625,12.105
max,587.0,187.49,38.99,100.0,8.23,126.18,663.85,1179.69,26.91
