,id,aqi,temperature,humidity,wind_speed,pm2_5,pm10,co,no2
count,673.0,673.0,673.0,673.0,673.0,673.0,673.0,673.0,673.0
mean,318.2927191679049,107.72420505200594,29.91869242199109,73.58692421991084,2.241723625557207,39.80208023774146,70.32303120356612,455.1363744427935,8.625780089153047
std,173.88142226647042,33.09253077590651,3.2642520950558374,14.00186875990296,1.209225081820379,18.062882097114695,37.79196043126909,208.2480070652711,5.3641801141279135
min,1.0,2.12,22.99,31.0,0.0,0.51,2.78,18.08,0.0
25%,171.0,81.89,27.99,66.0,1.54,27.27,47.35,291.95,4.05
50%,329.0,102.45,28.99,75.0,2.06,36.17,67.13,428.78,8.03
75%,472.0,136.16,31.99,83.0,3.09,49.84,86.65,602.5,12.13
max,598.0,187.49,38.99,100.0,8.23,126.18,663.85,1179.69,26.91
