,id,aqi,temperature,humidity,wind_speed,pm2_5,pm10,co,no2
count,898.0,898.0,898.0,898.0,898.0,898.0,898.0,898.0,898.0
mean,409.8752783964365,121.09259465478841,29.242772828507796,69.19487750556793,2.045478841870824,50.03746102449889,-22269486524.06334,496.48785077951,8.595200445434298
std,219.85703277803634,38.578486588841926,3.7585438301475866,16.364946646644473,1.2473149954967575,26.727920545568626,471618854260.65106,223.27290233629392,5.110020803584421
min,1.0,2.12,18.99,27.0,0.0,0.51,-9998999486464.0,18.08,0.0
25%,225.25,88.83250000000001,26.99,58.0,1.03,30.16,54.0125,316.365,4.45
50%,426.5,117.495,28.99,70.5,2.06,42.24,77.83500000000001,481.7,8.135000000000002
75%,598.75,156.61,31.99,83.0,2.57,66.4325,107.1725,641.75,11.95
max,763.0,232.49,38.99,100.0,8.84,182.28,663.85,1324.55,26.91
