,id,aqi,temperature,humidity,wind_speed,pm2_5,pm10,co,no2
count,974.0,974.0,974.0,974.0,974.0,974.0,974.0,974.0,974.0
mean,439.79671457905545,124.61309034907597,28.769250513347025,68.24024640657085,2.013264887063655,53.07366529774127,-20531826372.4665,512.9507802874743,8.812320328542095
std,234.8918444112119,39.51399581880319,4.131885408957907,16.76786011779594,1.251151419399056,29.116632504493612,452865021465.1985,232.30052704143318,5.216216940824903
min,1.0,2.12,14.99,21.0,0.0,0.51,-9998999486464.0,18.08,0.0
25%,244.25,90.545,26.99,56.25,1.03,30.92,56.3475,325.5075,4.657500000000001
50%,456.5,123.85,28.99,70.0,2.06,44.89,80.69,499.4,8.38
75%,643.0,158.9725,31.99,83.0,2.57,71.0325,112.9075,660.2175,12.235
max,824.0,232.49,38.99,100.0,8.84,182.28,663.85,1324.55,26.91
