,id,aqi,temperature,humidity,wind_speed,pm2_5,pm10,co,no2
count,670.0,670.0,670.0,670.0,670.0,670.0,670.0,670.0,670.0
mean,317.0402985074627,107.5271343283582,29.92477611940299,73.63582089552239,2.247686567164179,39.72538805970149,70.13426865671642,454.66883582089554,8.61244776119403
std,173.2568184226976,33.03478026522599,3.2693890572704216,13.996964239435673,1.207725823786019,18.066357069743102,37.76968440927387,208.5897177580849,5.370576761102417
min,1.0,2.12,22.99,31.0,0.0,0.51,2.78,18.08,0.0
25%,170.25,81.83,27.99,66.0,1.54,26.91,47.1625,291.38,4.05
50%,327.5,102.33,28.99,75.0,2.06,36.075,66.885,427.28999999999996,7.984999999999999
75%,469.75,134.365,31.99,83.0,3.09,49.192499999999995,86.4675,602.515,12.125
max,597.0,187.49,38.99,100.0,8.23,126.18,663.85,1179.69,26.91
