,id,aqi,temperature,humidity,wind_speed,pm2_5,pm10,co,no2
count,915.0,915.0,915.0,915.0,915.0,915.0,915.0,915.0,915.0
mean,416.5825136612022,122.42912568306011,29.157202185792354,69.12131147540984,2.028863387978142,51.559770491803285,-21855736497.460194,503.3583387978142,8.627661202185791
std,223.19794405904958,39.514484870133636,3.811964815196071,16.363336774652314,1.2479718416857761,28.994055563917726,467222003920.82947,229.2600828034406,5.104143830220328
min,1.0,2.12,18.99,27.0,0.0,0.51,-9998999486464.0,18.08,0.0
25%,229.5,89.22,26.99,58.0,1.03,30.315,54.515,319.45,4.515000000000001
50%,434.0,119.49,28.99,70.0,2.06,43.07,78.75,488.05,8.17
75%,612.0,157.57,31.99,83.0,2.57,68.25,108.905,647.14,11.969999999999999
max,777.0,232.49,38.99,100.0,8.84,182.28,663.85,1324.55,26.91
