,id,aqi,temperature,humidity,wind_speed,pm2_5,pm10,co,no2
count,626.0,626.0,626.0,626.0,626.0,626.0,626.0,626.0,626.0
mean,298.61661341853033,107.66022364217253,29.80009584664537,75.16613418530352,2.2747923322683707,39.8767731629393,68.71039936102237,459.92589456869007,8.692300319488819
std,164.15544821769612,33.892499313416,3.2203860623842493,12.799170100891912,1.216794755414861,18.568126069446606,38.465371639440264,211.37473560120299,5.405660305648506
min,1.0,2.12,22.99,34.0,0.0,0.51,2.78,18.08,0.0
25%,159.25,79.9675,27.99,66.0,1.54,26.1575,45.75,294.22,4.0975
50%,305.5,102.55000000000001,28.99,78.0,2.06,36.225,64.715,429.485,8.015
75%,442.75,139.23,31.99,84.0,3.09,51.175,84.83,608.7674999999999,12.125
max,564.0,187.49,38.99,100.0,8.23,126.18,663.85,1179.69,26.91
