,id,aqi,temperature,humidity,wind_speed,pm2_5,pm10,co,no2
count,1085.0,1085.0,1085.0,1085.0,1085.0,1085.0,1085.0,1085.0,1085.0
mean,483.47741935483873,133.71457142857142,27.77708755760369,67.03133640552996,1.9036497695852534,63.490470046082955,-18431335353.465874,555.9010322580646,9.311668202764977
std,257.5725145930305,48.61519834833625,5.1074956309874,17.335013907139277,1.2695844930427347,44.97765155446089,429097774445.8344,272.69389309653377,5.441965122237927
min,1.0,2.12,11.99,20.0,0.0,0.51,-9998999486464.0,18.08,0.0
25%,268.0,93.99,24.99,55.0,1.03,32.61,59.24,339.95,4.93
50%,504.0,142.49,27.99,70.0,2.06,52.43,86.77,536.11,8.98
75%,708.0,163.9,30.99,82.0,2.07,80.49,128.51,701.94,13.05
max,907.0,363.54,38.99,100.0,8.84,313.61,663.85,1714.68,26.91
