,id,aqi,temperature,humidity,wind_speed,pm2_5,pm10,co,no2
count,1468.0,1468.0,1468.0,1468.0,1468.0,1468.0,1468.0,1468.0,1468.0
mean,641.1389645776567,176.43946185286103,24.330599455040876,67.8732970027248,1.726682561307902,111.23613760217984,-13622614942.44861,804.330272479564,11.178440054495914
std,350.16567278779223,93.48701564963388,7.624428141193137,17.886456115370656,1.2394479893835366,100.75776490922436,368943993533.1092,548.7194273795143,6.680692460901062
min,1.0,2.12,5.99,20.0,0.0,0.51,-9998999486464.0,18.08,0.0
25%,354.75,105.66499999999999,18.99,55.0,1.03,37.4375,68.9325,402.17,5.8825
50%,645.5,159.005,26.99,71.0,2.06,71.16499999999999,112.75,636.825,10.84
75%,918.0,202.8025,29.99,82.0,2.06,152.3175,236.03,1053.0925,15.53
max,1277.0,493.9,38.99,100.0,8.84,491.16,663.85,2839.26,33.91
