,id,aqi,temperature,humidity,wind_speed,pm2_5,pm10,co,no2
count,642.0,642.0,642.0,642.0,642.0,642.0,642.0,642.0,642.0
mean,305.3348909657321,107.60303738317756,29.84844236760125,74.64018691588785,2.2630218068535823,39.811791277258564,69.24903426791278,457.7676323987539,8.660981308411216
std,167.4612815214384,33.543770291863375,3.230972149885356,13.14789764355911,1.208572305112278,18.36306031547614,38.22843564329585,210.17928245320672,5.392983811077645
min,1.0,2.12,22.99,34.0,0.0,0.51,2.78,18.08,0.0
25%,163.25,81.32249999999999,27.99,66.0,1.54,26.555,46.339999999999996,292.735,4.0675
50%,313.5,102.33,28.99,78.0,2.06,36.075,65.52000000000001,429.04999999999995,8.015
75%,451.75,137.93,31.99,83.0,3.09,50.88,85.69,607.18,12.125
max,573.0,187.49,38.99,100.0,8.23,126.18,663.85,1179.69,26.91
