,id,aqi,temperature,humidity,wind_speed,pm2_5,pm10,co,no2
count,784.0,784.0,784.0,784.0,784.0,784.0,784.0,784.0,784.0
mean,364.0255102040816,114.11545918367345,29.701721938775513,71.11989795918367,2.1898596938775508,44.1225637755102,-25507651675.562225,465.6718112244897,8.45906887755102
std,196.7769334680206,35.8688751729766,3.4939922485866326,15.395373805141821,1.2263039217558702,21.222867301187055,504703141595.93225,203.57661682908494,5.190066282890095
min,1.0,2.12,19.99,27.0,0.0,0.51,-9998999486464.0,18.08,0.0
25%,198.75,85.195,26.99,62.0,1.03,28.455,50.0625,304.28,4.115
50%,376.5,108.98,28.99,74.0,2.06,38.78,72.58500000000001,446.29,7.93
75%,535.25,152.4925,31.99,83.0,3.09,58.8125,95.0725,614.8275,11.942499999999999
max,683.0,187.49,38.99,100.0,8.84,126.18,663.85,1179.69,26.91
