,id,aqi,temperature,humidity,wind_speed,pm2_5,pm10,co,no2
count,1053.0,1053.0,1053.0,1053.0,1053.0,1053.0,1053.0,1053.0,1053.0
mean,470.92402659069324,129.75848053181386,28.06786324786325,67.17188983855651,1.9350902184235517,58.94719848053181,-18991451916.99041,539.3999905033238,9.164387464387465
std,251.02222176435416,42.48850327802678,4.838610111010819,17.302055086271842,1.2652610291520567,35.79691034094586,435562865624.79047,251.5676694616101,5.39575261860767
min,1.0,2.12,11.99,20.0,0.0,0.51,-9998999486464.0,18.08,0.0
25%,262.0,93.08,25.99,55.0,1.03,32.28,57.96,337.88,4.84
50%,490.0,136.88,28.13,70.0,2.06,50.64,85.43,524.57,8.84
75%,688.0,162.34,30.99,82.0,2.24,77.47,122.29,686.56,12.75
max,886.0,249.94,38.99,100.0,8.84,199.88,663.85,1324.55,26.91
