,id,aqi,temperature,humidity,wind_speed,pm2_5,pm10,co,no2
count,676.0,676.0,676.0,676.0,676.0,676.0,676.0,676.0,676.0
mean,319.5399408284024,107.93439349112425,29.930843195266277,73.50295857988165,2.23939349112426,39.90689349112426,70.56310650887575,455.16110946745556,8.60792899408284
std,174.498867327737,33.16988797424849,3.2676746788024915,14.062031573516613,1.2074742854903928,18.098040101637825,37.883187751127245,208.09539596120032,5.363104394062954
min,1.0,2.12,22.99,31.0,0.0,0.51,2.78,18.08,0.0
25%,171.75,82.64750000000001,27.99,65.75,1.54,27.3525,47.3575,291.76,4.05
50%,329.5,102.785,28.99,75.0,2.06,36.29,67.15,429.04999999999995,8.015
75%,473.25,137.23,31.99,83.0,3.09,50.72,86.8425,602.505,12.115
max,600.0,187.49,38.99,100.0,8.23,126.18,663.85,1179.69,26.91
