,id,aqi,temperature,humidity,wind_speed,pm2_5,pm10,co,no2
count,1208.0,1208.0,1208.0,1208.0,1208.0,1208.0,1208.0,1208.0,1208.0
mean,531.9014900662252,144.50314569536422,26.60919701986755,66.41887417218543,1.833865894039735,75.90404801324505,-16554634790.819695,618.4840066225166,9.869577814569537
std,283.53291531269326,58.66453658780945,6.128070494671469,17.542800062292773,1.2746464806370925,59.430948566192306,406684944994.3672,345.74934413126215,5.7791786142508705
min,1.0,2.12,7.99,20.0,0.0,0.51,-9998999486464.0,18.08,0.0
25%,296.75,97.295,22.99,54.0,1.03,34.165,62.1,361.73,5.265
50%,548.5,152.71,27.99,70.0,2.06,58.825,94.425,570.48,9.535
75%,770.25,171.6225,30.99,79.0,2.06,95.445,153.1275,776.5175,13.71
max,1016.0,390.27,38.99,100.0,8.84,340.58,663.85,2362.04,28.32
