,id,aqi,temperature,humidity,wind_speed,pm2_5,pm10,co,no2
count,295.0,295.0,295.0,295.0,295.0,295.0,295.0,295.0,295.0
mean,148.1864406779661,105.43474576271184,30.261593220338977,75.49152542372882,2.4318305084745764,38.8715593220339,74.42810169491526,418.68694915254235,8.662949152542373
std,84.59219391469725,34.95335456130362,2.9413887640327956,10.975812742218345,1.1745023718643766,18.718889608427347,48.525070171610174,200.68556750027034,5.4841852823998805
min,1.0,2.12,22.99,46.0,0.0,0.51,2.78,18.08,0.0
25%,74.5,77.36,27.99,66.0,2.06,24.655,48.790000000000006,263.065,3.915
50%,150.0,102.28,29.99,78.0,2.06,36.06,67.37,368.74,7.89
75%,221.5,133.785,32.99,83.0,3.09,49.019999999999996,91.595,569.0550000000001,12.325
max,289.0,183.63,38.99,100.0,8.23,118.7,663.85,1168.94,26.91
