,id,aqi,temperature,humidity,wind_speed,pm2_5,pm10,co,no2
count,1338.0,1338.0,1338.0,1338.0,1338.0,1338.0,1338.0,1338.0,1338.0
mean,585.568759342302,165.17245889387144,25.528109118086697,66.83408071748879,1.7734454409566516,98.64637518684604,-14946187425.1092,715.9680941704037,10.436980568011958
std,315.4517509238344,87.59755597545106,6.812065844815198,17.822719735154838,1.2568066931561104,93.77843575659661,386439056088.9319,462.34009918264877,6.07956307733459
min,1.0,2.12,7.99,20.0,0.0,0.51,-9998999486464.0,18.08,0.0
25%,327.25,101.6025,20.99,55.0,1.03,35.765,65.45750000000001,381.97,5.56
50%,596.5,155.59,26.99,70.0,2.06,64.41499999999999,104.38,605.7750000000001,10.165
75%,846.75,184.1225,29.99,82.0,2.06,119.6475,197.0325,889.065,14.6
max,1150.0,493.9,38.99,100.0,8.84,491.16,663.85,2794.89,28.32
