,id,aqi,temperature,humidity,wind_speed,pm2_5,pm10,co,no2
count,1068.0,1068.0,1068.0,1068.0,1068.0,1068.0,1068.0,1068.0,1068.0
mean,476.82022471910113,131.17381086142322,27.933810861423222,67.07771535580524,1.9204494382022472,60.63036516853932,-18724718037.70613,545.4070599250937,9.236685393258426
std,254.1048781755316,44.011976607525824,4.960442545124457,17.32355282009595,1.2677131053953263,38.48265048484679,432496214122.32404,256.6484864746276,5.421746941109681
min,1.0,2.12,11.99,20.0,0.0,0.51,-9998999486464.0,18.08,0.0
25%,265.75,93.5775,24.99,55.0,1.03,32.3575,58.417500000000004,338.425,4.88
50%,496.5,140.28500000000003,27.99,70.0,2.06,51.56,85.925,528.675,8.92
75%,697.25,163.22,30.99,82.0,2.1775,79.17,124.6375,694.5675,12.8925
max,896.0,325.99,38.99,100.0,8.84,275.72,663.85,1419.83,26.91
