,id,aqi,temperature,humidity,wind_speed,pm2_5,pm10,co,no2
count,746.0,746.0,746.0,746.0,746.0,746.0,746.0,746.0,746.0
mean,348.57774798927613,112.15247989276139,29.895321715817698,72.0603217158177,2.229892761394102,42.9645710455764,-26806969059.61477,461.0921313672922,8.429436997319035
std,189.10850544870382,35.32041081704501,3.3648180885217602,14.724416353232472,1.2191727811773192,20.834419795257386,517380982938.60205,204.73955706915552,5.245275069535032
min,1.0,2.12,19.99,31.0,0.0,0.51,-9998999486464.0,18.08,0.0
25%,189.25,84.35499999999999,27.99,62.0,1.54,27.98,49.045,299.025,4.0525
50%,359.5,107.17,28.99,74.0,2.06,38.09,70.845,438.145,7.82
75%,517.75,151.05,31.99,83.0,3.09,55.735,91.8825,608.6325,11.9475
max,652.0,187.49,38.99,100.0,8.84,126.18,663.85,1179.69,26.91
