,id,aqi,temperature,humidity,wind_speed,pm2_5,pm10,co,no2
count,1303.0,1303.0,1303.0,1303.0,1303.0,1303.0,1303.0,1303.0,1303.0
mean,570.8457405986186,161.34430544896392,25.827290867229475,66.47582501918649,1.7823561013046814,94.55006907137376,-15347658315.817837,697.4961243284728,10.389255564082886
std,306.41342812510123,83.81937734433511,6.630900267225209,17.647447487742962,1.2653693130017332,89.47663503292634,391590811043.352,448.8685567698261,6.105892961858419
min,1.0,2.12,7.99,20.0,0.0,0.51,-9998999486464.0,18.08,0.0
25%,318.5,99.81,21.99,54.0,1.03,35.44,64.49000000000001,376.395,5.49
50%,582.0,154.84,26.99,70.0,2.06,63.08,101.66,596.45,10.02
75%,826.5,180.60500000000002,30.235,81.0,2.06,112.83500000000001,187.755,855.9100000000001,14.57
max,1116.0,493.9,38.99,100.0,8.84,491.16,663.85,2794.89,28.32
