,id,aqi,temperature,humidity,wind_speed,pm2_5,pm10,co,no2
count,1197.0,1197.0,1197.0,1197.0,1197.0,1197.0,1197.0,1197.0,1197.0
mean,527.4987468671679,142.85334168755222,26.698429406850458,66.53884711779449,1.8360985797827907,74.08371762740184,-16706765941.071556,610.7267585630743,9.838153717627403
std,281.06883797217785,56.25978017119107,6.067980443410264,17.489544024209664,1.2777776748169156,56.49305605031008,408547757976.3857,335.88008884565124,5.777824912441191
min,1.0,2.12,7.99,20.0,0.0,0.51,-9998999486464.0,18.08,0.0
25%,294.0,97.2,23.13,55.0,1.03,34.09,61.98,360.82,5.25
50%,544.0,152.18,27.99,70.0,2.06,57.89,93.85,567.34,9.46
75%,763.0,170.56,30.99,79.0,2.06,93.38,152.0,768.35,13.66
max,1006.0,390.27,38.99,100.0,8.84,340.58,663.85,2362.04,28.32
