,id,aqi,temperature,humidity,wind_speed,pm2_5,pm10,co,no2
count,271.0,271.0,271.0,271.0,271.0,271.0,271.0,271.0,271.0
mean,136.63837638376384,105.50059040590405,30.163874538745382,75.91512915129151,2.442029520295203,39.04929889298893,71.56180811808117,426.68656826568264,8.67549815498155
std,78.37659705704883,36.242809090373235,2.9162297017021945,10.710508507221222,1.1727245639232717,19.44445006667757,49.50080175983767,204.5583890066462,5.461923249575725
min,1.0,2.12,22.99,46.0,0.0,0.51,2.78,18.08,0.0
25%,68.5,75.625,27.99,70.0,2.06,24.05,46.2,266.265,3.9800000000000004
50%,139.0,101.17,29.99,78.0,2.06,35.73,64.7,371.27,7.93
75%,205.0,139.105,32.49,83.0,3.09,51.015,81.16499999999999,597.51,12.059999999999999
max,268.0,183.63,38.99,100.0,8.23,118.7,663.85,1168.94,26.91
