,id,aqi,temperature,humidity,wind_speed,pm2_5,pm10,co,no2
count,390.0,390.0,390.0,390.0,390.0,390.0,390.0,390.0,390.0
mean,193.1,108.68697435897435,30.28005128205128,75.16410256410256,2.3722564102564103,40.53710256410257,73.90812820512821,433.25228205128207,8.91746153846154
std,108.7847465396299,34.54669516929461,2.8875983380463115,11.237732235607957,1.1982150546200736,19.158236875281666,44.12983098611073,198.44394096334014,5.495396621544244
min,1.0,2.12,22.99,46.0,0.0,0.51,2.78,18.08,0.0
25%,98.25,83.1425,27.99,66.0,1.54,27.424999999999997,49.19,272.4,4.05
50%,197.5,104.30000000000001,29.99,78.0,2.06,36.91,67.91,392.725,8.219999999999999
75%,287.75,140.68,32.74,83.0,3.09,51.895,91.72749999999999,597.5550000000001,12.434999999999999
max,374.0,187.49,38.99,100.0,8.23,126.18,663.85,1168.94,26.91
