,id,aqi,temperature,humidity,wind_speed,pm2_5,pm10,co,no2
count,825.0,825.0,825.0,825.0,825.0,825.0,825.0,825.0,825.0
mean,380.7236363636364,116.65003636363636,29.55968484848485,70.32969696969697,2.124727272727273,46.16945454545455,-24239998676.99435,473.28050909090916,8.462387878787878
std,205.27258395758767,36.80664717593314,3.561225469175824,15.863125190394213,1.244069116077604,22.980473519337934,492017875486.2193,204.72673558213924,5.1400573733007855
min,1.0,2.12,19.99,27.0,0.0,0.51,-9998999486464.0,18.08,0.0
25%,207.0,86.44,26.99,59.0,1.03,29.02,52.1,311.1,4.25
50%,393.0,111.78,28.99,74.0,2.06,39.88,74.07,463.73,7.94
75%,558.0,154.35,31.99,83.0,3.09,62.05,99.42,623.85,11.88
max,714.0,187.49,38.99,100.0,8.84,126.18,663.85,1179.69,26.91
