,id,aqi,temperature,humidity,wind_speed,pm2_5,pm10,co,no2
count,1356.0,1356.0,1356.0,1356.0,1356.0,1356.0,1356.0,1356.0,1356.0
mean,593.1873156342183,165.85649705014748,25.397072271386435,66.78097345132744,1.7643362831858407,99.50047197640119,-14747786703.693127,724.0422935103244,10.555980825958702
std,320.1654766126946,87.26382191689271,6.875766508194981,17.837270758980587,1.254321092931684,93.51115479722935,383867534847.82776,465.6771454874595,6.172343075143382
min,1.0,2.12,7.99,20.0,0.0,0.51,-9998999486464.0,18.08,0.0
25%,330.0,101.9425,20.99,55.0,1.03,35.8975,65.89,383.75,5.6175
50%,602.5,155.9,26.99,70.0,2.06,65.11500000000001,105.965,608.745,10.26
75%,857.25,185.735,29.99,82.0,2.06,122.7775,202.83749999999998,904.3925,14.9225
max,1168.0,493.9,38.99,100.0,8.84,491.16,663.85,2794.89,28.32
