,id,aqi,temperature,humidity,wind_speed,pm2_5,pm10,co,no2
count,1024.0,1024.0,1024.0,1024.0,1024.0,1024.0,1024.0,1024.0,1024.0
mean,459.498046875,127.876552734375,28.322021484375004,67.466796875,1.96876953125,56.7848828125,-19529295776.81469,529.675322265625,9.017363281249999
std,245.05517960634918,41.38157986864891,4.598979817546151,17.203652545119777,1.256300815727908,33.46087173153371,441681487376.2991,244.7211937301255,5.305940959264968
min,1.0,2.12,12.99,20.0,0.0,0.51,-9998999486464.0,18.08,0.0
25%,255.75,91.91,25.99,55.0,1.03,31.612499999999997,57.185,331.4475,4.805
50%,478.0,130.72,28.99,70.0,2.06,47.76,83.395,517.78,8.695
75%,669.0,161.265,30.99,82.0,2.43,75.3775,118.1925,678.3475,12.585
max,862.0,242.45,38.99,100.0,8.84,192.33,663.85,1324.55,26.91
