,id,aqi,temperature,humidity,wind_speed,pm2_5,pm10,co,no2
count,1316.0,1316.0,1316.0,1316.0,1316.0,1316.0,1316.0,1316.0,1316.0
mean,576.3001519756839,163.40920972644378,25.705037993920975,66.69984802431611,1.7811854103343465,96.79149696048631,-15196047705.378378,703.7757370820668,10.403677811550153
std,309.7504459038267,85.98004271563605,6.712230474687488,17.727305739964507,1.2601390323317467,91.87288689668345,389653342001.8163,451.6157296970495,6.090495918384406
min,1.0,2.12,7.99,20.0,0.0,0.51,-9998999486464.0,18.08,0.0
25%,322.0,101.23,21.99,55.0,1.03,35.644999999999996,64.82,377.8125,5.535
50%,587.0,155.085,26.99,70.0,2.06,63.42,102.41,600.45,10.05
75%,834.25,182.5375,29.99,82.0,2.06,116.575,193.2,870.4525,14.56
max,1129.0,493.9,38.99,100.0,8.84,491.16,663.85,2794.89,28.32
