,id,aqi,temperature,humidity,wind_speed,pm2_5,pm10,co,no2
count,777.0,777.0,777.0,777.0,777.0,777.0,777.0,777.0,777.0
mean,361.17245817245816,113.75039897039896,29.733873873873875,71.2908622908623,2.195006435006435,43.956602316602314,-25737450340.3666,465.5761904761905,8.44931788931789
std,195.33965558635023,35.8221122780646,3.469683101419767,15.272282399616653,1.2240919340894567,21.2446763686313,506968557704.3547,204.19850063164296,5.197568664656211
min,1.0,2.12,19.99,29.0,0.0,0.51,-9998999486464.0,18.08,0.0
25%,197.0,84.73,26.99,62.0,1.17,28.21,49.75,304.01,4.1
50%,373.0,108.63,28.99,74.0,2.06,38.64,72.32,444.92,7.89
75%,532.0,152.18,31.99,83.0,3.09,57.89,94.23,615.2,11.94
max,677.0,187.49,38.99,100.0,8.84,126.18,663.85,1179.69,26.91
