,id,aqi,temperature,humidity,wind_speed,pm2_5,pm10,co,no2
count,1098.0,1098.0,1098.0,1098.0,1098.0,1098.0,1098.0,1098.0,1098.0
mean,488.5336976320583,134.9300364298725,27.67487249544627,66.96903460837888,1.8923679417122041,64.93513661202185,-18213113711.559425,560.6666393442623,9.321111111111112
std,260.17912848631335,49.7776800666267,5.179628970651206,17.314953337924905,1.2704093338111186,46.83127141886002,426552348221.6881,276.2046004399501,5.429971506381358
min,1.0,2.12,11.99,20.0,0.0,0.51,-9998999486464.0,18.08,0.0
25%,271.25,94.57,24.99,55.0,1.03,32.8225,59.5575,341.25,4.987500000000001
50%,508.5,144.495,27.99,70.0,2.06,53.21,87.775,541.37,9.035
75%,713.75,164.655,30.99,81.25,2.06,81.9525,131.175,710.2175,13.037500000000001
max,915.0,363.54,38.99,100.0,8.84,313.61,663.85,1714.68,26.91
