,id,aqi,temperature,humidity,wind_speed,pm2_5,pm10,co,no2
count,1459.0,1459.0,1459.0,1459.0,1459.0,1459.0,1459.0,1459.0,1459.0
mean,637.2412611377656,175.3481288553804,24.4279712131597,67.80877313228238,1.7281631254283756,110.04150102810145,-13706647524.804064,796.3699725839616,11.106072652501714
std,347.69691904654235,92.62937394115116,7.544697171842526,17.914551941499465,1.242619825604361,99.80581042534023,370079400464.2027,539.2458818784872,6.607104014184398
min,1.0,2.12,6.99,20.0,0.0,0.51,-9998999486464.0,18.08,0.0
25%,352.5,105.21000000000001,18.99,55.0,1.03,37.269999999999996,68.68,401.53999999999996,5.855
50%,643.0,158.55,26.99,71.0,2.06,70.2,112.08,635.06,10.82
75%,911.5,199.26,29.99,82.0,2.06,148.95999999999998,233.16000000000003,1041.315,15.45
max,1268.0,493.9,38.99,100.0,8.84,491.16,663.85,2839.26,33.91
