,id,aqi,temperature,humidity,wind_speed,pm2_5,pm10,co,no2
count,470.0,470.0,470.0,470.0,470.0,470.0,470.0,470.0,470.0
mean,229.86808510638298,109.91953191489364,29.76472340425532,76.84468085106383,2.3660425531914893,41.272510638297874,70.03202127659576,482.04597872340423,9.57863829787234
std,128.41588405557644,34.64063956975609,3.073904025412442,11.547774289849654,1.2248312525946121,19.491401955386735,42.36240690172136,221.99437243822786,5.621601636975129
min,1.0,2.12,22.99,46.0,0.0,0.51,2.78,18.08,0.0
25%,120.25,83.41,27.99,70.0,1.54,27.5525,44.5325,299.0725,5.0375000000000005
50%,235.5,105.765,28.99,79.0,2.06,37.474999999999994,64.78999999999999,468.17,9.1
75%,340.75,144.29,31.99,84.0,3.09,53.1275,87.325,633.0,13.504999999999999
max,443.0,187.49,38.99,100.0,8.23,126.18,663.85,1179.69,26.91
