,id,aqi,temperature,humidity,wind_speed,pm2_5,pm10,co,no2
count,811.0,811.0,811.0,811.0,811.0,811.0,811.0,811.0,811.0
mean,375.0369913686806,115.87159062885327,29.622540073982744,70.48951911220715,2.1487053020961775,45.54437731196054,-24658445018.60013,470.90106041923553,8.481405672009865
std,202.3784649472215,36.56882637951919,3.529854466179087,15.796024695733244,1.2354415118067346,22.520244082414692,496241256917.11383,204.72008319367384,5.168672298597462
min,1.0,2.12,19.99,27.0,0.0,0.51,-9998999486464.0,18.08,0.0
25%,205.0,86.08,26.99,60.5,1.03,28.825,51.715,308.44500000000005,4.205
50%,387.0,110.48,28.99,74.0,2.06,39.67,73.83,456.62,7.96
75%,552.5,154.09,31.99,83.0,3.09,61.585,97.13,620.365,11.925
max,705.0,187.49,38.99,100.0,8.84,126.18,663.85,1179.69,26.91
