,id,aqi,temperature,humidity,wind_speed,pm2_5,pm10,co,no2
count,815.0,815.0,815.0,815.0,815.0,815.0,815.0,815.0,815.0
mean,376.66748466257667,116.12803680981595,29.594895705521477,70.4760736196319,2.140687116564417,45.756,-24537421974.97755,471.66560736196317,8.481079754601227
std,203.21283939207225,36.66241946202479,3.5465967987277143,15.7776037671566,1.238212339447918,22.672508446638613,495023492509.207,204.51050044431275,5.160237082174194
min,1.0,2.12,19.99,27.0,0.0,0.51,-9998999486464.0,18.08,0.0
25%,205.5,86.17,26.99,60.5,1.03,28.865000000000002,51.81,309.33000000000004,4.235
50%,389.0,111.34,28.99,74.0,2.06,39.73,73.96,457.58,7.96
75%,554.5,154.215,31.99,83.0,3.09,61.835,97.795,621.3299999999999,11.925
max,708.0,187.49,38.99,100.0,8.84,126.18,663.85,1179.69,26.91
