,id,aqi,temperature,humidity,wind_speed,pm2_5,pm10,co,no2
count,346.0,346.0,346.0,346.0,346.0,346.0,346.0,346.0,346.0
mean,172.5057803468208,106.31520231213872,30.302485549132946,75.52312138728324,2.3765028901734104,39.46823699421965,76.29170520231214,414.8411271676301,8.774421965317918
std,97.75797515098796,34.44171118961855,2.9060625597601732,11.203042421773784,1.1390996552669586,19.097879647430204,45.80167842294886,197.93834124168168,5.499512161340633
min,1.0,2.12,22.99,46.0,0.0,0.51,2.78,18.08,0.0
25%,87.25,79.9475,27.99,66.0,2.06,26.33,51.8925,261.11,3.88
50%,175.5,102.245,29.99,78.0,2.06,36.040000000000006,70.995,368.31,8.08
75%,258.75,133.4225,32.99,83.0,3.09,48.8875,93.225,569.7675,12.355
max,336.0,187.49,38.99,100.0,8.23,126.18,663.85,1168.94,26.91
