,id,aqi,temperature,humidity,wind_speed,pm2_5,pm10,co,no2
count,473.0,473.0,473.0,473.0,473.0,473.0,473.0,473.0,473.0
mean,231.23044397463002,110.04393234672304,29.7238689217759,76.94080338266384,2.3727906976744184,41.31949260042284,69.93080338266384,483.33040169133193,9.578350951374208
std,129.14031163099278,34.60453858758733,3.1068129140297627,11.576051265977139,1.2317600713907741,19.45578029867052,42.25547705184066,221.9019624191591,5.603813417419441
min,1.0,2.12,22.99,46.0,0.0,0.51,2.78,18.08,0.0
25%,121.0,83.47,27.99,70.0,1.54,27.59,44.52,299.41,5.21
50%,237.0,105.78,28.99,79.0,2.06,37.51,64.73,474.16,9.12
75%,343.0,144.39,31.99,84.0,3.09,53.13,86.77,635.57,13.49
max,445.0,187.49,38.99,100.0,8.23,126.18,663.85,1179.69,26.91
