,id,aqi,temperature,humidity,wind_speed,pm2_5,pm10,co,no2
count,566.0,566.0,566.0,566.0,566.0,566.0,566.0,566.0,566.0
mean,272.75265017667846,108.82971731448762,29.594452296819785,76.58480565371025,2.342173144876325,40.58397526501766,67.57872791519434,472.5186749116608,8.93077738515901
std,150.9974938022385,34.869376999156835,3.1479237658770396,11.93265982474721,1.2341969744484478,19.197344919465014,39.868093976474334,215.68850277967618,5.484762586798152
min,1.0,2.12,22.99,46.0,0.0,0.51,2.78,18.08,0.0
25%,145.0,80.93,26.99,70.0,1.54,26.375,44.3025,297.3025,4.2524999999999995
50%,278.5,104.30000000000001,28.99,79.0,2.06,36.91,62.57,455.555,8.17
75%,403.75,143.3725,31.99,84.0,3.09,52.845,82.815,623.725,12.485
max,521.0,187.49,38.99,100.0,8.23,126.18,663.85,1179.69,26.91
