,id,aqi,temperature,humidity,wind_speed,pm2_5,pm10,co,no2
count,1032.0,1032.0,1032.0,1032.0,1032.0,1032.0,1032.0,1032.0,1032.0
mean,462.64728682170545,128.30932170542636,28.245804263565898,67.42151162790698,1.9594961240310076,57.26592054263567,-19377905885.35318,532.0771124031008,9.064447674418604
std,246.691692378675,41.512132445583006,4.676585270151949,17.190314938466567,1.25806308794656,33.77891388434648,439967883186.0937,245.55667274299046,5.336833057677858
min,1.0,2.12,12.99,20.0,0.0,0.51,-9998999486464.0,18.08,0.0
25%,257.75,92.1,25.99,55.0,1.03,31.6725,57.3325,333.4425,4.825
50%,480.0,132.45499999999998,28.99,70.0,2.06,48.435,83.73,519.4549999999999,8.75
75%,674.25,161.4825,30.99,82.0,2.385,75.7975,119.2,680.2875,12.6425
max,868.0,242.45,38.99,100.0,8.84,192.33,663.85,1324.55,26.91
