,id,aqi,temperature,humidity,wind_speed,pm2_5,pm10,co,no2
count,400.0,400.0,400.0,400.0,400.0,400.0,400.0,400.0,400.0
mean,197.7475,109.45247499999999,30.2878,75.155,2.3567249999999995,40.86435,73.99855,437.32545,9.004249999999999
std,111.27515060247734,34.67237086467869,2.8657977339004717,11.161650015911368,1.1938957206785845,19.128964826037752,43.715030603319065,198.61835420566226,5.547716361672967
min,1.0,2.12,22.99,46.0,0.0,0.51,2.78,18.08,0.0
25%,100.75,83.45,27.99,66.0,1.54,27.5775,49.230000000000004,274.74,4.08
50%,202.5,104.85,29.99,78.0,2.06,37.230000000000004,68.71000000000001,396.58500000000004,8.265
75%,294.25,143.6975,32.24,83.0,3.09,53.0025,91.4625,599.6775,12.579999999999998
max,383.0,187.49,38.99,100.0,8.23,126.18,663.85,1168.94,26.91
