,id,aqi,temperature,humidity,wind_speed,pm2_5,pm10,co,no2
count,1397.0,1397.0,1397.0,1397.0,1397.0,1397.0,1397.0,1397.0,1397.0
mean,610.6012884753043,170.73907659269864,25.02005726556908,67.26914817465999,1.7438725841088043,104.9077022190408,-14314959739.183601,750.0086471009306,10.702748747315676
std,330.9615938271335,91.02230084007549,7.136443527029647,17.94233840301842,1.25554408043218,97.82113334931809,378196700418.47754,487.37641929069383,6.2079663584116425
min,1.0,2.12,6.99,20.0,0.0,0.51,-9998999486464.0,18.08,0.0
25%,338.0,102.92,19.99,55.0,1.03,36.3,66.76,389.33,5.71
50%,621.0,156.79,26.99,70.0,2.06,66.73,108.52,620.4,10.5
75%,881.0,192.11,29.99,82.0,2.06,135.11,217.69,948.35,15.01
max,1206.0,493.9,38.99,100.0,8.84,491.16,663.85,2794.89,28.32
