,id,aqi,temperature,humidity,wind_speed,pm2_5,pm10,co,no2
count,1438.0,1438.0,1438.0,1438.0,1438.0,1438.0,1438.0,1438.0,1438.0
mean,628.1759388038943,173.31838664812238,24.640208623087624,67.64325452016689,1.7376564673157162,107.83312239221141,-13906814148.604746,780.5480389429764,10.952079276773295
std,341.9733703138525,91.32684255589734,7.3869516953630034,17.967340462371617,1.2462217924375718,98.35442711920007,372769985486.7998,521.8110052344284,6.426915419654015
min,1.0,2.12,6.99,20.0,0.0,0.51,-9998999486464.0,18.08,0.0
25%,347.25,104.445,18.99,55.0,1.03,36.9375,68.11,397.7775,5.8325
50%,634.5,157.89999999999998,26.99,70.0,2.06,68.94,110.895,630.245,10.725000000000001
75%,902.75,197.435,29.99,82.0,2.06,145.4325,226.745,1007.955,15.227500000000001
max,1247.0,493.9,38.99,100.0,8.84,491.16,663.85,2839.26,33.91
