,id,aqi,temperature,humidity,wind_speed,pm2_5,pm10,co,no2
count,1186.0,1186.0,1186.0,1186.0,1186.0,1186.0,1186.0,1186.0,1186.0
mean,523.1070826306914,141.54084317032041,26.819671163575045,66.53119730185497,1.8370657672849917,72.59780775716695,-16861719085.105541,602.1453035413153,9.749966273187184
std,278.62593740749895,54.56432957750008,5.947983764456616,17.49472122192203,1.279415078930298,54.32157371355732,410436405412.2881,322.60404085893805,5.709420551757965
min,1.0,2.12,7.99,20.0,0.0,0.51,-9998999486464.0,18.08,0.0
25%,291.25,96.62,23.99,55.0,1.03,33.9575,61.71,359.105,5.225
50%,540.5,151.92000000000002,27.99,70.0,2.06,57.335,93.475,565.405,9.43
75%,755.75,169.705,30.99,79.0,2.06,91.72,147.405,756.6475,13.59
max,995.0,363.54,38.99,100.0,8.84,313.61,663.85,2285.75,28.32
