,id,aqi,temperature,humidity,wind_speed,pm2_5,pm10,co,no2
count,1471.0,1471.0,1471.0,1471.0,1471.0,1471.0,1471.0,1471.0,1471.0
mean,642.4398368456832,176.88823929299795,24.295234534330387,67.92250169952413,1.7266553365057782,111.73833446634941,-13594832586.23461,807.8486811692726,11.192814411964651
std,350.9906121441237,93.94922776648146,7.657895898209467,17.908633671940063,1.2382322664799663,101.30467843156144,368567840528.6421,554.617376421316,6.70063993026468
min,1.0,2.12,3.99,20.0,0.0,0.51,-9998999486464.0,18.08,0.0
25%,355.5,105.765,18.99,55.0,1.03,37.474999999999994,69.3,402.255,5.875
50%,647.0,159.14,26.99,71.0,2.06,71.32,112.95,638.36,10.84
75%,919.5,204.71,29.99,82.0,2.06,154.245,236.52499999999998,1057.005,15.535
max,1280.0,493.9,38.99,100.0,8.84,491.16,663.85,3066.3,33.91
