,id,aqi,temperature,humidity,wind_speed,pm2_5,pm10,co,no2
count,1082.0,1082.0,1082.0,1082.0,1082.0,1082.0,1082.0,1082.0,1082.0
mean,482.30591497227357,133.09632162661737,27.818086876155274,66.98336414048059,1.907975970425139,62.81612754158965,-18482438872.19396,553.0251571164509,9.29641404805915
std,256.96477789526773,47.23808234316702,5.054191612741893,17.330965068027893,1.2684196856559389,43.17166694599407,429691679654.61804,267.47074470959853,5.441576104062655
min,1.0,2.12,11.99,20.0,0.0,0.51,-9998999486464.0,18.08,0.0
25%,268.0,93.9375,24.99,55.0,1.03,32.5575,58.97,339.9425,4.915
50%,502.5,142.23000000000002,27.99,70.0,2.06,52.32,86.69,534.1099999999999,8.965
75%,705.75,163.8125,30.99,81.25,2.1075,80.3175,127.39750000000001,700.9,12.955
max,904.0,348.23,38.99,100.0,8.84,298.16,663.85,1655.54,26.91
