,id,aqi,temperature,humidity,wind_speed,pm2_5,pm10,co,no2
count,719.0,719.0,719.0,719.0,719.0,719.0,719.0,719.0,719.0
mean,337.4784422809458,111.2690264255911,30.00557719054242,72.51460361613351,2.2082058414464534,42.309554937413075,-27813628540.68062,461.0836161335188,8.530848400556328
std,183.56821315255368,34.81684547937102,3.276836051165813,14.525340294511238,1.1926237931082189,20.231924346297106,526992524177.6235,205.29476837804617,5.281163903549098
min,1.0,2.12,22.99,31.0,0.0,0.51,-9998999486464.0,18.08,0.0
25%,182.5,84.16499999999999,27.99,62.0,1.54,27.895,48.84,299.09000000000003,4.074999999999999
50%,347.0,105.97,29.99,74.0,2.06,37.61,70.23,438.28,7.94
75%,500.5,148.055,31.99,83.0,3.09,54.725,91.225,607.9749999999999,12.01
max,634.0,187.49,38.99,100.0,8.23,126.18,663.85,1179.69,26.91
