,id,aqi,temperature,humidity,wind_speed,pm2_5,pm10,co,no2
count,895.0,895.0,895.0,895.0,895.0,895.0,895.0,895.0,895.0
mean,408.6949720670391,120.79699441340783,29.257027932960895,69.23463687150839,2.0477318435754186,49.70934078212291,-22344132848.259125,494.7732290502794,8.601508379888267
std,219.27572390827257,38.25726480724006,3.75049086933482,16.356033383065267,1.2484803718816195,26.015051879350608,472407731029.1851,220.4250215924586,5.112408432603265
min,1.0,2.12,18.99,27.0,0.0,0.51,-9998999486464.0,18.08,0.0
25%,224.5,88.67500000000001,26.99,58.0,1.03,30.11,53.894999999999996,316.155,4.460000000000001
50%,425.0,117.23,28.99,71.0,2.06,42.19,77.74,480.33,8.14
75%,598.0,156.57,31.99,83.0,2.57,66.295,106.91499999999999,640.9200000000001,11.95
max,760.0,216.66,38.99,100.0,8.84,166.3,663.85,1222.38,26.91
