,id,aqi,temperature,humidity,wind_speed,pm2_5,pm10,co,no2
count,550.0,550.0,550.0,550.0,550.0,550.0,550.0,550.0,550.0
mean,265.67636363636365,109.62783636363636,29.542945454545457,76.96181818181819,2.3588363636363634,40.994927272727274,67.44107272727273,477.9399818181818,9.033527272727273
std,147.27459942918193,34.9900155085981,3.1453721833644375,11.789918679980076,1.2384093264657947,19.297203868305793,40.352944603726534,215.48261597162352,5.488509301082661
min,1.0,2.12,22.99,46.0,0.0,0.51,2.78,18.08,0.0
25%,141.25,81.52000000000001,26.99,70.0,1.54,26.7425,43.78,304.5525,4.4125
50%,271.5,105.765,28.99,79.0,2.06,37.474999999999994,62.36,466.635,8.265
75%,392.75,144.405,31.99,84.0,3.09,53.182500000000005,83.285,626.65,12.584999999999999
max,509.0,187.49,38.99,100.0,8.23,126.18,663.85,1179.69,26.91
