,id,aqi,temperature,humidity,wind_speed,pm2_5,pm10,co,no2
count,699.0,699.0,699.0,699.0,699.0,699.0,699.0,699.0,699.0
mean,329.17024320457796,109.86034334763949,29.991630901287557,72.88698140200286,2.2169241773962804,41.40557939914163,-28609440519.00281,457.7561087267525,8.543061516452076
std,179.38043140368222,34.27921463990876,3.287779870482738,14.438292345727218,1.2041153685964898,19.74804342854011,534467908686.1797,206.5242698865476,5.322841094618537
min,1.0,2.12,22.99,31.0,0.0,0.51,-9998999486464.0,18.08,0.0
25%,177.5,83.63,27.99,62.0,1.54,27.68,48.09,296.055,4.055
50%,338.0,104.52,29.99,74.0,2.06,36.96,68.67,432.25,7.93
75%,487.5,143.675,31.99,83.0,3.09,52.91,88.465,605.7750000000001,12.03
max,621.0,187.49,38.99,100.0,8.23,126.18,663.85,1179.69,26.91
