,id,aqi,temperature,humidity,wind_speed,pm2_5,pm10,co,no2
count,1307.0,1307.0,1307.0,1307.0,1307.0,1307.0,1307.0,1307.0,1307.0
mean,572.521805661821,162.0580413159908,25.791063504208108,66.53404743687835,1.7816296863045142,95.32335118592195,-15300687669.256664,699.8142004590666,10.395784238714615
std,307.43686478012614,84.68414620438602,6.653546189258406,17.659082989019048,1.2638195433923578,90.43283819742928,390991591273.477,450.40586707789737,6.1042776450207645
min,1.0,2.12,7.99,20.0,0.0,0.51,-9998999486464.0,18.08,0.0
25%,319.5,100.49000000000001,21.99,54.5,1.03,35.57,64.605,377.15,5.49
50%,584.0,154.96,26.99,70.0,2.06,63.29,101.96,597.6,10.03
75%,828.5,180.89499999999998,30.07,81.0,2.06,113.4,189.815,863.9100000000001,14.594999999999999
max,1120.0,493.9,38.99,100.0,8.84,491.16,663.85,2794.89,28.32
