,id,aqi,temperature,humidity,wind_speed,pm2_5,pm10,co,no2
count,1341.0,1341.0,1341.0,1341.0,1341.0,1341.0,1341.0,1341.0,1341.0
mean,586.8359433258762,165.21192393736018,25.502296793437733,66.85011185682326,1.7725503355704697,98.68768829231917,-14912750763.801186,717.3712900820284,10.470663683818046
std,316.23365854485735,87.5040156257075,6.826690415877667,17.810043964916392,1.2557516265770898,93.6795669936337,386006879036.52954,462.80214006125203,6.114720890941831
min,1.0,2.12,7.99,20.0,0.0,0.51,-9998999486464.0,18.08,0.0
25%,328.0,101.64,20.99,55.0,1.03,35.78,65.48,382.48,5.59
50%,598.0,155.62,26.99,70.0,2.06,64.44,104.55,606.83,10.19
75%,848.0,184.32,29.99,82.0,2.06,120.04,195.72,893.39,14.71
max,1153.0,493.9,38.99,100.0,8.84,491.16,663.85,2794.89,28.32
