,id,aqi,temperature,humidity,wind_speed,pm2_5,pm10,co,no2
count,1259.0,1259.0,1259.0,1259.0,1259.0,1259.0,1259.0,1259.0,1259.0
mean,552.5647339158062,152.87806989674343,26.16791104050834,66.28752978554408,1.8045671167593327,85.0384511517077,-15884033999.654314,658.7753772835583,10.189428117553616
std,295.40136457994953,70.94501502294297,6.439030010566543,17.603970371140914,1.2697421715047048,73.73186667579638,398369423512.3429,398.40083051505314,6.013148826878054
min,1.0,2.12,7.99,20.0,0.0,0.51,-9998999486464.0,18.08,0.0
25%,307.5,98.22999999999999,22.265,54.0,1.03,34.6,63.05500000000001,370.025,5.385
50%,565.0,154.09,27.99,70.0,2.06,61.57,97.23,585.3,9.79
75%,799.0,175.5,30.99,79.0,2.06,102.945,170.92000000000002,818.4649999999999,14.15
max,1067.0,412.41,38.99,100.0,8.84,367.77,663.85,2380.16,28.32
