,id,aqi,temperature,humidity,wind_speed,pm2_5,pm10,co,no2
count,334.0,334.0,334.0,334.0,334.0,334.0,334.0,334.0,334.0
mean,166.80538922155688,104.48137724550898,30.27778443113772,75.47904191616766,2.3925449101796405,38.252245508982035,76.0312874251497,407.44038922155687,8.727005988023953
std,94.66254829100657,33.47322598970047,2.9202194374738575,11.212840303326693,1.1485375697068294,17.85213670776239,46.40061945410801,196.5909208618585,5.507922823696412
min,1.0,2.12,22.99,46.0,0.0,0.51,2.78,18.08,0.0
25%,84.25,78.6375,27.99,66.0,2.06,25.2975,51.2225,246.4825,3.7275
50%,169.5,100.345,29.99,78.0,2.06,35.65,70.445,362.92,8.045
75%,250.75,128.67,32.74,83.0,3.09,47.04,93.42,557.24,12.355
max,326.0,183.63,38.99,100.0,8.23,118.7,663.85,1168.94,26.91
