,id,aqi,temperature,humidity,wind_speed,pm2_5,pm10,co,no2
count,1401.0,1401.0,1401.0,1401.0,1401.0,1401.0,1401.0,1401.0,1401.0
mean,612.3083511777302,171.01026409707353,24.98142755174875,67.34403997144896,1.7425695931477514,105.22369735902926,-14274089046.893742,753.3993076374018,10.724839400428266
std,332.02572920127227,91.05023272270519,7.162790784169478,17.971329800819685,1.2542123736389499,97.87527128460006,377656805886.7643,490.8928465555888,6.218870004663519
min,1.0,2.12,6.99,20.0,0.0,0.51,-9998999486464.0,18.08,0.0
25%,339.0,102.97,19.99,55.0,1.03,36.4,67.01,390.99,5.71
50%,622.0,156.82,26.99,70.0,2.06,66.97,108.72,621.89,10.52
75%,884.0,193.31,29.99,82.0,2.06,137.45,218.58,950.21,15.02
max,1210.0,493.9,38.99,100.0,8.84,491.16,663.85,2794.89,28.32
