,id,aqi,temperature,humidity,wind_speed,pm2_5,pm10,co,no2
count,1134.0,1134.0,1134.0,1134.0,1134.0,1134.0,1134.0,1134.0,1134.0
mean,502.58641975308643,138.2239770723104,27.32420634920635,66.85890652557319,1.8695326278659614,68.81201058201057,-17634919617.217613,577.8258818342152,9.466058201058202
std,267.53189057022314,52.5831217535447,5.508100640922727,17.343358342357785,1.277956172595798,51.21135392382507,419733154374.60345,293.4431657325705,5.485656276499652
min,1.0,2.12,9.99,20.0,0.0,0.51,-9998999486464.0,18.08,0.0
25%,279.0,95.3925,24.99,55.0,1.03,33.27,60.6625,348.2175,5.0825
50%,522.5,149.1,27.99,70.0,2.06,55.165,90.47,552.34,9.225000000000001
75%,731.0,166.7275,30.99,79.0,2.06,85.9625,137.57999999999998,730.165,13.295
max,945.0,363.54,38.99,100.0,8.84,313.61,663.85,1714.68,26.91
