,id,aqi,temperature,humidity,wind_speed,pm2_5,pm10,co,no2
count,596.0,596.0,596.0,596.0,596.0,596.0,596.0,596.0,596.0
mean,285.77852348993287,107.64387583892618,29.72510067114094,75.83557046979865,2.299446308724832,39.95726510067114,67.71869127516779,463.62481543624165,8.7526677852349
std,157.66689045169568,34.58003855985943,3.2033484303645277,12.430234616256996,1.2265525351496975,18.97857883310975,39.0845092351165,214.46586442327606,5.451120655459044
min,1.0,2.12,22.99,37.0,0.0,0.51,2.78,18.08,0.0
25%,151.75,78.825,27.99,66.0,1.54,25.455,45.040000000000006,293.605,4.15
50%,292.5,102.145,28.99,78.0,2.06,36.005,62.665,432.555,8.045
75%,424.25,140.725,31.99,84.0,3.09,51.755,82.44500000000001,618.0625,12.175
max,542.0,187.49,38.99,100.0,8.23,126.18,663.85,1179.69,26.91
