,id,aqi,temperature,humidity,wind_speed,pm2_5,pm10,co,no2
count,997.0,997.0,997.0,997.0,997.0,997.0,997.0,997.0,997.0
mean,448.8655967903711,125.91132397191575,28.573741223671018,67.75827482447342,1.9957472417251758,54.46506519558676,-20058173402.172066,518.0356068204613,8.868064192577732
std,239.5560485388254,39.98459515678212,4.331892556112921,17.06156888342198,1.252933092243745,30.296097236307013,447616241135.9292,233.51347040244906,5.216273247276516
min,1.0,2.12,13.99,20.0,0.0,0.51,-9998999486464.0,18.08,0.0
25%,250.0,90.87,25.99,55.0,1.03,31.07,56.94,328.39,4.71
50%,466.0,126.21,28.99,70.0,2.06,45.79,82.11,507.82,8.48
75%,654.0,159.84,31.3,83.0,2.57,72.78,116.08,666.96,12.32
max,842.0,232.49,38.99,100.0,8.84,182.28,663.85,1324.55,26.91
