,id,aqi,temperature,humidity,wind_speed,pm2_5,pm10,co,no2
count,344.0,344.0,344.0,344.0,344.0,344.0,344.0,344.0,344.0
mean,171.5581395348837,106.1794476744186,30.310116279069767,75.44476744186046,2.375348837209302,39.42334302325582,76.41284883720931,413.19688953488367,8.775668604651162
std,97.24470706978526,34.45622579731426,2.911787942886748,11.181637198612101,1.1416375611841596,19.13249628658123,45.90478341050551,197.32593930145268,5.515443847458095
min,1.0,2.12,22.99,46.0,0.0,0.51,2.78,18.08,0.0
25%,86.75,79.43,27.99,66.0,2.06,26.174999999999997,52.0375,258.3525,3.8625
50%,174.5,102.095,29.99,78.0,2.06,36.005,71.06,367.8,8.065000000000001
75%,257.25,133.4075,32.99,83.0,3.09,48.7425,93.32,566.16,12.395
max,334.0,187.49,38.99,100.0,8.23,126.18,663.85,1168.94,26.91
