,id,aqi,temperature,humidity,wind_speed,pm2_5,pm10,co,no2
count,755.0,755.0,755.0,755.0,755.0,755.0,755.0,755.0,755.0
mean,352.2384105960265,112.3700132450331,29.831774834437088,71.9205298013245,2.226754966887417,43.04891390728477,-26487415785.016716,462.0216688741722,8.426807947019867
std,190.9120823601911,35.394487261640236,3.414391957962931,14.789380365729574,1.2183380805859816,20.819672480950885,514292135587.6822,204.697182113276,5.230232103926624
min,1.0,2.12,19.99,31.0,0.0,0.51,-9998999486464.0,18.08,0.0
25%,191.5,84.36,27.99,62.0,1.54,27.990000000000002,49.05,299.31500000000005,4.06
50%,364.0,107.62,28.99,74.0,2.06,38.22,70.93,438.28,7.83
75%,521.5,151.25,31.99,83.0,3.09,56.22,92.37,610.3199999999999,11.925
max,659.0,187.49,38.99,100.0,8.84,126.18,663.85,1179.69,26.91
