,id,aqi,temperature,humidity,wind_speed,pm2_5,pm10,co,no2
count,703.0,703.0,703.0,703.0,703.0,703.0,703.0,703.0,703.0
mean,330.83926031294453,110.1607254623044,29.984523470839264,72.83641536273115,2.216899004267425,41.61416785206259,-28446655650.64145,458.65338549075386,8.550554765291608
std,180.22617491903836,34.411659434390984,3.281528510711675,14.452209669806502,1.2020606949263237,19.884396948511505,532947383418.158,206.28234736010924,5.310951042313263
min,1.0,2.12,22.99,31.0,0.0,0.51,-9998999486464.0,18.08,0.0
25%,178.5,83.765,27.99,62.0,1.54,27.759999999999998,48.29,296.46500000000003,4.06
50%,340.0,104.59,29.7,74.0,2.06,36.97,68.73,433.99,7.95
75%,490.5,144.39999999999998,31.99,83.0,3.09,53.165000000000006,88.985,606.77,12.03
max,623.0,187.49,38.99,100.0,8.23,126.18,663.85,1179.69,26.91
