,id,aqi,temperature,humidity,wind_speed,pm2_5,pm10,co,no2
count,705.0,705.0,705.0,705.0,705.0,705.0,705.0,705.0,705.0
mean,331.6709219858156,110.3100709219858,29.984539007092202,72.822695035461,2.2164539007092197,41.71839716312057,-28365955917.983433,459.12299290780146,8.541730496453901
std,180.64512570285385,34.47686817356622,3.277297397519174,14.437504273879366,1.2003810561838821,19.95268364870298,532191971174.7535,206.18616452413053,5.306563673777559
min,1.0,2.12,22.99,31.0,0.0,0.51,-9998999486464.0,18.08,0.0
25%,179.0,83.85,27.99,62.0,1.54,27.8,48.39,296.86,4.06
50%,341.0,104.62,29.7,74.0,2.06,37.17,69.0,435.26,7.93
75%,492.0,144.58,31.99,83.0,3.09,53.22,89.26,607.18,12.03
max,624.0,187.49,38.99,100.0,8.23,126.18,663.85,1179.69,26.91
