,id,aqi,temperature,humidity,wind_speed,pm2_5,pm10,co,no2
count,439.0,439.0,439.0,439.0,439.0,439.0,439.0,439.0,439.0
mean,215.66970387243737,109.94107061503418,29.99255125284738,76.03644646924829,2.3513667425968108,41.36164009111618,71.93555808656036,461.78779043280184,9.312209567198177
std,120.79068944000427,34.88531344357745,3.016838945078221,11.374028821654468,1.192904230095229,19.708549382568645,42.962249480825236,214.22320563982885,5.6154703866856845
min,1.0,2.12,22.99,46.0,0.0,0.51,2.78,18.08,0.0
25%,110.5,83.43,27.99,66.0,1.54,27.564999999999998,46.125,289.195,4.6850000000000005
50%,220.0,105.11,29.99,79.0,2.06,37.29,66.34,436.38,8.76
75%,322.0,144.495,31.99,84.0,3.09,53.305,89.965,608.745,13.175
max,417.0,187.49,38.99,100.0,8.23,126.18,663.85,1179.69,26.91
