,id,aqi,temperature,humidity,wind_speed,pm2_5,pm10,co,no2
count,485.0,485.0,485.0,485.0,485.0,485.0,485.0,485.0,485.0
mean,236.64123711340207,110.53232989690721,29.59437113402062,77.25360824742268,2.3756494845360825,41.50313402061855,69.51063917525774,486.06437113402063,9.524247422680412
std,131.98589311717168,34.45447225547563,3.186187432942815,11.659228794645134,1.225874220365936,19.315785735697457,41.84520991430714,220.07691428945418,5.554503766081707
min,1.0,2.12,22.99,46.0,0.0,0.51,2.78,18.08,0.0
25%,125.0,83.85,26.99,70.0,1.54,27.86,44.51,307.64,5.21
50%,243.0,106.81,28.99,79.0,2.06,37.96,64.47,479.41,9.09
75%,351.0,144.41,31.99,84.0,3.09,53.2,86.5,635.71,13.45
max,454.0,187.49,38.99,100.0,8.23,126.18,663.85,1179.69,26.91
