,id,aqi,temperature,humidity,wind_speed,pm2_5,pm10,co,no2
count,1075.0,1075.0,1075.0,1075.0,1075.0,1075.0,1075.0,1075.0,1075.0
mean,479.56837209302324,132.0632093023256,27.87557209302326,67.03162790697674,1.9136930232558143,61.65254883720931,-18602789639.122566,548.9092930232558,9.26806511627907
std,255.54216968731797,45.428534194054706,5.008641296594735,17.32800353125278,1.2682235991669086,40.61314742743942,431087104980.6697,261.44719643355023,5.434045186666006
min,1.0,2.12,11.99,20.0,0.0,0.51,-9998999486464.0,18.08,0.0
25%,266.5,93.65,24.99,55.0,1.03,32.455,58.769999999999996,339.095,4.895
50%,500.0,140.89,27.99,70.0,2.06,51.92,86.5,529.47,8.95
75%,702.0,163.57999999999998,30.99,82.0,2.15,79.86500000000001,126.36,697.645,12.915
max,901.0,348.23,38.99,100.0,8.84,298.16,663.85,1655.54,26.91
