,id,aqi,temperature,humidity,wind_speed,pm2_5,pm10,co,no2
count,760.0,760.0,760.0,760.0,760.0,760.0,760.0,760.0,760.0
mean,354.2710526315789,112.67492105263157,29.79292105263158,71.83947368421053,2.2222894736842105,43.229144736842095,-26313156469.71588,463.5980394736842,8.449144736842106
std,191.91672465022828,35.477838936344924,3.4387895646067728,14.819440984047795,1.21678901851043,20.87827604153435,512599835690.03186,205.04832365044132,5.221783039167838
min,1.0,2.12,19.99,31.0,0.0,0.51,-9998999486464.0,18.08,0.0
25%,192.75,84.4375,27.8225,62.0,1.54,28.025000000000002,49.1425,300.34,4.0825
50%,365.5,107.88,28.99,74.0,2.06,38.325,71.06,439.34000000000003,7.865
75%,525.0,151.5425,31.99,83.0,3.09,56.5775,92.7075,614.4625,11.95
max,663.0,187.49,38.99,100.0,8.84,126.18,663.85,1179.69,26.91
