,id,aqi,temperature,humidity,wind_speed,pm2_5,pm10,co,no2
count,1115.0,1115.0,1115.0,1115.0,1115.0,1115.0,1115.0,1115.0,1115.0
mean,495.1551569506726,136.4573542600897,27.513757847533636,66.89955156950673,1.8838385650224216,66.75312107623319,-17935424978.36275,568.077865470852,9.397461883408072
std,263.6186009152553,51.00057653681117,5.328868075702338,17.348232640280074,1.2743783540829663,48.83495431513262,423291060772.2769,282.3329784591259,5.477052480608631
min,1.0,2.12,10.99,20.0,0.0,0.51,-9998999486464.0,18.08,0.0
25%,274.5,94.7,24.99,55.0,1.03,32.894999999999996,60.09,344.95000000000005,5.04
50%,516.0,146.58,27.99,70.0,2.06,54.01,89.21,545.06,9.12
75%,723.5,165.8,30.99,82.0,2.06,84.16,135.04,719.37,13.17
max,930.0,363.54,38.99,100.0,8.84,313.61,663.85,1714.68,26.91
