,id,aqi,temperature,humidity,wind_speed,pm2_5,pm10,co,no2
count,848.0,848.0,848.0,848.0,848.0,848.0,848.0,848.0,848.0
mean,390.01650943396226,118.03321933962263,29.466403301886796,69.85613207547169,2.102323113207547,47.29704009433962,-23582545879.39214,481.70254716981134,8.534870283018867
std,209.98680952802502,37.26361494109767,3.6265323805974155,16.11530354657088,1.2437027795486832,23.804520610593308,485307601835.13116,212.05090621323393,5.149502169371581
min,1.0,2.12,19.99,27.0,0.0,0.51,-9998999486464.0,18.08,0.0
25%,212.75,87.3125,26.99,59.0,1.03,29.442500000000003,52.887499999999996,312.4075,4.315
50%,403.5,112.97999999999999,28.99,73.0,2.06,40.394999999999996,75.55,471.065,8.04
75%,569.25,155.065,31.99,83.0,2.955,63.405,101.7125,629.5925,11.942499999999999
max,730.0,187.49,38.99,100.0,8.84,126.18,663.85,1179.69,26.91
