,id,aqi,temperature,humidity,wind_speed,pm2_5,pm10,co,no2
count,1179.0,1179.0,1179.0,1179.0,1179.0,1179.0,1179.0,1179.0,1179.0
mean,520.3231552162849,140.80871925360472,26.886513994910946,66.59287531806616,1.8401102629346902,71.75849872773537,-16961831074.672688,596.4746140797287,9.691798134011874
std,277.09109256800105,53.70743818066965,5.8911545713724305,17.46669350887563,1.279987493859287,53.18626412953501,411651997915.1434,311.87348980346127,5.64334489338558
min,1.0,2.12,8.99,20.0,0.0,0.51,-9998999486464.0,18.08,0.0
25%,289.5,96.38,23.99,55.0,1.03,33.71,61.5,357.725,5.215
50%,537.0,151.79,27.99,70.0,2.06,57.06,93.15,563.77,9.39
75%,753.0,169.135,30.99,79.0,2.06,90.62,145.775,754.5699999999999,13.515
max,988.0,363.54,38.99,100.0,8.84,313.61,663.85,1923.99,28.32
