,id,aqi,temperature,humidity,wind_speed,pm2_5,pm10,co,no2
count,1182.0,1182.0,1182.0,1182.0,1182.0,1182.0,1182.0,1182.0,1182.0
mean,521.515228426396,141.2860067681895,26.84955160744501,66.59052453468698,1.839796954314721,72.28351099830795,-16918780741.046158,600.4521235194585,9.724830795262267
std,277.74697033597226,54.47036907335265,5.932917948091884,17.473526943344524,1.2800144048422875,54.13198676194502,411129708661.1705,321.3856639417407,5.675229621644431
min,1.0,2.12,7.99,20.0,0.0,0.51,-9998999486464.0,18.08,0.0
25%,290.25,96.4125,23.99,55.0,1.03,33.792500000000004,61.67,358.8,5.225
50%,538.5,151.825,27.99,70.0,2.06,57.18,93.33,565.115,9.41
75%,754.0,169.3825,30.99,79.0,2.06,91.1075,146.2375,755.5575,13.5775
max,991.0,363.54,38.99,100.0,8.84,313.61,663.85,2285.75,28.32
