,id,aqi,temperature,humidity,wind_speed,pm2_5,pm10,co,no2
count,622.0,622.0,622.0,622.0,622.0,622.0,622.0,622.0,622.0
mean,296.91961414790995,107.67673633440513,29.803697749196143,75.17202572347267,2.279485530546624,39.894228295819936,68.61538585209004,460.14545016077176,8.693038585209003
std,163.30694838010677,34.00048946495174,3.2297407939489498,12.83555054863701,1.2185915125042779,18.62644006600129,38.567305425158764,212.03503937268883,5.420391355147083
min,1.0,2.12,22.99,34.0,0.0,0.51,2.78,18.08,0.0
25%,158.25,79.765,27.99,66.0,1.54,25.875,45.699999999999996,292.735,4.09
50%,304.0,102.33,28.99,78.0,2.06,36.075,64.49000000000001,429.985,7.984999999999999
75%,440.0,139.5975,31.99,84.0,3.09,51.325,84.83,609.5025,12.13
max,561.0,187.49,38.99,100.0,8.23,126.18,663.85,1179.69,26.91
