,id,aqi,temperature,humidity,wind_speed,pm2_5,pm10,co,no2
count,305.0,305.0,305.0,305.0,305.0,305.0,305.0,305.0,305.0
mean,152.97704918032787,105.18868852459015,30.334655737704917,75.1344262295082,2.4292786885245903,38.713901639344265,75.50504918032787,414.53337704918033,8.671377049180327
std,87.17754191093277,34.44401809436438,2.972544092924964,11.203190412102977,1.164987916855504,18.44385852507346,48.10544604879467,199.38780393650916,5.470688287075032
min,1.0,2.12,22.99,46.0,0.0,0.51,2.78,18.08,0.0
25%,77.0,77.9,27.99,66.0,2.06,25.02,49.25,261.32,3.87
50%,155.0,101.98,29.99,78.0,2.06,35.99,68.73,367.72,7.93
75%,229.0,133.26,32.99,83.0,3.09,48.66,93.09,562.53,12.34
max,298.0,183.63,38.99,100.0,8.23,118.7,663.85,1168.94,26.91
