,id,aqi,temperature,humidity,wind_speed,pm2_5,pm10,co,no2
count,1380.0,1380.0,1380.0,1380.0,1380.0,1380.0,1380.0,1380.0,1380.0
mean,603.3652173913043,168.4578623188406,25.176949275362322,67.03695652173913,1.7508043478260866,102.39794927536232,-14491303450.599276,737.5120797101449,10.655202898550725
std,326.4654204130637,89.03631346909344,7.031972587729741,17.910079061587275,1.2574559670981145,95.56345793024408,380517361250.8481,475.59004409257676,6.20752903417063
min,1.0,2.12,6.99,20.0,0.0,0.51,-9998999486464.0,18.08,0.0
25%,335.75,102.2675,20.99,55.0,1.03,36.050000000000004,66.32000000000001,386.8275,5.695
50%,614.0,156.51,26.99,70.0,2.06,66.285,107.41,617.37,10.42
75%,871.25,189.5675,29.99,82.0,2.06,130.2025,211.39999999999998,930.12,15.0
max,1189.0,493.9,38.99,100.0,8.84,491.16,663.85,2794.89,28.32
