,id,aqi,temperature,humidity,wind_speed,pm2_5,pm10,co,no2
count,747.0,747.0,747.0,747.0,747.0,747.0,747.0,747.0,747.0
mean,348.9852744310576,112.07686746987953,29.885448460508705,72.05890227576974,2.2320348058902275,42.92622489959839,-26771082889.49436,460.8915261044176,8.430816599732262
std,189.30966318820765,35.357176121840254,3.373372534778676,14.714595273907046,1.2197611658582954,20.84681246020506,517035026859.81146,204.67573530555342,5.241893908230081
min,1.0,2.12,19.99,31.0,0.0,0.51,-9998999486464.0,18.08,0.0
25%,189.5,84.3,27.99,62.0,1.54,27.965,48.955,299.09000000000003,4.055
50%,360.0,107.11,28.99,74.0,2.06,38.03,70.81,438.01,7.83
75%,518.0,151.05,31.99,83.0,3.09,55.69,91.875,608.565,11.945
max,653.0,187.49,38.99,100.0,8.84,126.18,663.85,1179.69,26.91
