,id,aqi,temperature,humidity,wind_speed,pm2_5,pm10,co,no2
count,1069.0,1069.0,1069.0,1069.0,1069.0,1069.0,1069.0,1069.0,1069.0
mean,477.2132834424696,131.37685687558465,27.918896164639854,67.09167446211413,1.9186529466791393,60.852563143124414,-18707201930.668865,546.4455378858747,9.242413470533208
std,254.31080650020692,44.48946794356819,4.982042556155353,17.321454512417862,1.2684801207378589,39.144685056125404,432294066555.48865,258.7655688591143,5.422443267216857
min,1.0,2.12,11.99,20.0,0.0,0.51,-9998999486464.0,18.08,0.0
25%,266.0,93.59,24.99,55.0,1.03,32.36,58.52,338.43,4.88
50%,497.0,140.52,27.99,70.0,2.06,51.57,85.94,528.86,8.93
75%,698.0,163.28,30.99,82.0,2.17,79.29,124.78,695.28,12.9
max,897.0,348.23,38.99,100.0,8.84,298.16,663.85,1655.54,26.91
