,id,aqi,temperature,humidity,wind_speed,pm2_5,pm10,co,no2
count,692.0,692.0,692.0,692.0,692.0,692.0,692.0,692.0,692.0
mean,326.23988439306356,109.28670520231213,29.980028901734105,73.05491329479769,2.2255924855491327,40.95803468208093,-28898842374.984467,456.84325144508665,8.572369942196532
std,177.88916767379072,33.963671702220026,3.281669256734474,14.337563290924654,1.204852740388467,19.28509170262187,537160436869.3218,206.87938781854035,5.335332452447559
min,1.0,2.12,22.99,31.0,0.0,0.51,-9998999486464.0,18.08,0.0
25%,175.75,83.45,27.99,63.0,1.54,27.5775,47.665,294.58,4.06
50%,336.5,104.155,29.99,74.0,2.06,36.795,68.075,431.03499999999997,7.96
75%,482.25,141.6775,31.99,83.0,3.09,52.222500000000004,87.9675,603.9300000000001,12.094999999999999
max,615.0,187.49,38.99,100.0,8.23,126.18,663.85,1179.69,26.91
