,id,aqi,temperature,humidity,wind_speed,pm2_5,pm10,co,no2
count,816.0,816.0,816.0,816.0,816.0,816.0,816.0,816.0,816.0
mean,377.0747549019608,116.19997549019607,29.588026960784315,70.47916666666667,2.1380637254901957,45.82449754901961,-24507351604.741554,472.0124019607843,8.479411764705882
std,203.42108534547256,36.69750263480201,3.5498470239928306,15.768168830328989,1.2397195114620578,22.742922285912634,494720449623.8367,204.6249344313476,5.157290428270462
min,1.0,2.12,19.99,27.0,0.0,0.51,-9998999486464.0,18.08,0.0
25%,205.75,86.185,26.99,60.75,1.03,28.8775,51.815,309.41,4.237500000000001
50%,389.5,111.38,28.99,74.0,2.06,39.739999999999995,73.975,458.365,7.955
75%,555.0,154.245,31.99,83.0,3.09,61.94,98.275,622.255,11.9175
max,709.0,187.49,38.99,100.0,8.84,126.18,663.85,1179.69,26.91
