,id,aqi,temperature,humidity,wind_speed,pm2_5,pm10,co,no2
count,479.0,479.0,479.0,479.0,479.0,479.0,479.0,479.0,479.0
mean,233.94154488517745,110.23511482254698,29.65204592901879,77.12108559498957,2.372087682672234,41.39720250521921,69.70093945720251,484.414133611691,9.542171189979126
std,130.57010783945407,34.52462403543365,3.153888413277986,11.635411344055605,1.2293248413326001,19.39497337347104,42.06320164204303,220.85844867773017,5.5826354999627545
min,1.0,2.12,22.99,46.0,0.0,0.51,2.78,18.08,0.0
25%,123.0,83.63,27.085,70.0,1.54,27.68,44.44,302.33,5.175
50%,240.0,105.97,28.99,79.0,2.06,37.61,64.7,477.35,9.09
75%,346.5,144.39999999999998,31.99,84.0,3.09,53.165000000000006,86.665,634.4300000000001,13.469999999999999
max,450.0,187.49,38.99,100.0,8.23,126.18,663.85,1179.69,26.91
