,id,aqi,temperature,humidity,wind_speed,pm2_5,pm10,co,no2
count,633.0,633.0,633.0,633.0,633.0,633.0,633.0,633.0,633.0
mean,301.565560821485,107.67442338072671,29.825892575039497,74.96208530805687,2.2691627172195896,39.863917851500794,68.94398104265403,458.742859399684,8.675150078988942
std,165.6124781711522,33.76243762418221,3.2277309898552584,12.89840352005351,1.2135833645277228,18.48383466176236,38.34369956266008,210.88037642529216,5.3981253501080015
min,1.0,2.12,22.99,34.0,0.0,0.51,2.78,18.08,0.0
25%,161.0,80.93,27.99,66.0,1.54,26.33,45.88,294.04,4.09
50%,309.0,102.65,28.99,78.0,2.06,36.28,65.26,428.78,8.03
75%,446.0,139.14,31.99,83.0,3.09,51.04,85.43,608.43,12.11
max,567.0,187.49,38.99,100.0,8.23,126.18,663.85,1179.69,26.91
