,id,aqi,temperature,humidity,wind_speed,pm2_5,pm10,co,no2
count,519.0,519.0,519.0,519.0,519.0,519.0,519.0,519.0,519.0
mean,251.8728323699422,110.48539499036609,29.5316570327553,77.2447013487476,2.3558959537572255,41.48697495183045,68.11377649325627,484.9620809248555,9.272504816955685
std,139.98975146531717,35.19155209409721,3.1427888824046826,11.549785046112653,1.2231420062821237,19.512111353722496,41.23197024946359,216.72555815196128,5.500569248136794
min,1.0,2.12,22.99,46.0,0.0,0.51,2.78,18.08,0.0
25%,133.5,83.285,26.99,70.0,1.54,27.52,44.16,312.035,4.82
50%,259.0,107.11,28.99,79.0,2.06,38.15,62.67,474.88,8.76
75%,373.5,145.185,31.99,84.0,3.09,53.555,84.81,632.71,12.845
max,482.0,187.49,38.99,100.0,8.23,126.18,663.85,1179.69,26.91
