,id,aqi,temperature,humidity,wind_speed,pm2_5,pm10,co,no2
count,391.0,391.0,391.0,391.0,391.0,391.0,391.0,391.0,391.0
mean,193.56521739130434,108.80762148337595,30.284424552429666,75.1304347826087,2.368823529411765,40.59946291560102,73.91524296675192,433.94335038363175,8.948388746803069
std,109.0339406926368,34.58475454434013,2.885190144169189,11.243043185316404,1.198601598470152,19.17335242058973,44.0734425049336,198.65989869372873,5.522312755217432
min,1.0,2.12,22.99,46.0,0.0,0.51,2.78,18.08,0.0
25%,98.5,83.155,27.99,66.0,1.54,27.45,49.21,272.68,4.05
50%,198.0,104.42,29.99,78.0,2.06,36.93,68.36,394.2,8.24
75%,288.0,141.20999999999998,32.49,83.0,3.09,52.08,91.595,598.145,12.469999999999999
max,375.0,187.49,38.99,100.0,8.23,126.18,663.85,1168.94,26.91
