,id,aqi,temperature,humidity,wind_speed,pm2_5,pm10,co,no2
count,469.0,469.0,469.0,469.0,469.0,469.0,469.0,469.0,469.0
mean,229.4136460554371,109.80383795309169,29.77277185501066,76.8315565031983,2.3535394456289978,41.18776119402985,69.99842217484007,481.4005330490405,9.577526652452027
std,128.17412495942295,34.58660897961417,3.072224825322169,11.556595497602139,1.1957366614371328,19.42533295918833,42.401372156488186,221.78950225713433,5.627552702999412
min,1.0,2.12,22.99,46.0,0.0,0.51,2.78,18.08,0.0
25%,120.0,83.39,27.99,70.0,1.54,27.54,44.52,298.96,4.98
50%,235.0,105.75,28.99,79.0,2.06,37.44,64.73,467.29,9.09
75%,340.0,143.99,31.99,84.0,3.09,53.12,87.51,632.13,13.51
max,442.0,187.49,38.99,100.0,8.23,126.18,663.85,1179.69,26.91
