,id,aqi,temperature,humidity,wind_speed,pm2_5,pm10,co,no2
count,759.0,759.0,759.0,759.0,759.0,759.0,759.0,759.0,759.0
mean,353.8642951251647,112.60864295125164,29.800158102766797,71.87483530961792,2.224703557312253,43.18239789196311,-26347824660.275795,463.14758893280634,8.447865612648222
std,191.71518226614933,35.45412045343905,3.43526081419069,14.797093299853062,1.2157688145460406,20.85220576513555,512936959217.5868,204.80691238401616,5.225107205259474
min,1.0,2.12,19.99,31.0,0.0,0.51,-9998999486464.0,18.08,0.0
25%,192.5,84.41499999999999,27.855,62.0,1.54,28.020000000000003,49.115,300.03,4.074999999999999
50%,365.0,107.87,28.99,74.0,2.06,38.3,71.06,438.99,7.85
75%,524.5,151.515,31.99,83.0,3.09,56.555,92.53999999999999,613.225,11.95
max,662.0,187.49,38.99,100.0,8.84,126.18,663.85,1179.69,26.91
