,id,aqi,temperature,humidity,wind_speed,pm2_5,pm10,co,no2
count,836.0,836.0,836.0,836.0,836.0,836.0,836.0,836.0,836.0
mean,385.17583732057415,117.28953349282295,29.535442583732063,70.04665071770334,2.115251196172249,46.65543062200956,-23921051324.520535,476.3565550239234,8.475346889952153
std,207.533727586926,36.99008826809571,3.5765817046605557,16.048921489758825,1.2419251268322298,23.26828329205343,488774109076.4032,206.9699286863994,5.125515274158397
min,1.0,2.12,19.99,27.0,0.0,0.51,-9998999486464.0,18.08,0.0
25%,209.75,86.83250000000001,26.99,59.0,1.03,29.2075,52.4675,311.7425,4.2575
50%,398.0,112.095,28.99,74.0,2.06,40.065,74.435,466.635,7.984999999999999
75%,564.0,154.615,31.99,83.0,3.09,62.7175,100.4625,626.6725,11.8825
max,723.0,187.49,38.99,100.0,8.84,126.18,663.85,1179.69,26.91
