,id,aqi,temperature,humidity,wind_speed,pm2_5,pm10,co,no2
count,243.0,243.0,243.0,243.0,243.0,243.0,243.0,243.0,243.0
mean,122.8477366255144,108.0583950617284,29.93621399176955,77.1275720164609,2.4011522633744855,40.398353909465015,69.07115226337449,449.16473251028805,9.01744855967078
std,70.7069194322576,37.147409388449056,2.811414688205855,9.938040544577184,1.160676771383469,19.98736668576567,51.138153951583874,202.40484148059187,5.468527616250861
min,1.0,2.12,22.99,47.0,0.0,0.51,2.78,18.08,0.0
25%,61.5,77.36,27.99,70.0,2.06,24.77,44.775,285.58,4.324999999999999
50%,125.0,105.95,28.99,79.0,2.06,37.61,61.34,399.86,8.1
75%,184.5,145.185,31.99,83.0,3.09,53.555,76.915,607.3499999999999,12.45
max,243.0,183.63,38.99,100.0,8.23,118.7,663.85,1168.94,26.91
