,id,aqi,temperature,humidity,wind_speed,pm2_5,pm10,co,no2
count,603.0,603.0,603.0,603.0,603.0,603.0,603.0,603.0,603.0
mean,288.7893864013267,107.59616915422886,29.74475953565506,75.68159203980099,2.2949585406301827,39.91694859038142,67.93268656716417,463.1605140961857,8.753399668325041
std,159.1946730902782,34.395975351050545,3.2017213082603804,12.475948001026694,1.2221663095959927,18.876136923599653,38.91901179137105,213.5726738284036,5.441679974784745
min,1.0,2.12,22.99,37.0,0.0,0.51,2.78,18.08,0.0
25%,153.5,79.35,27.99,66.0,1.54,25.68,45.21,294.4,4.140000000000001
50%,296.0,102.16,28.99,78.0,2.06,35.99,63.09,432.25,8.03
75%,429.5,140.31,31.99,84.0,3.09,51.59,83.395,617.37,12.22
max,547.0,187.49,38.99,100.0,8.23,126.18,663.85,1179.69,26.91
