,id,aqi,temperature,humidity,wind_speed,pm2_5,pm10,co,no2
count,1455.0,1455.0,1455.0,1455.0,1455.0,1455.0,1455.0,1455.0,1455.0
mean,635.5113402061855,174.86095532646047,24.470412371134024,67.77182130584193,1.7304398625429553,109.51171821305842,-13744329031.0625,793.2905085910653,11.061298969072164
std,346.60267415245534,92.26558477843327,7.511339220553765,17.924114927215513,1.2432207690775323,99.40784653583265,370587401666.19904,536.5416542013664,6.5522420244319495
min,1.0,2.12,6.99,20.0,0.0,0.51,-9998999486464.0,18.08,0.0
25%,351.5,104.86500000000001,18.99,55.0,1.03,37.21,68.53999999999999,400.55,5.845
50%,642.0,158.53,26.99,71.0,2.06,70.13,111.95,633.29,10.81
75%,910.0,198.745,29.99,82.0,2.06,147.975,232.235,1032.9850000000001,15.355
max,1264.0,493.9,38.99,100.0,8.84,491.16,663.85,2839.26,33.91
