,id,aqi,temperature,humidity,wind_speed,pm2_5,pm10,co,no2
count,1031.0,1031.0,1031.0,1031.0,1031.0,1031.0,1031.0,1031.0,1031.0
mean,462.2541222114452,128.25865179437437,28.25284190106693,67.43937924345296,1.9603976721629484,57.2121241513094,-19396701138.633114,531.7115712900098,9.062434529582928
std,246.48771886927597,41.50033776942898,4.673384251520423,17.189067455875456,1.2583400751052694,33.751048039076174,440180993503.6171,245.39476628180057,5.339031073628949
min,1.0,2.12,12.99,20.0,0.0,0.51,-9998999486464.0,18.08,0.0
25%,257.5,92.09,25.99,55.0,1.03,31.665,57.315,333.135,4.82
50%,480.0,132.12,28.99,70.0,2.06,48.41,83.65,519.15,8.74
75%,673.5,161.475,30.99,82.0,2.3899999999999997,75.785,119.13499999999999,680.0250000000001,12.645
max,868.0,242.45,38.99,100.0,8.84,192.33,663.85,1324.55,26.91
