,id,aqi,temperature,humidity,wind_speed,pm2_5,pm10,co,no2
count,1060.0,1060.0,1060.0,1060.0,1060.0,1060.0,1060.0,1060.0,1060.0
mean,473.6754716981132,130.36819811320754,28.00414150943396,67.11509433962264,1.9261981132075472,59.67484905660377,-18866036666.6371,541.9953867924528,9.195358490566036
std,252.4589970583676,43.045799607963474,4.896545535968266,17.330862352670742,1.2672529748858965,36.84760177588792,434123669277.9204,253.58837066678132,5.406455114610846
min,1.0,2.12,11.99,20.0,0.0,0.51,-9998999486464.0,18.08,0.0
25%,263.75,93.47,25.2675,55.0,1.03,32.3225,58.0925,338.1,4.8475
50%,493.0,139.2,27.99,70.0,2.06,51.129999999999995,85.72,525.815,8.88
75%,693.25,162.5575,30.99,82.0,2.2025,77.89,123.785,690.2525,12.8525
max,890.0,249.94,38.99,100.0,8.84,199.88,663.85,1324.55,26.91
