,id,aqi,temperature,humidity,wind_speed,pm2_5,pm10,co,no2
count,1107.0,1107.0,1107.0,1107.0,1107.0,1107.0,1107.0,1107.0,1107.0
mean,492.0361336946703,135.67110207768744,27.588906955736228,66.93586269196025,1.8853568202348692,65.82768744354111,-18065039614.395725,564.0630984643179,9.344769647696477
std,261.9929470404923,50.27875060357306,5.260989031101233,17.336120980282004,1.2728857355990393,47.71363325175575,424816433944.04694,278.25125567593966,5.43040475982866
min,1.0,2.12,10.99,20.0,0.0,0.51,-9998999486464.0,18.08,0.0
25%,272.5,94.62,24.99,55.0,1.03,32.86,59.864999999999995,343.155,5.025
50%,513.0,145.4,27.99,70.0,2.06,53.63,88.46,543.29,9.08
75%,719.0,165.4,30.99,82.0,2.06,83.39500000000001,133.07,715.8599999999999,13.085
max,923.0,363.54,38.99,100.0,8.84,313.61,663.85,1714.68,26.91
