,id,aqi,temperature,humidity,wind_speed,pm2_5,pm10,co,no2
count,740.0,740.0,740.0,740.0,740.0,740.0,740.0,740.0,740.0
mean,346.1297297297297,112.4854864864865,29.950270270270277,72.05405405405405,2.2223513513513513,43.135770270270264,-27024322863.0777,462.7065135135135,8.454216216216217
std,187.89960591363115,35.23410525862692,3.3172701303411394,14.763532488065572,1.2116733241472857,20.819213296896837,519471404437.9301,204.75853589647824,5.258335922940997
min,1.0,2.12,19.99,31.0,0.0,0.51,-9998999486464.0,18.08,0.0
25%,187.75,84.49,27.99,62.0,1.54,28.045,49.3025,302.27,4.05
50%,357.5,107.66,29.345,74.0,2.06,38.254999999999995,70.95500000000001,439.34000000000003,7.865
75%,513.25,151.165,31.99,83.0,3.09,55.9725,92.05250000000001,609.0274999999999,11.95
max,649.0,187.49,38.99,100.0,8.84,126.18,663.85,1179.69,26.91
