,id,aqi,temperature,humidity,wind_speed,pm2_5,pm10,co,no2
count,1415.0,1415.0,1415.0,1415.0,1415.0,1415.0,1415.0,1415.0,1415.0
mean,618.296113074205,172.0445512367491,24.850777385159013,67.51236749116607,1.740791519434629,106.39060070671377,-14132861308.246725,767.7568692579505,10.844240282685513
std,335.7680411536045,91.2943488798981,7.253315914624034,18.048330792375832,1.252033173497271,98.21498660329867,375785224589.3604,512.1989380034071,6.371667859690879
min,1.0,2.12,6.99,20.0,0.0,0.51,-9998999486464.0,18.08,0.0
25%,342.5,103.325,19.99,55.0,1.03,36.56,67.245,393.315,5.765000000000001
50%,627.0,157.4,26.99,70.0,2.06,68.19,109.97,626.57,10.61
75%,891.0,194.54000000000002,29.99,82.0,2.06,139.82999999999998,222.66000000000003,979.36,15.07
max,1224.0,493.9,38.99,100.0,8.84,491.16,663.85,2839.26,33.91
