,id,aqi,temperature,humidity,wind_speed,pm2_5,pm10,co,no2
count,1087.0,1087.0,1087.0,1087.0,1087.0,1087.0,1087.0,1087.0,1087.0
mean,484.25758969641214,133.97804047838088,27.767359705611778,66.99908003679853,1.9039374425023,63.79067157313708,-18397423052.35266,556.9909843606255,9.306596136154555
std,257.97660014033784,49.0574097756042,5.108228504599935,17.337591533549173,1.2684326212626844,45.58626468173598,428703203036.9379,274.60478309887407,5.442242354661608
min,1.0,2.12,11.99,20.0,0.0,0.51,-9998999486464.0,18.08,0.0
25%,268.5,94.06,24.99,55.0,1.03,32.635,59.305,340.45,4.92
50%,505.0,142.69,27.99,70.0,2.06,52.8,87.06,537.03,8.98
75%,708.5,164.16,30.99,82.0,2.065,80.98,129.04500000000002,702.2850000000001,13.025
max,908.0,363.54,38.99,100.0,8.84,313.61,663.85,1714.68,26.91
