,id,aqi,temperature,humidity,wind_speed,pm2_5,pm10,co,no2
count,264.0,264.0,264.0,264.0,264.0,264.0,264.0,264.0,264.0
mean,133.21969696969697,106.01939393939394,30.13439393939394,76.07954545454545,2.4502272727272727,39.32818181818182,71.05977272727273,430.65568181818185,8.719128787878786
std,76.49924221339329,36.490181256721705,2.911805982541271,10.729889588951133,1.181646055560713,19.590218239571524,49.93936857618902,205.41728389852736,5.481145525556132
min,1.0,2.12,22.99,46.0,0.0,0.51,2.78,18.08,0.0
25%,66.75,76.9275,27.99,70.0,2.06,24.5675,45.78,266.455,3.9850000000000003
50%,135.5,102.13,29.99,78.0,2.06,36.040000000000006,63.870000000000005,376.125,7.9799999999999995
75%,200.25,139.45749999999998,31.99,83.0,3.09,51.36,79.7775,599.2725,12.115
max,262.0,183.63,38.99,100.0,8.23,118.7,663.85,1168.94,26.91
