,id,aqi,temperature,humidity,wind_speed,pm2_5,pm10,co,no2
count,1144.0,1144.0,1144.0,1144.0,1144.0,1144.0,1144.0,1144.0,1144.0
mean,506.50174825174827,138.8242395104895,27.239117132867136,66.74388111888112,1.8657954545454547,69.50501748251749,-17480768220.1965,581.300743006993,9.502526223776224
std,269.60548280292056,52.80804140177413,5.57537609089708,17.427413697342782,1.276035004791262,51.666165113132855,417896244640.1038,296.28271154362,5.511948192581451
min,1.0,2.12,9.99,20.0,0.0,0.51,-9998999486464.0,18.08,0.0
25%,281.75,95.77000000000001,23.99,55.0,1.03,33.4225,60.7575,348.6125,5.0875
50%,526.0,151.035,27.99,70.0,2.06,55.58,91.315,553.6500000000001,9.25
75%,737.25,167.365,30.99,79.0,2.06,87.19,139.03,734.22,13.36
max,955.0,363.54,38.99,100.0,8.84,313.61,663.85,1714.68,26.91
