,id,aqi,temperature,humidity,wind_speed,pm2_5,pm10,co,no2
count,1178.0,1178.0,1178.0,1178.0,1178.0,1178.0,1178.0,1178.0,1178.0
mean,519.9261460101868,140.67528862478775,26.900008488964353,66.57555178268251,1.8416723259762307,71.60857385398982,-16976229912.88258,595.4176655348048,9.67771646859083
std,276.8731104040771,53.53439262606664,5.8753986108137095,17.463976173796464,1.2794063929678041,52.959027769242944,411826537168.07587,309.8862442928652,5.624981174880272
min,1.0,2.12,8.99,20.0,0.0,0.51,-9998999486464.0,18.08,0.0
25%,289.25,96.38,23.99,55.0,1.03,33.695,61.42,357.2275,5.2125
50%,536.5,151.785,27.99,70.0,2.06,57.045,93.12,563.29,9.385000000000002
75%,752.75,169.08,30.99,79.0,2.06,90.5175,145.70000000000002,754.2025,13.5075
max,987.0,363.54,38.99,100.0,8.84,313.61,663.85,1923.99,28.32
