,id,aqi,temperature,humidity,wind_speed,pm2_5,pm10,co,no2
count,1318.0,1318.0,1318.0,1318.0,1318.0,1318.0,1318.0,1318.0,1318.0
mean,577.1411229135053,163.80117602427921,25.68270864946889,66.73975720789075,1.7808270106221549,97.22407435508345,-15172988451.791348,705.2534294385432,10.399673748103186
std,310.26657623791994,86.50165115623003,6.731563445158144,17.743420111925044,1.2593753494234052,92.47207674832357,389357814889.13635,452.87314536432643,6.086758432484625
min,1.0,2.12,7.99,20.0,0.0,0.51,-9998999486464.0,18.08,0.0
25%,322.25,101.285,21.99,55.0,1.03,35.67,64.8725,378.095,5.54
50%,587.5,155.09,26.99,70.0,2.06,63.425,102.485,601.48,10.04
75%,835.0,183.1825,29.99,82.0,2.06,117.83500000000001,194.60250000000002,874.765,14.5475
max,1131.0,493.9,38.99,100.0,8.84,491.16,663.85,2794.89,28.32
