,id,aqi,temperature,humidity,wind_speed,pm2_5,pm10,co,no2
count,989.0,989.0,989.0,989.0,989.0,989.0,989.0,989.0,989.0
mean,445.7108190091001,125.43952477249748,28.645197168857433,67.90091001011122,2.0004347826086954,53.93598584428715,-20220423542.70659,516.3301921132457,8.841011122345805
std,237.9288612387344,39.78973906797853,4.258523518455539,17.006794581110217,1.2509646937558883,29.793607426520698,449421145300.595,233.16802915386464,5.2064051556340685
min,1.0,2.12,13.99,20.0,0.0,0.51,-9998999486464.0,18.08,0.0
25%,248.0,90.79,25.99,56.0,1.03,31.03,56.74,327.8,4.7
50%,463.0,125.38,28.99,70.0,2.06,45.62,81.99,502.51,8.43
75%,650.0,159.51,31.99,83.0,2.57,72.07,114.93,666.13,12.31
max,835.0,232.49,38.99,100.0,8.84,182.28,663.85,1324.55,26.91
