,id,aqi,temperature,humidity,wind_speed,pm2_5,pm10,co,no2
count,926.0,926.0,926.0,926.0,926.0,926.0,926.0,926.0,926.0
mean,420.90928725701946,122.97539956803456,29.100140388768903,69.02699784017278,2.0203347732181425,52.00724622030238,-21596111116.19648,506.0106371490281,8.664071274298056
std,225.35281258657642,39.6011624645398,3.841839407669684,16.35472739505253,1.250411563044313,29.14604125319292,464441661253.02216,230.05512689088846,5.112923292598429
min,1.0,2.12,18.99,27.0,0.0,0.51,-9998999486464.0,18.08,0.0
25%,232.25,89.545,26.99,58.0,1.03,30.4525,54.6425,319.5625,4.5625
50%,438.5,119.84,28.99,70.0,2.06,43.345,79.09,491.44500000000005,8.219999999999999
75%,617.75,157.8725,31.99,83.0,2.57,68.88250000000001,110.22500000000001,651.23,12.01
max,785.0,232.49,38.99,100.0,8.84,182.28,663.85,1324.55,26.91
