,id,aqi,temperature,humidity,wind_speed,pm2_5,pm10,co,no2
count,537.0,537.0,537.0,537.0,537.0,537.0,537.0,537.0,537.0
mean,259.8919925512104,110.38556797020485,29.50046554934823,77.2998137802607,2.352662942271881,41.38296089385475,67.47325884543761,483.8053258845437,9.165027932960893
std,144.21313605609674,34.999587904071,3.1420626673011336,11.583790300521308,1.2441858004157789,19.341387839746602,40.771900529109935,214.24795785773293,5.476225383313324
min,1.0,2.12,22.99,46.0,0.0,0.51,2.78,18.08,0.0
25%,138.0,83.47,26.99,70.0,1.54,27.59,43.6,312.49,4.73
50%,266.0,106.81,28.99,79.0,2.06,37.96,62.28,474.88,8.49
75%,385.0,145.1,31.99,84.0,3.09,53.48,83.38,630.65,12.73
max,499.0,187.49,38.99,100.0,8.23,126.18,663.85,1179.69,26.91
