,id,aqi,temperature,humidity,wind_speed,pm2_5,pm10,co,no2
count,943.0,943.0,943.0,943.0,943.0,943.0,943.0,943.0,943.0
mean,427.58854718981974,123.77985153764581,28.99741251325557,68.88547189819724,2.007942735949099,52.649724284199365,-21206785673.796085,507.3582502651113,8.698907741251325
std,228.6925646486875,39.69179533827347,3.9215951310805943,16.405931781748762,1.2476661052113036,29.281773461257885,460240738473.4371,228.83295860880986,5.1127632823235505
min,1.0,2.12,16.99,27.0,0.0,0.51,-9998999486464.0,18.08,0.0
25%,236.5,89.86,26.99,58.0,1.03,30.595,55.31,320.645,4.59
50%,445.0,122.2,28.99,70.0,2.06,44.15,79.78,493.64,8.3
75%,626.5,158.66,31.99,83.0,2.5599999999999996,70.685,111.52,653.45,12.035
max,798.0,232.49,38.99,100.0,8.84,182.28,663.85,1324.55,26.91
