,id,aqi,temperature,humidity,wind_speed,pm2_5,pm10,co,no2
count,870.0,870.0,870.0,870.0,870.0,870.0,870.0,870.0,870.0
mean,398.81954022988504,119.16680459770114,29.378494252873566,69.47126436781609,2.0793448275862065,48.0853908045977,-22986205635.726383,486.2020689655173,8.575632183908045
std,214.4043013814825,37.47705495373806,3.6781750377241766,16.320396129229046,1.2443424680730322,24.124393964188737,479139408021.6756,213.63299479801893,5.140711937089723
min,1.0,2.12,18.99,27.0,0.0,0.51,-9998999486464.0,18.08,0.0
25%,218.25,87.87,26.99,58.0,1.03,29.6325,53.572500000000005,312.9325,4.359999999999999
50%,413.5,114.025,28.99,73.0,2.06,40.845,76.61,475.485,8.094999999999999
75%,582.75,155.6375,31.99,83.0,2.57,64.555,103.605,633.0,11.95
max,746.0,187.49,38.99,100.0,8.84,126.18,663.85,1179.69,26.91
