,id,aqi,temperature,humidity,wind_speed,pm2_5,pm10,co,no2
count,983.0,983.0,983.0,983.0,983.0,983.0,983.0,983.0,983.0
mean,443.3448626653103,125.10136317395727,28.687853509664297,68.06205493387588,2.007405900305188,53.5736520854527,-20343844237.02129,515.1754323499491,8.834272634791455
std,236.71159867786756,39.666597895049726,4.22619642502782,16.88403042372648,1.2512215965820515,29.4823620333962,450789243712.2769,232.86439532083415,5.210742766452822
min,1.0,2.12,13.99,20.0,0.0,0.51,-9998999486464.0,18.08,0.0
25%,246.5,90.65,26.78,56.0,1.03,30.990000000000002,56.515,327.445,4.6899999999999995
50%,460.0,124.61,28.99,70.0,2.06,45.27,81.7,500.1,8.41
75%,647.5,159.285,31.99,83.0,2.57,71.58,114.21,663.85,12.29
max,830.0,232.49,38.99,100.0,8.84,182.28,663.85,1324.55,26.91
