,id,aqi,temperature,humidity,wind_speed,pm2_5,pm10,co,no2
count,863.0,863.0,863.0,863.0,863.0,863.0,863.0,863.0,863.0
mean,396.0208574739282,118.83208574739281,29.407137891077635,69.56083429895713,2.0866628041714947,47.87705677867903,-23172652264.034645,485.31901506373123,8.578308227114716
std,212.99735743533978,37.440158168368534,3.664246587189467,16.28496795224633,1.2433258429825718,24.092574462427855,481076440407.4744,213.7331207030293,5.152551946961693
min,1.0,2.12,18.99,27.0,0.0,0.51,-9998999486464.0,18.08,0.0
25%,216.5,87.595,26.99,58.0,1.03,29.58,53.364999999999995,312.90999999999997,4.35
50%,410.0,113.71,28.99,73.0,2.06,40.67,76.29,474.16,8.09
75%,577.5,155.59,31.99,83.0,2.57,64.41499999999999,102.77000000000001,632.71,11.969999999999999
max,741.0,187.49,38.99,100.0,8.84,126.18,663.85,1179.69,26.91
