,id,aqi,temperature,humidity,wind_speed,pm2_5,pm10,co,no2
count,435.0,435.0,435.0,435.0,435.0,435.0,435.0,435.0,435.0
mean,213.83218390804598,109.50724137931034,29.971885057471265,76.1287356321839,2.3587816091954026,41.12264367816092,71.91236781609196,459.15321839080457,9.30193103448276
std,119.80580243967712,34.74769499001367,3.0180856745346896,11.378773066912338,1.1948403420453175,19.630703935520973,43.14917027629387,212.88279561288908,5.601594896718065
min,1.0,2.12,22.99,46.0,0.0,0.51,2.78,18.08,0.0
25%,109.5,83.285,27.99,68.0,1.54,27.52,45.845,286.885,4.6850000000000005
50%,218.0,104.52,29.99,79.0,2.06,36.96,66.34,432.86,8.76
75%,318.5,143.14499999999998,31.99,84.0,3.09,52.879999999999995,90.47,608.565,13.035
max,413.0,187.49,38.99,100.0,8.23,126.18,663.85,1179.69,26.91
