,id,aqi,temperature,humidity,wind_speed,pm2_5,pm10,co,no2
count,769.0,769.0,769.0,769.0,769.0,769.0,769.0,769.0,769.0
mean,357.9232769830949,113.2392977893368,29.768920676202864,71.50455136540963,2.2098049414824446,43.59713914174252,-26005200150.312744,464.49135240572167,8.438049414824448
std,193.7222240619217,35.65265940183039,3.4479798214560797,15.110971200166686,1.2186525979995146,21.052163391715823,509595337692.751,204.5411573224167,5.204824994321455
min,1.0,2.12,19.99,29.0,0.0,0.51,-9998999486464.0,18.08,0.0
25%,195.0,84.54,27.47,62.0,1.54,28.11,49.32,302.81,4.09
50%,370.0,108.24,28.99,74.0,2.06,38.48,71.85,441.26,7.87
75%,528.0,151.81,31.99,83.0,3.09,57.12,93.51,614.36,11.94
max,669.0,187.49,38.99,100.0,8.84,126.18,663.85,1179.69,26.91
