,id,aqi,temperature,humidity,wind_speed,pm2_5,pm10,co,no2
count,329.0,329.0,329.0,329.0,329.0,329.0,329.0,329.0,329.0
mean,164.4164133738602,104.3892705167173,30.288237082066875,75.51063829787235,2.405440729483283,38.237416413373865,76.38407294832827,407.9600911854103,8.740060790273557
std,93.35504531559815,33.6278613627463,2.9322204904468467,11.269185911844916,1.1510299749945923,17.95788344309956,46.65511759051633,197.64891921938056,5.535510695033464
min,1.0,2.12,22.99,46.0,0.0,0.51,2.78,18.08,0.0
25%,83.0,78.4,27.99,66.0,2.06,25.23,51.82,246.32,3.68
50%,167.0,99.52,29.99,78.0,2.06,35.57,70.89,362.72,8.03
75%,247.0,128.97,32.99,83.0,3.09,47.1,93.48,559.11,12.5
max,322.0,183.63,38.99,100.0,8.23,118.7,663.85,1168.94,26.91
