,id,aqi,temperature,humidity,wind_speed,pm2_5,pm10,co,no2
count,360.0,360.0,360.0,360.0,360.0,360.0,360.0,360.0,360.0
mean,179.075,105.88394444444445,30.287555555555556,75.375,2.3913055555555554,39.20466666666667,74.83888888888889,420.39311111111107,8.775583333333334
std,101.26133452152791,34.05223248252981,2.8803946112784873,11.193956661438419,1.1550982863906134,18.84046150869782,45.54101460242471,196.28758052198376,5.412152496451555
min,1.0,2.12,22.99,46.0,0.0,0.51,2.78,18.08,0.0
25%,90.75,79.43,27.99,66.0,2.06,26.174999999999997,48.800000000000004,264.9,3.9850000000000003
50%,182.5,101.53,29.99,78.0,2.06,35.745,69.945,377.15,8.14
75%,267.25,132.9075,32.24,83.0,3.09,48.615,92.5,571.3175,12.175
max,347.0,187.49,38.99,100.0,8.23,126.18,663.85,1168.94,26.91
