,id,aqi,temperature,humidity,wind_speed,pm2_5,pm10,co,no2
count,1339.0,1339.0,1339.0,1339.0,1339.0,1339.0,1339.0,1339.0,1339.0
mean,585.9910380881255,165.17864077669904,25.520985810306204,66.83121732636296,1.772890216579537,98.64662434652725,-14935025223.774794,716.3201045556385,10.448595967139656
std,315.7122181716804,87.56510753173893,6.8145067441793,17.816366384529736,1.2565012147178063,93.7433853911329,386294835821.9772,462.34675833322837,6.092135718176613
min,1.0,2.12,7.99,20.0,0.0,0.51,-9998999486464.0,18.08,0.0
25%,327.5,101.61500000000001,20.99,55.0,1.03,35.769999999999996,65.465,382.14,5.57
50%,597.0,155.59,26.99,70.0,2.06,64.44,104.51,606.36,10.19
75%,847.0,184.115,29.99,82.0,2.06,119.63499999999999,196.595,889.775,14.64
max,1151.0,493.9,38.99,100.0,8.84,491.16,663.85,2794.89,28.32
