,id,aqi,temperature,humidity,wind_speed,pm2_5,pm10,co,no2
count,382.0,382.0,382.0,382.0,382.0,382.0,382.0,382.0,382.0
mean,189.3717277486911,107.78759162303665,30.257329842931934,75.23298429319372,2.3922774869109946,40.02356020942408,73.88795811518325,428.3503664921467,8.821439790575916
std,106.78542291747135,34.264342024063104,2.8908762607486485,11.239957827456793,1.1981165431137768,18.83675847130655,44.48717183960962,195.31211431255528,5.383184011348661
min,1.0,2.12,22.99,46.0,0.0,0.51,2.78,18.08,0.0
25%,96.25,82.08250000000001,27.99,66.0,1.54,27.2975,49.045,268.765,4.035
50%,193.5,102.785,29.99,78.0,2.06,36.29,67.41499999999999,388.935,8.184999999999999
75%,281.75,139.23,32.74,83.0,3.09,51.175,91.8825,590.6325,12.355
max,367.0,187.49,38.99,100.0,8.23,126.18,663.85,1168.94,26.91
