,id,aqi,temperature,humidity,wind_speed,pm2_5,pm10,co,no2
count,1315.0,1315.0,1315.0,1315.0,1315.0,1315.0,1315.0,1315.0,1315.0
mean,575.8798479087452,163.22257794676807,25.715467680608363,66.68441064638783,1.7809733840304183,96.58955133079846,-15207603635.492908,703.1399239543726,10.404456273764259
std,309.49265084230257,85.74567460529167,6.704108022246857,17.72519877324879,1.260594962956172,91.61517862431286,389801358128.5015,451.19793517859887,6.092747521763408
min,1.0,2.12,7.99,20.0,0.0,0.51,-9998999486464.0,18.08,0.0
25%,322.0,101.21000000000001,21.99,55.0,1.03,35.629999999999995,64.78999999999999,377.655,5.529999999999999
50%,587.0,155.08,26.99,70.0,2.06,63.42,102.38,599.88,10.05
75%,833.5,182.18,29.99,82.0,2.06,115.88499999999999,192.765,869.235,14.57
max,1128.0,493.9,38.99,100.0,8.84,491.16,663.85,2794.89,28.32
